regulator,target
ADNP,BMP1
ADNP,XRCC5
ADNP,SIRT6
ADNP,SNX2
ADNP,ZC3H11A
ADNP,POFUT2
ADNP,MED1
ADNP,CDK7
ADNP,UTF1
ADNP,AKT1
ADNP,CBX2
ADNP,IFITM1
ADNP,POLE4
ADNP,SMARCA5
ADNP,ADAM19
ADNP,SH3GLB1
ADNP,BSG
ADNP,ZFP990
ADNP,EMP2
ADNP,FKBP5
ADNP,RRBP1
ADNP,STX3
ADNP,MKRN1
ADNP,SRSF1
ADNP,SMC3
ADNP,ZFP217
ADNP,GLMP
ADNP,SUPT5
ADNP,ATF7IP
ADNP,DMAP1
ADNP,DAP
AEBP2,INO80
AEBP2,TAF3
AEBP2,RAF1
AEBP2,SMARCA5
AEBP2,YEATS4
AEBP2,EPOP
AEBP2,ERP29
AEBP2,SMARCA4
AEBP2,NACC1
AEBP2,HSP90AA1
AEBP2,ANP32A
AEBP2,SRSF1
AEBP2,MBD3
AEBP2,LAMP1
AEBP2,DPF2
AEBP2,RAD23B
AEBP2,SAP18
AEBP2,RRBP1
AEBP2,GTF3C1
AEBP2,SMARCC1
AEBP2,OSBP
AEBP2,RTN3
AEBP2,DPY30
AEBP2,CNOT3
AEBP2,SETD1A
AEBP2,CDC5L
AEBP2,DGCR8
AEBP2,PLA2G15
AEBP2,SLC39A8
AEBP2,FUT8
AEBP2,SDCBP
AEBP2,JARID2
AEBP2,RAD21
AEBP2,P4HA1
AEBP2,BEND5
AEBP2,ADGRA2
AEBP2,PARP1
AEBP2,COL4A2
AEBP2,COL4A1
AEBP2,FBRSL1
AEBP2,GNAS
AEBP2,CRTC3
AEBP2,SUPT5
AEBP2,PRDX1
AEBP2,MORC3
AEBP2,TGFBR3
AEBP2,HDAC2
AEBP2,ARPC5
AEBP2,FHDC1
AEBP2,P4HB
AEBP2,CTCF
AEBP2,COBLL1
AEBP2,MCRS1
AEBP2,TMBIM6
AEBP2,FGF3
AEBP2,HNRNPL
AEBP2,PDIA5
AEBP2,RBMXL2
AEBP2,ABHD5
AEBP2,NPM1
AEBP2,GMNN
AEBP2,SLC16A1
AEBP2,RPN2
AEBP2,DARS
AEBP2,PRKCE
AEBP2,TRIM28
AEBP2,HSPA4
AEBP2,ESRRB
AEBP2,IHH
AEBP2,SHTN1
AEBP2,ARPC2
AEBP2,CLTC
AEBP2,SH3GLB1
AEBP2,LRP2
AEBP2,AP2A2
AEBP2,PLOD2
AEBP2,KDM4C
AEBP2,ARHGAP29
AEBP2,POFUT2
AEBP2,TMED3
AEBP2,SFRP1
AEBP2,BRD2
AEBP2,ZFP143
AEBP2,KHDC3
AEBP2,PTH1R
AEBP2,SMAD1
AEBP2,HDLBP
AEBP2,CHST15
AEBP2,TMEM30A
AEBP2,KLF5
AEBP2,GTF2B
AEBP2,JUN
AEBP2,GPC6
AEBP2,RBPMS2
AEBP2,CPD
AEBP2,MSL2
AEBP2,BMP1
AEBP2,ACTL6A
AEBP2,GORASP2
AEBP2,APP
AEBP2,SLC25A4
AEBP2,RAP1GDS1
AEBP2,FST
AEBP2,MPHOSPH8
AEBP2,CDC16
AEBP2,ZBTB44
AEBP2,NCAPD3
AEBP2,ZFHX3
AEBP2,PTP4A1
AEBP2,GALNT7
AEBP2,DNAJC10
AEBP2,STAG1
AEBP2,DAP
AEBP2,DROSHA
AEBP2,LAMC1
AEBP2,EIF2S2
AEBP2,ZFP281
AEBP2,MAN1A
AEBP2,KDM1A
AEBP2,MTF2
AEBP2,SRSF2
AEBP2,KMT2C
AEBP2,SET
AEBP2,TDG
AEBP2,SLC7A6
AEBP2,SUMO2
AEBP2,EXT2
AEBP2,PPIB
AEBP2,RRN3
AEBP2,TMED9
AEBP2,MFSD1
AEBP2,HNF1B
AEBP2,RPN1
AEBP2,MSH6
AEBP2,FGF10
AEBP2,NCAPG
AEBP2,RBBP7
AEBP2,NFYC
AEBP2,BMPER
AEBP2,SARAF
AEBP2,GDPD5
AEBP2,ETV5
AEBP2,P3H2
AEBP2,ZFYVE21
AEBP2,ITPK1
AEBP2,TPM4
AEBP2,BRD4
AEBP2,TFRC
AEBP2,ASPH
AEBP2,ARHGEF28
AEBP2,GNS
AEBP2,TET2
AEBP2,PSEN1
AEBP2,PDCD6IP
AEBP2,IKBIP
AEBP2,CTDSPL
AEBP2,APAF1
AEBP2,RFFL
AEBP2,OBSL1
AEBP2,CHD1
AEBP2,EP300
AEBP2,CD63
AEBP2,WDR82
AEBP2,MAP1A
AEBP2,SNX7
AEBP2,SELENOS
AEBP2,FBXW8
AEBP2,COL27A1
AEBP2,ALDH2
AEBP2,SSR1
AEBP2,DRAM1
AEBP2,DCLK2
AEBP2,SMYD2
AEBP2,COMMD3
AEBP2,FRMD4A
AEBP2,ZFP384
AEBP2,CBFA2T2
AEBP2,AARS
AEBP2,ITGB1
AEBP2,CDK8
AEBP2,SAP30
AEBP2,BTAF1
AEBP2,TMEM165
AEBP2,PHLDB2
AEBP2,FBXO22
AEBP2,CDC42SE2
AEBP2,RIF1
AEBP2,PRKAA2
AEBP2,RANBP17
AEBP2,KLF2
AEBP2,GSR
AEBP2,GNAI3
AEBP2,LRRC59
AEBP2,SPOCK1
AEBP2,ADAM23
AEBP2,PATJ
AEBP2,KANSL3
AEBP2,CALM1
AEBP2,AMFR
AEBP2,TCF12
AEBP2,NELFA
AEBP2,SEC24D
AEBP2,SLC39A7
AEBP2,REEP5
AEBP2,POLE4
AEBP2,PCOLCE2
AEBP2,KDM2A
AEBP2,NFYA
AEBP2,ATP6V0E
AEBP2,GNG10
AEBP2,IGFBP2
AEBP2,E4F1
AEBP2,COLGALT1
AEBP2,P4HA2
AEBP2,ADNP
AEBP2,ZFP217
AEBP2,ZBTB2
AEBP2,MYBL2
AEBP2,MARC2
AEBP2,LRRC58
AEBP2,GFPT1
AEBP2,CBX5
AEBP2,BAZ1B
AEBP2,MSH2
AEBP2,ENOX1
AEBP2,CBX3
AEBP2,DERL1
AEBP2,CREBBP
AEBP2,MTA2
AEBP2,SS18
AEBP2,RNF138
AEBP2,NFXL1
AEBP2,VAMP3
AEBP2,PURB
AEBP2,MED1
AEBP2,NSL1
AEBP2,COPB1
AEBP2,SMAD3
AEBP2,GXYLT1
AEBP2,CHMP4B
AEBP2,PARVA
AEBP2,ARF4
AEBP2,TENM4
AEBP2,TCF15
AEBP2,PTPN14
AEBP2,NUP210
AEBP2,KDELC2
AEBP2,CCDC88C
AEBP2,ITGAV
AEBP2,BMPR2
AEBP2,PARD6B
AEBP2,FOXA2
AEBP2,EP400
AEBP2,SH3PXD2B
AEBP2,PWP1
AEBP2,P3H4
AEBP2,MSX2
AEBP2,LAMA1
AEBP2,CBX1
AEBP2,MAN1A2
AEBP2,L3MBTL3
AEBP2,ADAM10
AEBP2,TXNDC12
AEBP2,SUMO1
AEBP2,P3H1
AEBP2,SUPT16
AEBP2,SETX
AEBP2,NOTUM
AEBP2,PDE4DIP
AEBP2,MAPKAPK2
AEBP2,F3
AEBP2,SMAD2
AEBP2,TXNDC5
AEBP2,FAM114A1
AEBP2,SOD1
AEBP2,FKBP5
AEBP2,HS3ST1
AEBP2,RER1
AEBP2,MVB12B
AEBP2,ANO10
AEBP2,XPNPEP1
AEBP2,EMP2
AEBP2,APPBP2
AEBP2,SSRP1
AEBP2,SEC24A
AEBP2,MED26
AEBP2,GGA2
AEBP2,GLDC
AEBP2,TTC39B
AEBP2,RPP25
AEBP2,RNF2
AEBP2,KMT2D
AEBP2,HSF2BP
AEBP2,TNKS
AEBP2,MBD2
AEBP2,PRDM15
AEBP2,PDIA3
AEBP2,EED
AEBP2,CDC73
AEBP2,PDIA6
AEBP2,KDM5B
AEBP2,FN1
AEBP2,TRAM1
AEBP2,PDGFRA
AEBP2,MAPK8
AEBP2,USP16
AEBP2,TMED10
AEBP2,TIMP3
AEBP2,NCOR1
AEBP2,STT3A
AEBP2,QSOX1
AEBP2,PXDN
AEBP2,LMNB1
AEBP2,ELL2
AEBP2,TEX264
AEBP2,RXRA
AEBP2,LYN
AEBP2,IMPDH2
AEBP2,BRD9
AEBP2,TMOD3
AEBP2,RBPJ
AEBP2,KDELR2
AEBP2,GSN
AEBP2,GOT1
AEBP2,DNAJC3
AEBP2,ELOB
AEBP2,TPD52
AEBP2,PHF5A
AEBP2,FUT9
AEBP2,CALR
AEBP2,RUVBL1
AEBP2,LY75
AEBP2,IER2
AEBP2,TAX1BP3
AEBP2,MAFK
AEBP2,AFF3
AEBP2,XRCC5
AEBP2,UBA2
AEBP2,TGIF2
AEBP2,NFYB
AEBP2,ITGA6
AEBP2,COPG1
AEBP2,RRAS2
AEBP2,BSG
AEBP2,ZFP57
AEBP2,TBRG1
AEBP2,SERBP1
AEBP2,PRSS35
AEBP2,NRF1
AEBP2,MAX
AEBP2,UHRF1
AEBP2,KAT8
AEBP2,ZIC2
AEBP2,TMEM9B
AEBP2,COPA
AEBP2,CAR2
AEBP2,TM9SF3
AEBP2,ANK
AEBP2,WDR5
AEBP2,STARD10
AEBP2,RCOR1
AEBP2,TMED2
AEBP2,RYBP
AEBP2,EDEM1
AEBP2,DR1
AEBP2,SNURF
AEBP2,SNRPN
AEBP2,SMARCAD1
AEBP2,SLC35F5
AEBP2,FGFR1
AEBP2,EZH2
AEBP2,BAG2
AEBP2,NMNAT2
AEBP2,MYH9
AEBP2,DDX21
AEBP2,ZFP428
AEBP2,SEC23A
AEBP2,ELL3
AEBP2,SNX2
AEBP2,PLEKHF2
AEBP2,SOAT1
AEBP2,E2F1
AEBP2,ME1
AEBP2,KAT6B
AEBP2,EFEMP2
AEBP2,SETDB1
AEBP2,SETD7
AEBP2,NASP
AEBP2,GLO1
AEBP2,B4GALT1
AEBP2,B4GALNT4
AEBP2,ACBD3
AEBP2,WDR11
AEBP2,HIRA
AEBP2,CBX7
AEBP2,DUSP6
AEBP2,DNMT3B
AEBP2,TIMP2
AEBP2,MPRIP
AEBP2,H13
AEBP2,GNPTAB
AEBP2,DICER1
AEBP2,SMC3
AEBP2,REST
AEBP2,PHF19
AEBP2,NIPBL
AEBP2,EPAS1
AEBP2,USP28
AEBP2,DTX1
AEBP2,SUZ12
AEBP2,SSR3
AEBP2,SOX17
AEBP2,ELL
AEBP2,COTL1
AEBP2,SRI
AEBP2,RAB2A
AEBP2,CPOX
AEBP2,BAZ1A
AEBP2,SURF4
AEBP2,MSL3
AEBP2,CBX2
AEBP2,HDAC1
AEBP2,RAB11A
AEBP2,MYDGF
AEBP2,FNDC3B
AEBP2,FGF4
AEBP2,TCEA3
AEBP2,MCAM
AEBP2,ETV4
AEBP2,ARF1
AEBP2,METTL3
AEBP2,TET3
AEBP2,GATA4
AEBP2,GABBR1
AEBP2,E2F4
AEBP2,SPNS2
AEBP2,PHC1
AEBP2,ZFX
AEBP2,PHRF1
AEBP2,BCLAF3
AEBP2,SMARCA2
AEBP2,MSL1
AEBP2,MOV10
AEBP2,APEX1
AEBP2,ALPL
AEBP2,IRF2BPL
AEBP2,FGFR4
AEBP2,TMEM214
AEBP2,YY1
AEBP2,TFCP2L1
AEBP2,RETREG1
AEBP2,DOCK5
AEBP2,ATP6V0A1
AEBP2,THAP11
AEBP2,FZD5
AEBP2,FRS2
AEBP2,DDB1
AEBP2,ARL8A
AEBP2,KDELR3
AEBP2,JAM2
AEBP2,ILK
AEBP2,HSP90AB1
AFF3,CXXC1
AFF3,SUPT5
AFF3,YY1
AFF3,RAB11A
AFF3,METTL3
AFF3,POU5F1
AFF3,CBX3
AFF3,FOXH1
AFF3,ZC3H11A
AFF3,DAXX
AFF3,NELFA
AFF3,TMED10
AFF3,ACP6
AFF3,NFYC
AFF3,LAMP1
AFF3,SALL4
AFF3,WDR46
AFF3,TGIF1
AFF3,RDM1
AFF3,CHMP4B
AFF3,ZFP143
AFF3,KMT2B
AFF3,HDAC2
AFF3,IRF2BPL
AFF3,HCFC1
AFF3,SRSF1
AFF3,HMGA1
AFF3,FUT9
AFF3,NCAPH2
AFF3,LMF2
AFF3,MTF2
AFF3,KCTD10
AFF3,SNURF
AFF3,SNRPN
AFF3,MFSD1
AFF3,HSP90AB1
AFF3,NANOG
AFF3,SETDB1
AFF3,DERL1
AFF3,TET3
AFF3,DICER1
AFF3,EP300
AFF3,TRP53
AFF3,PDIA5
AFF3,PHF5A
AFF3,RIF1
AFF3,ADNP
AFF3,RAD23B
AFF3,CBX7
AFF3,KDM2A
AFF3,BRD2
AFF3,PLOD3
AFF3,SMARCA4
AFF3,GABARAP
AFF3,FUT8
AFF3,ZFP710
AFF3,SERBP1
AFF3,CST3
AFF3,TGIF2
AFF3,HDLBP
AFF3,MAX
AFF3,JARID2
AFF3,TCEA3
AFF3,ZFX
AFF3,OTX2
AFF3,TPD52
AFF3,KLHDC3
AFF3,UBA2
AFF3,ETV1
AFF3,SLC39A7
AFF3,NRF1
AFF3,TMED9
AFF3,ZFHX3
AFF3,SRSF2
AFF3,TLE4
AFF3,ZFP532
AFF3,PAF1
AFF3,OPLAH
AFF3,ALPL
AFF3,KDM2B
AFF3,TMOD3
AFF3,SET
AFF3,SAP30
AFF3,ZFP384
AFF3,RAF1
AFF3,RBPJ
AFF3,THAP11
AFF3,RASGRP2
AFF3,RCC2
AFF3,MYL6
AFF3,ELL
AFF3,EIF2S2
AFF3,UPP1
AFF3,NSL1
AFF3,ADGRA2
AFF3,KMT2D
AFF3,INO80
AFF3,CCND1
AFF3,SALL1
AFF3,TMEM59
AFF3,HEXIM1
AFF3,ERAS
AFF3,NUCB1
AFF3,TMEM214
AFF3,FGFR1
AFF3,KAT8
AFF3,TMEM165
AFF3,ELOB
AFF3,MED1
AFF3,ADAM19
AFF3,BMI1
AFF3,PTOV1
AFF3,MYMX
AFF3,TBRG1
AFF3,CLTC
AFF3,ERF
AFF3,MEN1
AFF3,NFYA
AFF3,SMARCA5
AFF3,SAP18
AFF3,SOX2
AFF3,NCAPD3
AFF3,ZMYND8
AFF3,ZBTB2
AFF3,CREB3
AFF3,GATA6
AFF3,DAB2
AFF3,KAT6B
AFF3,RTN3
AFF3,NACC1
AFF3,LAMB1
AFF3,TXNDC12
AFF3,NPM1
AFF3,TAX1BP3
AFF3,TAF3
AFF3,RER1
AFF3,SLC25A4
AFF3,CD63
AFF3,TFRC
AFF3,MSL2
AFF3,ETV5
AFF3,BAZ1B
AFF3,SARAF
AFF3,ZCCHC24
AFF3,ATP6V0A1
AFF3,NCOR1
AFF3,MED23
AFF3,TBP
AFF3,MBD3
AFF3,ZIC2
AFF3,ZIC3
AFF3,KMT2C
AFF3,KLF2
AFF3,TSPAN9
AFF3,CALM1
AFF3,ELL2
AFF3,ATRX
AFF3,ZFP42
AFF3,CTDSPL
AFF3,PRDX1
AFF3,CHST15
AFF3,SH3GLB1
AFF3,IMPDH2
AFF3,CALR
AFF3,NONO
AFF3,MOV10
AFF3,DMAP1
AFF3,MSH6
AFF3,FN1
AFF3,CDC16
AFF3,CPOX
AFF3,PCGF2
AFF3,MDN1
AFF3,MBD2
AFF3,BSG
AFF3,FABP3
AFF3,VKORC1
AFF3,MPHOSPH8
AFF3,CBX5
AFF3,NFXL1
AFF3,JUN
AFF3,SORD
AFF3,DDOST
AFF3,HSP90AA1
AFF3,DUSP27
AFF3,SSR3
AFF3,NASP
AFF3,SUZ12
AFF3,XRCC5
AFF3,STAG2
AFF3,FNDC3B
AFF3,EZH2
AFF3,SMARCAD1
AFF3,MYDGF
AFF3,LAMA1
AFF3,TMED2
AFF3,SELENOW
AFF3,SPP1
AFF3,TFE3
AFF3,STAT3
AFF3,KDM5B
AFF3,RBBP7
AFF3,ARF1
AFF3,MKRN1
AFF3,KAT5
AFF3,CDK9
AFF3,RARA
AFF3,GNS
AFF3,MAPKAPK2
AFF3,ARF4
AFF3,XBP1
AFF3,MAP1A
AFF3,OSBP
AFF3,DDB1
AFF3,PHC1
AFF3,HIRIP3
AFF3,APPBP2
AFF3,SETD7
AFF3,P3H1
AFF3,USP28
AFF3,IER2
AFF3,PKNOX1
AFF3,LRP2
AFF3,FBLIM1
AFF3,FBXW8
AFF3,RBBP5
AFF3,GCNT2
AFF3,COPA
AFF3,SLC35F5
AFF3,TCOF1
AFF3,COTL1
AFF3,ARHGAP1
AFF3,SMC3
AFF3,UTP14A
AFF3,HNRNPL
AFF3,SUMO2
AFF3,PNP
AFF3,MSH2
AFF3,YEATS4
AFF3,GLI1
AFF3,PRDM15
AFF3,PDIA3
AFF3,P4HA1
AFF3,MMGT1
AFF3,GTF2B
AFF3,CTSL
AFF3,PATJ
AFF3,CDK7
AFF3,TIMP3
AFF3,SUPT16
AFF3,KDELR1
AFF3,CTBP2
AFF3,OGT
AFF3,OAT
AFF3,ARHGEF28
AFF3,LRPAP1
AFF3,GALNT7
AFF3,TMEM30A
AFF3,SOD1
AFF3,SNX2
AFF3,TPM4
AFF3,SLC16A1
AFF3,RRBP1
AFF3,MSL1
AFF3,TDH
AFF3,DPF2
AFF3,PAFAH1B3
AFF3,EP400
AFF3,ILK
AFF3,ARID1A
AFF3,IGFBP2
AFF3,PSEN1
AFF3,2410141K09RIK
AFF3,SEMA4C
AFF3,TDG
AFF3,LRRC34
AFF3,RRAS2
AFF3,EDEM1
AFF3,WDR11
AFF3,TGOLN1
AFF3,SUMO1
AFF3,RNF138
AFF3,MED12
AFF3,KDELC2
AFF3,CDC42SE2
AFF3,PLEKHF2
AFF3,MORC3
AFF3,UBTF
AFF3,SETD1A
AFF3,USP16
AFF3,UBQLN2
AFF3,KRT42
AFF3,TFCP2L1
AFF3,AP2A2
AFF3,STAG1
AFF3,SSR1
AFF3,SEC11A
AFF3,POLE4
AFF3,NIPBL
AFF3,GFPT2
AFF3,ZFP819
AFF3,ZFYVE21
AFF3,AGPAT4
ARID1A,PIPOX
ARID1A,MSH6
ARID1A,RIF1
ARID1A,ITGB1
ARID1A,MTF2
ARID1A,LRPAP1
ARID1A,ACP6
ARID1A,ETV1
ARID1A,GSTA4
ARID1A,ZFP42
ARID1A,UPP1
ARID1A,SPP1
ARID1A,GCNT2
ARID1A,LAMC1
ARID1A,IMPDH2
ARID1A,PLOD1
ARID1A,NR5A2
ARID1A,SLC7A3
ARID1A,SERPING1
ARID1A,PATJ
ARID1A,ST5
ARID1A,ZFP819
ARID1A,CHD7
ARID1A,TGIF2
ARID1A,HSPB1
ARID1A,RBPJ
ARID1A,LAMB2
ARID1A,DARS
ARID1A,TSPAN9
ARID1A,ZMYND8
ARID1A,IFITM1
ARID1A,FBRSL1
ARID1A,CBFA2T2
ARID1A,PLEKHF2
ARID1A,MBD2
ARID1A,LMNB1
ARID1A,FABP3
ARID1A,RNF2
ARID1A,MSH2
ARID1A,CTSD
ARID1A,SMARCA5
ARID1A,2200002D01RIK
ARID1A,TPD52
ARID1A,PDK1
ARID1A,SERPINH1
ARID1A,SET
ARID1A,PRDX1
ARID1A,NFYC
ARID1A,POLE4
ARID1A,STAT3
ARID1A,ARHGAP29
ARID1A,ZFP428
ARID1A,USP28
ARID1A,SFRP1
ARID1A,ETV5
ARID1A,LRRC34
ARID1A,EP400
ARID1A,DGCR8
ARID1A,DDB1
ARID1A,FOXH1
ARID1A,CST3
ARID1A,MAP1A
ARID1A,TFRC
ARID1A,SH3PXD2B
ARID1A,TAX1BP3
ARID1A,PTPN14
ARID1A,MBD3
ARID1A,GABBR1
ARID1A,COPG1
ARID1A,LGALS3
ARID1A,MYMX
ARID1A,PHC1
ARID1A,ELL
ARID1A,ADNP
ARID1A,TUBB2B
ARID1A,SETDB1
ARID1A,SARAF
ARID1A,AMPD2
ARID1A,MCRS1
ARID1A,BSG
ARID1A,HIRA
ARID1A,ARPC5
ARID1A,XPNPEP1
ARID1A,CLTC
ARID1A,HMGA1
ARID3A,OGT
ARID3A,RUVBL2
ARID3A,RDM1
ARID3A,MTF2
ARID3A,TCF3
ARID3A,MED23
ARID3A,MYMX
ARID3A,TLE4
ARID3A,GABARAP
ARID3A,ADNP
ARID3A,KAT8
ARID3A,KANSL3
ARID3A,GORASP2
ARID3A,MDN1
ARID3A,SH3GLB1
ARID3A,IMPDH2
ARID3A,MYL6
ARID3A,ARHGAP1
ARID3A,CLTC
ARID3A,KDM1A
ARID3A,LRRC59
ARID3A,STAT3
ARID3A,NR4A1
ARID3A,KMT2C
ARID3A,GCNT2
ARID3A,DUSP6
ARID3A,CALM1
ARID3A,GNB2
ARID3A,LRPAP1
ARID3A,CDC73
ARID3A,TAF3
ARID3A,B4GALT1
ARID3A,KDELC2
ARID3A,XRCC5
ARID3A,TBRG1
ARID3A,SMARCA5
ARID3A,PHC1
ARID3A,PTPN21
ARID3A,PRDM14
ARID3A,SPP1
ARID3A,OTX2
ARID3A,TRAM1
ARID3A,RBPJ
ARID3A,UPP1
ARID3A,RIF1
ARID3A,NR5A2
ARID3A,PTP4A1
ARID3A,NANOG
ARID3A,MKRN1
ARID3A,GLIPR2
ATF7IP,LAMP1
ATF7IP,MFSD1
ATF7IP,SH3GLB1
ATF7IP,APEX1
ATF7IP,SMARCA5
ATF7IP,TMED9
ATF7IP,PLOD2
ATF7IP,TBRG1
ATRX,MED23
ATRX,KANSL3
ATRX,GORASP2
ATRX,MFSD1
ATRX,SETDB1
ATRX,DARS
ATRX,KDM1A
ATRX,MBD2
ATRX,SH3GLB1
ATRX,GTF2B
ATRX,RANBP17
ATRX,CDC73
ATRX,CLTC
ATRX,ZBTB44
ATRX,TCF12
ATRX,LAMP1
ATRX,POLE4
ATRX,HDAC2
ATRX,ELL2
ATRX,PWP1
ATRX,COPB1
ATRX,RNF2
ATRX,STAG1
ATRX,MORC3
ATRX,DDOST
ATRX,RAF1
ATRX,PNP
ATRX,NFYC
ATRX,NELFA
ATRX,SMARCA5
ATRX,NSL1
ATRX,APP
ATRX,NUP210
ATRX,EP400
ATRX,CDK8
ATRX,ASPH
ATRX,DPY30
ATRX,FBXW8
ATRX,SAP18
ATRX,DR1
ATRX,SETD1A
ATRX,NFYB
ATRX,TAF3
ATRX,RPN1
ATRX,ITGB1
ATRX,DERL1
ATRX,TFRC
ATRX,PRDX1
ATRX,BAZ1B
ATRX,CDC5L
ATRX,CD63
ATRX,DNAJC10
ATRX,MED26
ATRX,SETX
ATRX,PHLDB2
ATRX,FBRSL1
ATRX,SLC16A1
ATRX,FUT8
ATRX,PRDM15
ATRX,KAT6B
ATRX,AP2A2
ATRX,MAPK8
ATRX,TET3
ATRX,EED
ATRX,P4HA1
ATRX,EDEM1
ATRX,SARAF
ATRX,KLF2
ATRX,ATP6V0E
ATRX,KDELR2
ATRX,SIK1
ATRX,FBXO22
ATRX,HSP90AB1
ATRX,RRBP1
ATRX,HSP90AA1
ATRX,EZH2
ATRX,GNG10
ATRX,SEC24A
ATRX,ZFP217
ATRX,PDIA5
ATRX,ZFP384
ATRX,SUPT5
ATRX,ENOX1
ATRX,SMAD1
ATRX,ETV5
ATRX,CALU
ATRX,E4F1
ATRX,CALM1
ATRX,ARHGAP29
ATRX,DGCR8
ATRX,P3H4
ATRX,FGFR1
ATRX,TNKS
ATRX,PLEKHF2
ATRX,BTAF1
ATRX,ITGA6
ATRX,CDC16
ATRX,MBD3
ATRX,TXNDC12
ATRX,PDCD6IP
ATRX,SS18
ATRX,ACTL6A
ATRX,AMFR
ATRX,H13
ATRX,VAMP3
ATRX,NACC1
ATRX,CPOX
ATRX,YEATS4
ATRX,COLGALT1
ATRX,TRIM28
ATRX,PPIB
ATRX,HIRA
ATRX,SMARCC1
ATRX,ZFP57
ATRX,CTCF
ATRX,TMEM165
ATRX,SUPT16
ATRX,NCOR1
ATRX,NRF1
ATRX,APPBP2
ATRX,NCAPD3
ATRX,MKRN1
ATRX,SLC25A4
ATRX,WDR82
ATRX,ARPC2
ATRX,SUMO1
ATRX,PDIA3
ATRX,GSR
ATRX,RTN3
ATRX,GFPT1
ATRX,DROSHA
ATRX,KCTD10
ATRX,KLF5
ATRX,RBMXL2
ATRX,ZFX
ATRX,RPN2
ATRX,CTSL
ATRX,INO80
ATRX,KAT5
ATRX,REEP5
ATRX,RBBP7
ATRX,KHDC3
ATRX,MOV10
ATRX,STT3A
ATRX,BRD4
ATRX,NCOR2
ATRX,TMEM9B
ATRX,BRD9
ATRX,MSL2
ATRX,SLC7A6
ATRX,IGFBP2
ATRX,OAT
ATRX,PDIA6
ATRX,SFRP1
ATRX,XBP1
ATRX,SERBP1
ATRX,KDM6A
ATRX,OSBP
ATRX,ZCCHC24
ATRX,TMED10
ATRX,FGFR4
ATRX,BAG2
ATRX,TBRG1
ATRX,FHDC1
ATRX,SPOCK1
ATRX,PARD6B
ATRX,COL4A2
ATRX,COL4A1
ATRX,ZFYVE21
BRD2,NSL1
BRD2,CDC5L
BRD2,GSTA4
BRD2,COPG1
BRD2,KCTD10
BRD2,NFYC
BRD2,POLE4
BRD2,YEATS4
BRD2,RBBP5
BRD2,RAF1
BRD2,NCAPG
BRD2,MED1
BRD2,SS18
BRD2,SMC3
BRD2,MTF2
BRD2,SERBP1
BRD2,HDLBP
BRD2,EED
BRD2,COPA
BRD2,WDR82
BRD2,KDM5A
BRD2,RPN1
BRD2,ZFP143
BRD2,NRF1
BRD2,ARF1
BRD2,KAT8
BRD2,MSL2
BRD2,SUPT5
BRD2,XRCC5
BRD2,ATP6V0A1
BRD2,DARS
BRD2,TMEM30A
BRD2,TRP53
BRD2,INO80
BRD2,DPY30
BRD2,SRSF1
BRD2,NPM1
BRD2,TMED9
BRD2,PTP4A1
BRD2,CTCF
BRD2,TAX1BP3
BRD2,WDR11
BRD2,CDC16
BRD2,TAF3
BRD2,NCAPH2
BRD2,LMF2
BRD2,CLTC
BRD2,CBX5
BRD2,MORC3
BRD2,MCM2
BRD2,METTL3
BRD2,TCF12
BRD2,NELFA
BRD2,LAMP1
BRD2,TMBIM6
BRD2,CARHSP1
BRD2,SUMO2
BRD2,GMNN
BRD2,SELENOW
BRD2,CBX3
BRD2,STT3A
BRD2,STAG1
BRD2,HIRIP3
BRD2,DR1
BRD2,ERP29
BRD2,HEXIM1
BRD2,SUMO1
BRD2,RUVBL1
BRD2,GORASP2
BRD2,HTATSF1
BRD2,EP300
BRD2,SSR1
BRD2,FUT8
BRD2,HSPA4
BRD2,SSR4
BRD2,TMEM214
BRD2,STAG2
BRD2,EIF2S2
BRD2,ARFGAP1
BRD2,ATRX
BRD2,DDX21
BRD2,DMAP1
BRD2,DDOST
BRD2,KMT2B
BRD2,YY1
BRD2,MPHOSPH8
BRD2,RRN3
BRD2,CALM1
BRD2,ZC3H11A
BRD2,RDM1
BRD2,FBXW8
BRD2,HCFC1
BRD2,SH3GLB1
BRD2,SLC16A1
BRD2,MYDGF
BRD2,KAT5
BRD2,PHF5A
BRD2,TGOLN1
BRD2,MCRS1
BRD2,GFPT1
BRD2,RAD23B
BRD2,KMT2D
BRD2,MDN1
BRD2,SMARCAD1
BRD2,SMARCA5
BRD2,ADNP
BRD2,SUZ12
BRD2,UBA2
BRD2,SSRP1
BRD2,RUVBL2
BRD2,TAF2
BRD2,CALU
BRD2,ELOB
BRD2,TMED10
BRD2,AARS
BRD2,ZFX
BRD2,DGCR8
BRD2,MBD3
BRD2,LRRC59
BRD2,LEO1
BRD2,GNAI3
BRD2,CNOT3
BRD2,PHRF1
BRD2,BRD9
BRD2,EZH2
BRD2,LRRC58
BRD2,P4HB
BRD2,SUPT16
BRD2,GLO1
BRD2,RPN2
BRD2,SAP18
BRD2,USP16
BRD2,SRSF2
BRD2,GTF2B
BRD2,RAD21
BRD2,SNX2
BRD2,NFYA
BRD2,E4F1
BRD2,RIF1
BRD2,SIRT6
BRD2,CREBBP
BRD2,NASP
BRD2,BAZ1B
BRD2,HDAC2
BRD2,HIRA
BRD2,SLC39A7
BRD2,NFYB
BRD2,LMNB1
BRD2,FBXO22
BRD2,OSTC
BRD2,BSG
BRD2,ZBTB44
BRD2,DDB1
BRD2,SMARCC1
BRD2,B2M
BRD2,POFUT2
BRD2,PDCD6IP
BRD2,LRPAP1
BRD2,BTAF1
BRD2,KANSL3
BRD2,NCAPD3
BRD2,SSR3
BRD2,ATF7IP
BRD2,ZFP428
BRD2,MYL6
BRD2,KDM2A
BRD2,TRIM28
BRD2,APPBP2
BRD2,TRAM1
BRD2,ASPH
BRD2,RTN3
BRD2,SMAD1
BRD2,TNKS
BRD2,DPF2
BRD2,TDG
BRD2,HNRNPL
BRD2,OGT
BRD2,PSEN1
BRD2,MAFK
BRD2,GTF3C1
BRD2,TBRG1
BRD2,ILK
BRD2,B4GALT1
BRD2,MKRN1
BRD2,ACBD3
BRD2,EP400
BRD2,SMARCA4
BRD2,CXXC1
BRD2,HSP90AA1
BRD2,ARID1A
BRD2,MED23
BRD2,MYBL2
BRD2,CDC42SE2
BRD2,MSH2
BRD2,SLC25A4
BRD2,NCOR1
BRD2,RNF138
BRD2,NACC1
BRD2,DERL1
BRD2,NONO
BRD2,ZBTB2
BRD2,IKBIP
BRD2,APAF1
BRD2,WDR5
BRD2,KDM1A
BRD2,CALR
BRD2,ARPC5
BRD2,PRDX1
BRD2,ACTL6A
BRD2,ZFP384
BRD2,SLC35F5
BRD2,DKC1
BRD2,ATP6V0E
BRD2,SELENOS
BRD2,TET2
BRD2,PLEKHF2
BRD2,PRDX4
BRD2,GSR
BRD2,MFSD1
BRD2,SEC24A
BRD2,PAF1
BRD2,PRDM15
BRD2,CDC73
BRD2,ITGB1
BRD2,P4HA1
BRD2,KDELR1
BRD2,HSP90AB1
BRD2,DNAJC10
BRD2,TMEM165
BRD2,SEC11A
BRD2,DNAJC3
BRD2,GABARAP
BRD2,ELL
BRD2,MSH6
BRD2,PPIB
BRD2,RCOR1
BRD2,KDELC2
BRD2,BMPR2
BRD2,H13
BRD2,TDGF1
BRD2,PWP1
BRD2,SURF4
BRD2,RANBP17
BRD2,OAT
BRD2,PLA2G15
BRD2,SETD1A
BRD2,SETDB1
BRD2,HEATR1
BRD2,KDM4A
BRD2,RCC2
BRD2,COPB1
BRD2,XBP1
BRD2,VAMP8
BRD2,PTPN21
BRD2,TM9SF3
BRD2,BRD4
BRD2,CBX1
BRD2,MED26
BRD2,DCTPP1
BRD2,UHRF1
BRD2,SRI
BRD2,JUN
BRD2,ZFP281
BRD2,DICER1
BRD2,PDIA3
BRD2,CTSL
BRD2,ETV5
BRD2,RRBP1
BRD2,RER1
BRD2,E2F1
BRD2,GOT1
BRD2,GNB2
BRD2,ARHGAP1
BRD2,SMC1A
BRD2,RPP25
BRD2,ARFIP1
BRD2,GDF3
BRD2,GGA2
BRD2,KDM4C
BRD2,CDK9
BRD2,CST3
BRD2,PATJ
BRD2,RBBP7
BRD2,CTR9
BRD2,ITGAV
BRD2,CCDC88C
BRD2,CTSD
BRD2,CDK7
BRD2,KDELR2
BRD2,TBP
BRD2,P3H1
BRD2,PLOD3
BRD2,AGPAT4
BRD2,ZFP322A
BRD2,NUP210
BRD2,TFRC
BRD2,RBMXL2
BRD2,GXYLT1
BRD2,SLC7A6
BRD2,SOD1
BRD2,RBPJ
BRD2,GNS
BRD2,NUCB1
BRD2,TCF3
BRD2,FBRSL1
BRD2,CHD1
BRD2,NFXL1
BRD2,PURB
BRD2,COMMD3
BRD2,STAT3
BRD2,HDAC1
BRD2,MED12
BRD2,CREB3
BRD2,TMOD3
BRD2,TPM4
BRD2,E2F4
BRD2,FRS2
BRD2,APEX1
BRD2,DUSP6
BRD2,PHC1
BRD2,ARF4
BRD2,RAP1GDS1
BRD2,OSBP
BRD2,TLE4
BRD2,DROSHA
BRD2,EXT2
BRD2,PNP
BRD2,HSF2BP
BRD2,KLF4
BRD2,CDK8
BRD2,PDIA6
BRD2,VAMP3
BRD2,SHF
BRD2,UBQLN2
BRD2,NIPBL
BRD2,PKNOX1
BRD2,RYBP
BRD2,PARD6B
BRD2,PLOD2
BRD2,RNF2
BRD2,HELB
BRD2,TMEM59
BRD2,MAN1A2
BRD2,ELL2
BRD2,USP7
BRD2,2410141K09RIK
BRD2,USP28
BRD2,MYCN
BRD2,EDEM1
BRD2,AMFR
BRD2,MMGT1
BRD2,TGIF2
BRD2,SMAD2
BRD2,AEBP2
BRD2,FKBP5
BRD2,L1TD1
BRD2,IRF2BPL
BRD2,KDM6A
BRD2,SDCBP
BRD2,SET
BRD2,TXNDC12
BRD2,PDGFRA
BRD2,TCOF1
BRD2,IMPDH2
BRD2,PTOV1
BRD2,UTP14A
BRD2,MBD2
BRD2,ARPC2
BRD2,ACP6
BRD2,NIPSNAP1
BRD2,ARHGAP29
BRD2,TMEM9B
BRD2,RAB11A
BRD2,GLIPR2
BRD2,GLMP
BRD2,MTA2
BRD2,HMGA1B
BRD2,HMGA1
BRD2,CD63
BRD2,CLN6
BRD2,KMT2C
BRD2,SEC23A
BRD2,MVB12B
BRD2,ZYX
BRD2,KLF2
BRD2,RAB2A
BRD2,TET3
BRD2,SAP30
BRD2,FOXH1
BRD2,CPOX
BRD2,MSL1
BRD2,KDM5B
BRD2,SETX
BRD2,ZFP532
BRD2,PARP1
BRD2,FKBP9
BRD2,TIMP2
BRD2,SLC39A1
BRD2,CBFA2T2
BRD2,MSL3
BRD2,RBPMS2
BRD2,EHMT2
BRD2,ABHD5
BRD2,SARAF
BRD2,ZFP42
BRD2,KDM2B
BRD2,ZFP459
BRD2,AP2A2
BRD2,FBLIM1
BRD2,PIPOX
BRD2,CHMP4B
BRD2,COLGALT1
BRD2,ZMYND8
BRD2,FNDC3B
BRD2,RARA
BRD2,MOB3B
BRD2,QSOX1
BRD2,GNA12
BRD2,FUT9
BRD2,TMEM144
BRD2,REEP5
BRD2,PCOLCE2
BRD2,SIK1
BRD2,STX3
BRD2,KRTCAP2
BRD2,PAFAH1B3
BRD2,ME1
BRD2,ETV4
BRD2,CTSZ
BRD2,ARF5
BRD2,GDPD5
BRD2,GGTA1
BRD2,WDR46
BRD2,LAMC1
BRD2,ETV1
BRD2,JARID2
BRD2,RRAS2
BRD2,ZFP57
BRD2,ASS1
BRD2,B4GALNT4
BRD2,TAF1
BRD2,CAR2
BRD2,MARC2
BRD2,KHDC3
BRD2,FLRT3
BRD2,FRMD4A
BRD2,FABP3
BRD2,KLHDC3
BRD2,RFFL
BRD2,MAPK8
BRD2,TDH
BRD2,NR4A1
BRD2,UBTF
BRD2,ST5
BRD2,HSPG2
BRD2,RETREG1
BRD2,UPP1
BRD2,VKORC1
BRD2,TXNDC5
BRD2,SOAT1
BRD2,MAX
BRD2,P4HA2
BRD2,CLCN5
BRD2,XPNPEP1
BRD2,TPD52
BRD2,SPP1
BRD2,SMYD2
BRD2,DPPA4
BRD2,PARVA
BRD2,BNC2
BRD2,SNX7
BRD2,BAG2
BRD2,PRKAA2
BRD2,ZFHX3
BRD2,LPAR2
BRD2,DAXX
BRD2,ARHGEF5
BRD2,NCOR2
BRD2,MCAM
BRD2,KAT6B
BRD2,TMED2
BRD2,CRYAB
BRD2,TGFBR3
BRD2,TBX3
BRD2,MPRIP
BRD2,TSPAN9
BRD2,SALL4
BRD2,DAP
BRD2,REST
BRD2,SLC7A3
BRD2,ITPK1
BRD2,FGD1
BRD2,PDE4DIP
BRD2,N4BP3
BRD2,APP
BRD2,PLA2G1B
BRD2,CHD7
BRD2,COBL
BRD2,STARD10
BRD2,CERS4
BRD2,ZFP710
BRD2,LAMB2
BRD2,ALG13
BRD2,EPOP
BRD2,DPPA2
BRD2,NOS3
BRD2,HSPB1
BRD2,SALL1
BRD4,NFYC
BRD4,SRSF1
BRD4,CBX3
BRD4,CALM1
BRD4,SRSF2
BRD4,CLTC
BRD4,NRF1
BRD4,EP300
BRD4,RAF1
BRD4,ZFP143
BRD4,MTF2
BRD4,PRDX1
BRD4,POLE4
BRD4,MFSD1
BRD4,INO80
BRD4,SERBP1
BRD4,ADNP
BRD4,KMT2D
BRD4,LAMP1
BRD4,HSPA4
BRD4,CBX5
BRD4,RDM1
BRD4,NPM1
BRD4,HSP90AB1
BRD4,ARF1
BRD4,DARS
BRD4,RAD23B
BRD4,HEXIM1
BRD4,SMARCC1
BRD4,BRD2
BRD4,ATF7IP
BRD4,ZFP428
BRD4,NCOR1
BRD4,SMARCAD1
BRD4,AARS
BRD4,HDLBP
BRD4,RAB11A
BRD4,CALR
BRD4,HSP90AA1
BRD4,TFRC
BRD4,GORASP2
BRD4,ZBTB44
BRD4,EIF2S2
BRD4,GNB2
BRD4,RRN3
BRD4,GTF2B
BRD4,HDAC2
BRD4,NSL1
BRD4,ATRX
BRD4,NELFA
BRD4,ZC3H11A
BRD4,UBA2
BRD4,RAD21
BRD4,KDM5A
BRD4,EED
BRD4,DDB1
BRD4,SUZ12
BRD4,ACP6
BRD4,PTP4A1
BRD4,SUMO2
BRD4,HCFC1
BRD4,PHRF1
BRD4,KMT2C
BRD4,PDIA3
BRD4,CTCF
BRD4,ZFX
BRD4,MSL2
BRD4,ARID1A
BRD4,SSRP1
BRD4,NASP
BRD4,YEATS4
BRD4,TCF12
BRD4,ITGB1
BRD4,STAG1
BRD4,SS18
BRD4,ATP6V0A1
BRD4,WDR82
BRD4,DMAP1
BRD4,LRRC59
BRD4,LRRC58
BRD4,P4HA1
BRD4,STAG2
BRD4,SMARCA5
BRD4,MORC3
BRD4,SLC16A1
BRD4,MDN1
BRD4,BAZ1B
BRD4,CDC16
BRD4,TCF3
BRD4,TMED10
BRD4,RBBP5
BRD4,GFPT1
BRD4,HMGA1
BRD4,FBXO22
BRD4,RBPJ
BRD4,TXNDC12
BRD4,CDC42SE2
BRD4,OGT
BRD4,SUPT5
BRD4,HMGA1B
BRD4,SMC3
BRD4,WDR11
BRD4,LMNB1
BRD4,CNOT3
BRD4,MBD3
BRD4,KAT5
BRD4,ERP29
BRD4,ELOB
BRD4,GSR
BRD4,ZFP532
BRD4,TET3
BRD4,EZH2
BRD4,NFYA
BRD4,SMARCA4
BRD4,TMEM30A
BRD4,MED23
BRD4,RTN3
BRD4,YY1
BRD4,ARF4
BRD4,SLC25A4
BRD4,H13
BRD4,MSH6
BRD4,PHF5A
BRD4,FUT8
BRD4,SOD1
BRD4,TM9SF3
BRD4,SETD1A
BRD4,PSEN1
BRD4,CDC5L
BRD4,USP16
BRD4,SUMO1
BRD4,KANSL3
BRD4,TRIM28
BRD4,APPBP2
BRD4,COPA
BRD4,HNRNPL
BRD4,ZBTB2
BRD4,RANBP17
BRD4,E4F1
BRD4,BSG
BRD4,ARPC2
BRD4,EP400
BRD4,SSR1
BRD4,CTSL
BRD4,DUSP6
BRD4,METTL3
BRD4,DPY30
BRD4,CDK7
BRD4,DR1
BRD4,HIRA
BRD4,MED1
BRD4,STAT3
BRD4,SEC24A
BRD4,PDCD6IP
BRD4,KCTD10
BRD4,SUPT16
BRD4,NCAPH2
BRD4,LMF2
BRD4,KDM1A
BRD4,KDM4C
BRD4,RIF1
BRD4,GLO1
BRD4,NACC1
BRD4,KAT6B
BRD4,PLEKHF2
BRD4,DNAJC10
BRD4,IRF2BPL
BRD4,IER2
BRD4,ARPC5
BRD4,PDK1
BRD4,CBX1
BRD4,TMEM214
BRD4,AEBP2
BRD4,IMPDH2
BRD4,DDX21
BRD4,DGCR8
BRD4,CALU
BRD4,ADAM10
BRD4,P4HB
BRD4,XBP1
BRD4,SIRT6
BRD4,RCOR1
BRD4,PATJ
BRD4,MKRN1
BRD4,KLF2
BRD4,ABHD5
BRD4,TPM4
BRD4,KAT8
BRD4,TDG
BRD4,SELENOW
BRD4,GMNN
BRD4,APEX1
BRD4,TBRG1
BRD4,SNX2
BRD4,TMED9
BRD4,COPG1
BRD4,DDOST
BRD4,FBXW8
BRD4,TRAM1
BRD4,BTAF1
BRD4,RPN1
BRD4,TAF2
BRD4,PNP
BRD4,ZFP384
BRD4,ASPH
BRD4,KDM2A
BRD4,COPB1
BRD4,MSH2
BRD4,KDELR2
BRD4,SMAD1
BRD4,KDELC2
BRD4,RNF138
BRD4,RPN2
BRD4,RUVBL1
BRD4,RBBP7
BRD4,LRPAP1
BRD4,SSR3
BRD4,B2M
BRD4,TGOLN1
BRD4,CST3
BRD4,SH3GLB1
BRD4,POFUT2
BRD4,PPIB
BRD4,NFYB
BRD4,JUN
BRD4,JARID2
BRD4,SAP18
BRD4,MAN1A2
BRD4,GNAI3
BRD4,DERL1
BRD4,SELENOS
BRD4,FNDC3B
BRD4,GNAS
BRD4,RRBP1
BRD4,VAMP3
BRD4,SLC35F5
BRD4,BRD9
BRD4,PRKCE
BRD4,SURF4
BRD4,SLC39A7
BRD4,XRCC5
BRD4,PURB
BRD4,NCAPG
BRD4,TMEM59
BRD4,TMED3
BRD4,ILK
BRD4,MYH9
BRD4,OAT
BRD4,MYL6
BRD4,TRP53
BRD4,TAF3
BRD4,RAP1GDS1
BRD4,MCRS1
BRD4,SETDB1
BRD4,GTF3C1
BRD4,ARFGAP1
BRD4,ITGAV
BRD4,TLE4
BRD4,SEMA4C
BRD4,SDCBP
BRD4,ZMYND8
BRD4,NUP210
BRD4,MTA2
BRD4,TMEM165
BRD4,SLC7A6
BRD4,RER1
BRD4,MPHOSPH8
BRD4,CD63
BRD4,ACTL6A
BRD4,BMPR2
BRD4,NCAPD3
BRD4,UHRF1
BRD4,TMED2
BRD4,SETX
BRD4,OSTC
BRD4,SET
BRD4,CHD1
BRD4,MBD2
BRD4,PRDM15
BRD4,TET2
BRD4,ATP6V0E
BRD4,DPF2
BRD4,HIRIP3
BRD4,PLOD3
BRD4,MAFK
BRD4,DICER1
BRD4,PARP1
BRD4,B4GALT1
BRD4,NONO
BRD4,TAX1BP3
BRD4,COTL1
BRD4,ACBD3
BRD4,RYBP
BRD4,HDAC1
BRD4,CTSD
BRD4,TBP
BRD4,RNF2
BRD4,NIPBL
BRD4,XPNPEP1
BRD4,MAPKAPK2
BRD4,UBQLN2
BRD4,CDC73
BRD4,WDR5
BRD4,MSL1
BRD4,TMBIM6
BRD4,RBMXL2
BRD4,FRS2
BRD4,KDM5B
BRD4,COLGALT1
BRD4,CDK9
BRD4,SMAD2
BRD4,PDIA6
BRD4,KDM6A
BRD4,MED26
BRD4,USP28
BRD4,MYC
BRD4,COMMD3
BRD4,UBTF
BRD4,DNAJC3
BRD4,CDK8
BRD4,CXXC1
BRD4,SEC11A
BRD4,PKNOX1
BRD4,MCM2
BRD4,PTPN21
BRD4,STT3A
BRD4,SMC1A
BRD4,SETD7
BRD4,CPD
BRD4,TMEM9B
BRD4,GGA2
BRD4,GOT1
BRD4,RPP25
BRD4,DKC1
BRD4,MARC2
BRD4,ARHGAP1
BRD4,RAB2A
BRD4,TPD52
BRD4,RFFL
BRD4,MYDGF
BRD4,DROSHA
BRD4,CREB3
BRD4,HTATSF1
BRD4,CREBBP
BRD4,E2F4
BRD4,RUVBL2
BRD4,IKBIP
BRD4,APAF1
BRD4,USP7
BRD4,ZFP322A
BRD4,SARAF
BRD4,KDM4A
BRD4,GABARAP
BRD4,SSR4
BRD4,SUPT6
BRD4,FKBP5
BRD4,ELL2
BRD4,PHC1
BRD4,KDM2B
BRD4,AMFR
BRD4,GALK1
BRD4,CBFA2T2
BRD4,ETV5
BRD4,EDEM1
BRD4,SMARCA2
BRD4,FGFR1
BRD4,VAMP8
BRD4,GXYLT1
BRD4,SRI
BRD4,CTBP2
BRD4,DAXX
BRD4,ZFP710
BRD4,GSTA4
BRD4,MAPK8
BRD4,BAZ1A
BRD4,KDELR1
BRD4,NFXL1
BRD4,SLC39A1
BRD4,GNS
BRD4,CRTC3
BRD4,APP
BRD4,MAX
BRD4,BMI1
BRD4,L3MBTL3
BRD4,GALNT7
BRD4,TIMP2
BRD4,KRTCAP2
BRD4,AP2A2
BRD4,KLF4
BRD4,SIK1
BRD4,ZYX
BRD4,ME1
BRD4,TMOD3
BRD4,ETV4
BRD4,TTC39B
BRD4,ZFP57
BRD4,KMT2B
BRD4,ELL
BRD4,RCC2
BRD4,FBRSL1
BRD4,TNKS
BRD4,MAN1A
BRD4,ARL8A
BRD4,ERF
BRD4,TGIF1
BRD4,CTR9
BRD4,SEC23A
BRD4,GDF3
BRD4,TXNDC5
BRD4,SMYD2
BRD4,TGFBR3
BRD4,CHMP4B
BRD4,PAFAH1B3
BRD4,PARVA
BRD4,SNX7
BRD4,SAP30
BRD4,ZFP281
BRD4,DCTPP1
BRD4,PITPNC1
BRD4,SMAD3
BRD4,E2F1
BRD4,LAMC1
BRD4,FRMD4A
BRD4,REEP5
BRD4,ARFIP1
BRD4,PDIA5
BRD4,CBX8
BRD4,MBNL2
BRD4,PLA2G15
BRD4,CCDC88C
BRD4,GNPTAB
BRD4,P3H1
BRD4,DTX3L
BRD4,PWP1
BRD4,PAF1
BRD4,TCOF1
BRD4,NR4A1
BRD4,CLN6
BRD4,ZFP217
BRD4,GLIPR2
BRD4,BCLAF3
BRD4,DOCK5
BRD4,F3
BRD4,CAR2
BRD4,MSL3
BRD4,ADAM19
BRD4,ARHGAP29
BRD4,TBX3
BRD4,FUT9
BRD4,CHD4
BRD4,RRAS2
BRD4,OSBP
BRD4,MPRIP
BRD4,GDPD5
BRD4,ALPL
BRD4,CARHSP1
BRD4,MYBL2
BRD4,DAP
BRD4,JAM2
BRD4,QSOX1
BRD4,ANO10
BRD4,NUCB1
BRD4,FZD5
BRD4,MED12
BRD4,EXT2
BRD4,CHD7
BRD4,TEX264
BRD4,PTOV1
BRD4,ITPK1
BRD4,FN1
BRD4,ARID3A
BRD4,FABP3
BRD4,RETREG1
BRD4,THAP11
BRD4,TGIF2
BRD4,AKT1
BRD4,OBSL1
BRD4,REST
BRD4,LEO1
BRD4,HSPG2
BRD4,P3H4
BRD4,CPOX
BRD4,PRDX4
BRD4,PRKAA2
BRD4,HEATR1
BRD4,SELENOM
BRD4,PIPOX
BRD4,MYLPF
BRD4,PLOD1
BRD4,KLHDC3
BRD4,DCLK2
BRD4,L1TD1
BRD4,CREB3L2
BRD4,EPAS1
BRD4,MEN1
BRD4,COBLL1
BRD4,SIN3A
BRD4,HELB
BRD4,TFE3
BRD4,COL4A2
BRD4,ALDH2
BRD4,RBPMS2
BRD4,COL4A1
BRD4,ZFYVE21
BRD4,RASGRP2
BRD4,SH3PXD2B
BRD4,PTPN14
BRD4,NAA10
BRD4,VSIR
BRD4,BASP1
BRD4,HSPB1
BRD4,SERPINH1
BRD4,MOV10
BRD4,AMPD2
BRD4,IGFBP2
BRD4,ZFHX3
BRD4,TALDO1
BRD4,APOBEC3
BRD4,VKORC1
BRD4,BAG2
BRD4,SPP1
BRD4,FBLIM1
BRD4,SOX2
BRD4,DAB2
BRD4,RAB3IL1
BRD4,OPLAH
BRD4,ZIC2
BRD4,GABBR1
BRD4,GHR
BRD4,PCOLCE
BRD4,SHF
BRD4,RARA
BRD4,FKBP9
BRD4,ITGA6
BRD4,PLOD2
BRD4,SOAT1
BRD4,CBX2
BRD4,KLF5
BRD4,ARF5
BRD4,HAP1
BRD4,GLI2
BRD4,MYMX
BRD4,CERS4
BRD4,PHLDB2
BRD4,PARD6B
BRD4,CTSZ
BRD4,PCGF2
BRD4,MOB3B
BRD4,MMGT1
BRD4,ETV1
BRD4,GPC6
BRD4,B4GALNT4
BRD4,TMEM150A
BRD4,PCOLCE2
BRD4,STX3
BRD4,WDR46
BRD4,EPOP
BRD4,UTF1
BRD4,UPP1
BRD4,LAMB2
BRD4,LYN
BRD4,N4BP3
BRD4,BNC2
BRD4,FOXH1
BRD4,FGD1
BRD4,GLDC
BRD4,TENM4
BRD4,NIPSNAP1
BRD4,FAM114A1
BRD4,PFKP
BRD4,GGTA1
BRD4,HDAC3
BRD4,CLCN5
BRD4,RXRA
BRD4,TUBB2B
BRD4,CBX7
BRD4,NCOR2
BRD4,LDLRAP1
BRD4,UTP14A
BRD4,GNG10
BRD4,TSPAN9
BRD4,DNMT3B
BRD4,MYCN
BRD4,RARG
BRD4,KDM6B
BRD4,TCF15
BRD4,LY75
BRD4,MRAS
BRD4,ANXA4
BRD4,GCNT2
BRD4,GFPT2
BRD4,SALL4
BRD4,COL27A1
BRD4,CHST15
BRD4,GLMP
BRD4,SORD
BRD4,LAMA1
BRD4,ASS1
BRD4,COBL
BRD4,BEND5
BRD4,PDGFRA
BRD4,SRGN
BRD4,GLI1
BRD4,SNURF
BRD4,SNRPN
BRD4,TFCP2L1
BRD4,ALG13
BRD4,P4HA2
BRD4,ZCCHC24
BRD4,TDGF1
BRD4,TMEM144
BRD4,EHMT2
BRD4,BAZ2A
BRD4,NOTUM
BRD4,SLC7A3
BRD4,ADGRA2
BRD4,DRAM1
BRD4,ZFP42
BRD4,SERPING1
BRD4,SALL1
BRD4,FLRT3
BRD4,MAP1A
BRD4,SLC15A1
BRD4,CCND1
BRD4,KDELR3
BRD4,GCNT1
BRD4,NID1
BRD4,NR0B1
BRD4,NODAL
BRD4,SFRP1
BRD4,1700061G19RIK
BRD4,ZFP979
BRD4,BMPER
BRD4,NR5A2
BRD4,CHCHD10
BRD4,COL18A1
BRD4,TDH
BRD4,DUSP27
BRD4,LTBP4
BRD4,LPAR2
BRD4,POU5F1
BRD4,ADAM23
BRD4,LRP2
BRD4,AFF3
BRD4,TYRO3
BRD4,TET1
BRD4,2410141K09RIK
BRD4,ENOX1
BRD4,LAMB1
BRD4,ZFP819
BRD4,HS3ST1
BRD4,HSD17B14
BRD4,BMP1
BRD4,PECAM1
BRD4,IFITM1
BRD4,HSF2BP
BRD4,TCN2
BRD4,SLC9A6
BRD4,ST5
BRD4,NOTCH4
BRD4,TCEA3
BRD4,FXYD6
BRD4,GATA6
BRD4,ZFP459
BRD4,NANOG
BRD4,LRRC34
BRD4,FGFR4
BRD4,ZIC3
BRD4,FHDC1
BRD4,FGF4
BRD4,KHDC3
BRD4,DPPA2
BRD4,KRT8
BRD4,PRDM14
BRD4,PRSS35
BRD4,FGF3
BRD4,PLA2G1B
BRD4,NMNAT2
BRD4,PTH1R
BRD4,FOXA2
BRD4,SEPT1
BRD4,FGF10
BRD4,FST
BRD4,AU018091
BRD4,CDH6
BRD4,TCL1
BRD4,ZFP990
BRD4,ERAS
BRD4,EVA1A
BRD4,MSX2
BRD4,DUSP9
BRD4,LRRC2
BRD4,ILDR1
BRD4,BMP4
BRD4,HNF1B
BRD4,TRH
BRD4,FAM25C
BRD9,CHMP4B
BRD9,MAX
BRD9,GORASP2
BRD9,KMT2B
BRD9,RAF1
BRD9,KANSL3
BRD9,SH3GLB1
BRD9,MED23
BRD9,BSG
BRD9,LAMC1
BRD9,MBD2
BRD9,SERBP1
BRD9,SMARCA5
BRD9,NFYB
BRD9,NSL1
BRD9,ADNP
BRD9,NELFA
BRD9,TMED2
BRD9,CLTC
BRD9,SAP30
BRD9,NFXL1
BRD9,IMPDH2
BRD9,ITGB1
BRD9,KMT2C
BRD9,RAB11A
BRD9,SERPING1
BRD9,TMED9
BRD9,SMC3
BRD9,CDC42SE2
BRD9,STAG1
BRD9,ARID1A
BRD9,MEN1
BRD9,CTCF
BRD9,ARPC2
BRD9,CBFA2T2
BRD9,MTF2
BRD9,EP400
BRD9,PRDX1
BRD9,LAMP1
BRD9,MYBL2
BRD9,ARF1
BRD9,SUMO2
BRD9,SIK1
BRD9,PIPOX
BRD9,ARPC5
BRD9,CALM1
BRD9,MED26
BRD9,MSH6
BRD9,TRP53
BRD9,POFUT2
BRD9,CDC5L
BRD9,COPG1
BRD9,ATP6V0A1
BRD9,LMNB1
BRD9,CTSD
BRD9,STAT3
BRD9,POLE4
BRD9,RER1
BRD9,FLRT3
BRD9,GSTA4
BRD9,RUVBL2
BRD9,ZFP42
BRD9,PPIB
BRD9,ETV1
BRD9,DCTPP1
BRD9,DDB1
BRD9,PLEKHF2
BRD9,RBPJ
BRD9,HSP90AA1
BRD9,SLC39A7
BRD9,EIF2S2
BRD9,TFRC
BRD9,ERP29
BRD9,EDEM1
BRD9,SETDB1
BRD9,CDK7
BRD9,NFYC
BRD9,VAMP3
BRD9,RIF1
BRD9,EP300
BRD9,TAF3
BRD9,SAP18
BRD9,SSR1
BRD9,MAPK8
BRD9,HSPA4
BRD9,NRF1
BRD9,MORC3
BRD9,SRSF2
BRD9,TXNDC12
BRD9,DMAP1
BRD9,E4F1
BRD9,TGOLN1
BRD9,SSRP1
BRD9,KLF2
BRD9,ZFP281
BRD9,HEATR1
BRD9,SMAD1
BRD9,KLF4
BRD9,ZBTB2
BRD9,RNF2
BRD9,B4GALT1
BRD9,KDM1A
BRD9,SARAF
BRD9,SET
BRD9,LAMB2
BRD9,HIRA
BRD9,HDLBP
BRD9,KAT8
BRD9,GXYLT1
BRD9,RFFL
BRD9,RAD23B
BRD9,GCNT2
BRD9,ELOB
BRD9,SUPT5
BRD9,ELL
BRD9,PLA2G15
BRD9,SMARCA4
BRD9,ACP6
BRD9,STAG2
BRD9,PTPN21
BRD9,PSEN1
BRD9,FBRSL1
BRD9,ACBD3
BRD9,SETX
BRD9,KDM4C
BRD9,DAP
BRD9,UBTF
BRD9,HSPB1
BRD9,INO80
BRD9,MBD3
BRD9,CALR
BRD9,ZC3H11A
BRD9,COLGALT1
BRD9,SUZ12
BRD9,TAX1BP3
BRD9,SELENOM
BRD9,TBX3
BRD9,DGCR8
BRD9,PNP
BRD9,ASS1
BRD9,XRCC5
BRD9,ASPH
BRD9,GTF2B
BRD9,CBX1
BRD9,ARF4
BRD9,PARP1
BRD9,ZBTB44
BRD9,TMEM30A
BRD9,GLIPR2
BRD9,RDM1
BRD9,KDELR2
BRD9,SPNS2
BRD9,RANBP17
BRD9,HELB
BRD9,CXXC1
BRD9,PKNOX1
BRD9,ZFX
BRD9,IRF2BPL
BRD9,HSPG2
BRD9,CBX5
BRD9,GALK1
BRD9,RTN3
BRD9,EZH2
BRD9,RAD21
BRD9,SEC23A
BRD9,TGIF2
BRD9,MPHOSPH8
BRD9,NCAPH2
BRD9,LMF2
BRD9,MED1
BRD9,ARID3A
BRD9,KDM2A
BRD9,SURF4
BRD9,DR1
BRD9,ST5
BRD9,DDOST
BRD9,AP2A2
BRD9,PDIA5
BRD9,PDK1
BRD9,DUSP6
BRD9,XPNPEP1
BRD9,HEXIM1
BRD9,TCF3
BRD9,KDELR1
BRD9,CDK9
BRD9,BTAF1
BRD9,BRD4
BRD9,DPF2
BRD9,SLC16A1
BRD9,ADAM10
BRD9,MSL2
BRD9,NCAPG
BRD9,CARHSP1
BRD9,ARHGAP1
BRD9,RRBP1
BRD9,DERL1
BRD9,RBMXL2
BRD9,PTOV1
BRD9,FGFR1
BRD9,2410141K09RIK
BRD9,WDR82
BRD9,HSP90AB1
BRD9,MCRS1
BRD9,BCLAF3
BRD9,TCOF1
BRD9,TMOD3
BRD9,NPM1
BRD9,GCNT1
BRD9,RRN3
BRD9,THAP11
BRD9,LDLRAP1
BRD9,TMEM214
BRD9,ARHGAP29
BRD9,SLC25A4
BRD9,E2F4
BRD9,YY1
BRD9,KLHDC3
BRD9,LRRC59
BRD9,CTSL
BRD9,CST3
BRD9,SOD1
BRD9,CLN6
BRD9,TRAM1
BRD9,MCM2
BRD9,TBP
BRD9,ABHD5
BRD9,METTL3
BRD9,FZD5
BRD9,KLF5
BRD9,DPY30
BRD9,APPBP2
BRD9,USP28
BRD9,VKORC1
BRD9,PHF5A
BRD9,PAFAH1B3
BRD9,SHF
BRD9,P4HA1
BRD9,SRSF1
BRD9,H13
BRD9,MYDGF
BRD9,SELENOS
BRD9,PTPN14
BRD9,ZFP217
BRD9,DNAJC10
BRD9,NUP210
BRD9,HDAC1
BRD9,TNKS
BRD9,CPOX
BRD9,MYMX
BRD9,MTA2
BRD9,MAP1A
BRD9,GMNN
BRD9,EED
BRD9,TMEM150A
BRD9,DARS
BRD9,WDR5
BRD9,ZFP384
BRD9,PHRF1
BRD9,IFITM1
BRD9,ZYX
BRD9,LRPAP1
BRD9,GNB2
BRD9,GGA2
BRD9,NFYA
BRD9,IFITM2
BRD9,SMARCAD1
BRD9,ZFP143
BRD9,LPAR2
BRD9,PLOD3
BRD9,RRAS2
BRD9,ZFP710
BRD9,HIRIP3
BRD9,CDC16
BRD9,GFPT1
BRD9,CREB3
BRD9,ZCCHC24
BRD9,SOAT1
BRD9,SLC35F5
BRD9,HNRNPL
BRD9,ACTL6A
BRD9,TTC39B
BRD9,RPN1
BRD9,GLI2
BRD9,PURB
BRD9,SSR3
BRD9,ZFP57
BRD9,MAPKAPK2
BRD9,ITGA6
BRD9,AARS
BRD9,KMT2D
BRD9,FBLIM1
BRD9,ARFGAP1
BRD9,SMARCC1
BRD9,IKBIP
BRD9,APAF1
BRD9,KAT6B
BRD9,SUMO1
BRD9,PDIA3
BRD9,CPD
BRD9,YEATS4
BRD9,MDN1
BRD9,LY75
BRD9,GDPD5
BRD9,CREB3L2
BRD9,JUN
BRD9,GTF3C1
BRD9,PTP4A1
BRD9,F3
BRD9,FBXO22
BRD9,APEX1
BRD9,NIPSNAP1
BRD9,TDG
BRD9,ARFIP1
BRD9,SNX2
BRD9,COPA
BRD9,TLE4
BRD9,UHRF1
BRD9,P4HB
BRD9,EPHA1
BRD9,MAFK
BRD9,TCF12
BRD9,SLC39A1
BRD9,CNOT3
BRD9,SEMA4C
BRD9,CHCHD10
BRD9,SETD1A
BRD9,TRIM28
BRD9,RAB3IL1
BRD9,DNAJC3
BRD9,MKRN1
BRD9,DKC1
BRD9,PDCD6IP
BRD9,TET1
BRD9,SUPT16
BRD9,OPLAH
BRD9,SEC24A
BRD9,TAF2
BRD9,MED12
BRD9,E2F1
BRD9,CERS4
BRD9,SERPINH1
BRD9,CREBBP
BRD9,TET3
BRD9,NCOR2
BRD9,PLAT
BRD9,NR4A1
BRD9,GPC6
BRD9,MYCN
BRD9,TBRG1
BRD9,CDC73
BRD9,GHR
BRD9,TM9SF3
BRD9,DAXX
BRD9,CHD1
BRD9,MMGT1
BRD9,NCOR1
BRD9,CBX3
BRD9,ALDH2
BRD9,PDIA6
BRD9,2200002D01RIK
BRD9,SALL4
BRD9,GSR
BRD9,TDGF1
BRD9,FKBP9
BRD9,SIRT6
BRD9,MOB3B
BRD9,RNF138
BRD9,KDM5B
BRD9,MBNL2
BRD9,KRTCAP2
BRD9,COPB1
BRD9,PRDX4
BRD9,GNPTAB
BRD9,UBA2
BRD9,ADAM23
BRD9,RARG
BRD9,MYL6
BRD9,EPAS1
BRD9,SMAD3
BRD9,MYC
BRD9,MYLPF
BRD9,CBX7
BRD9,SELENOW
BRD9,CTR9
BRD9,VSIR
BRD9,HMGA1
BRD9,CDK8
BRD9,UTF1
BRD9,COL18A1
BRD9,SLC7A6
BRD9,RAB2A
BRD9,FABP3
BTAF1,KANSL3
BTAF1,PRDM15
BTAF1,COLGALT1
BTAF1,KMT2C
BTAF1,PDIA5
BTAF1,N4BP3
BTAF1,MORC3
BTAF1,MTF2
BTAF1,RBPJ
BTAF1,NFYC
BTAF1,SETX
BTAF1,GORASP2
BTAF1,E2F1
BTAF1,ZFP384
BTAF1,MBD3
BTAF1,ZFP428
BTAF1,POLE4
BTAF1,UBA2
BTAF1,TFRC
BTAF1,ZBTB44
BTAF1,SMARCA5
BTAF1,HSP90AA1
BTAF1,TMEM165
BTAF1,KMT2B
BTAF1,SUMO1
BTAF1,FGF4
BTAF1,PCOLCE2
BTAF1,GLDC
BTAF1,MYLPF
BTAF1,EP400
BTAF1,GDPD5
BTAF1,HSP90AB1
BTAF1,HSPA4
BTAF1,WDR5
BTAF1,SURF4
BTAF1,RANBP17
BTAF1,COPB1
BTAF1,PSEN1
BTAF1,RPN2
BTAF1,CDC73
BTAF1,CDK8
BTAF1,ARF1
BTAF1,ALPL
BTAF1,MYBL2
BTAF1,COBL
BTAF1,NRF1
BTAF1,NACC1
BTAF1,MSH2
BTAF1,ASPH
BTAF1,TPM4
BTAF1,TPD52
BTAF1,XBP1
BTAF1,PTPN21
BTAF1,PDK1
BTAF1,SHF
BTAF1,SETDB1
BTAF1,FBLIM1
BTAF1,PHC1
BTAF1,NELFA
BTAF1,CPD
BTAF1,BRD9
BTAF1,PTOV1
BTAF1,SSR1
BTAF1,CLN6
BTAF1,ARID1A
BTAF1,LAMP1
BTAF1,APPBP2
BTAF1,WDR82
BTAF1,CBX1
BTAF1,TXNDC12
BTAF1,SUPT5
BTAF1,SETD1A
BTAF1,TDG
BTAF1,TCF15
BTAF1,GNPTAB
BTAF1,PATJ
BTAF1,NUP210
BTAF1,GNS
BTAF1,CDC16
BTAF1,SLC16A1
BTAF1,CBX7
BTAF1,CAR2
BTAF1,OAT
BTAF1,AP2A2
BTAF1,DNMT3B
BTAF1,GSR
BTAF1,TCF3
BTAF1,SMARCAD1
BTAF1,MARC2
BTAF1,CPOX
BTAF1,TRIM28
BTAF1,DGCR8
BTAF1,ARF4
BTAF1,HDAC1
BTAF1,INO80
BTAF1,MKRN1
BTAF1,CNOT3
BTAF1,ZFP143
BTAF1,ARHGAP29
BTAF1,RAF1
BTAF1,FKBP5
BTAF1,FBRSL1
BTAF1,BSG
BTAF1,PLEKHF2
BTAF1,KLF5
BTAF1,MAPKAPK2
BTAF1,PKNOX1
BTAF1,ITPK1
BTAF1,SOD1
BTAF1,TMEM214
BTAF1,PDCD6IP
BTAF1,LAMC1
BTAF1,MOV10
BTAF1,GTF2B
BTAF1,RPP25
BTAF1,BAG2
BTAF1,KDM1A
BTAF1,ZFP532
BTAF1,KDM4C
BTAF1,TSPAN9
BTAF1,TTC39B
BTAF1,SMARCA4
BTAF1,YEATS4
BTAF1,SMARCC1
BTAF1,ZFP281
BTAF1,B4GALT1
BTAF1,RNF2
BTAF1,CREB3
BTAF1,USP16
BTAF1,DDOST
BTAF1,ABHD5
BTAF1,ELL2
BTAF1,ETV5
BTAF1,E4F1
BTAF1,MPRIP
BTAF1,RFFL
BTAF1,CCDC88C
BTAF1,FKBP9
BTAF1,ITGA6
BTAF1,P3H1
BTAF1,PHRF1
BTAF1,EXT2
BTAF1,ZFHX3
BTAF1,ZCCHC24
BTAF1,PDIA3
BTAF1,CHMP4B
BTAF1,NCOR1
BTAF1,SUZ12
BTAF1,FAM129B
BTAF1,CALM1
BTAF1,MED26
BTAF1,GMNN
BTAF1,RAD21
BTAF1,KLF2
BTAF1,RRAS2
BTAF1,PARP1
BTAF1,LAMA1
BTAF1,FRS2
BTAF1,DICER1
BTAF1,SELENOS
BTAF1,KLHDC3
BTAF1,GXYLT1
BTAF1,CD63
BTAF1,RIF1
BTAF1,KDELC2
BTAF1,PARD6B
BTAF1,EDEM1
BTAF1,RTN3
BTAF1,NCOR2
BTAF1,MYCN
BTAF1,RRN3
BTAF1,POFUT2
BTAF1,B4GALNT4
BTAF1,KDM5B
BTAF1,LDLRAP1
BTAF1,HSPG2
BTAF1,ITGAV
BTAF1,EP300
BTAF1,CRTC3
BTAF1,SMYD2
BTAF1,RYBP
BTAF1,NR4A1
BTAF1,AEBP2
BTAF1,DARS
BTAF1,SLC25A4
BTAF1,EZH2
BTAF1,SUPT16
BTAF1,DNAJC10
BTAF1,SMC3
BTAF1,TXNDC5
BTAF1,LRRC58
BTAF1,TMED10
BTAF1,TEX264
BTAF1,KMT2D
BTAF1,TET3
BTAF1,HDLBP
BTAF1,H13
BTAF1,NCAPG
BTAF1,F3
BTAF1,ME1
BTAF1,TYRO3
BTAF1,MSH6
BTAF1,BRD4
BTAF1,SLC7A6
BTAF1,LEO1
BTAF1,EED
BTAF1,SFRP1
BTAF1,ADAM23
BTAF1,XPNPEP1
BTAF1,ZFP217
BTAF1,SS18
BTAF1,HIRA
BTAF1,TMEM9B
BTAF1,IGFBP2
BTAF1,SARAF
BTAF1,PPIB
BTAF1,ADNP
BTAF1,CBFA2T2
BTAF1,RAD23B
BTAF1,SERBP1
BTAF1,BAZ1B
BTAF1,CDC5L
BTAF1,VAMP3
BTAF1,SLC39A7
BTAF1,HNRNPL
BTAF1,DR1
BTAF1,SEC24A
BTAF1,SH3GLB1
BTAF1,EFEMP2
BTAF1,TMEM30A
BTAF1,CDC42SE2
BTAF1,MVB12B
BTAF1,RARA
BTAF1,P4HB
BTAF1,HDAC2
BTAF1,TET2
BTAF1,TCF12
BTAF1,MRAS
BTAF1,KDELR2
BTAF1,P4HA1
BTAF1,RETREG1
BTAF1,LAMB2
BTAF1,GGA2
BTAF1,MSL2
BTAF1,TIMP2
BTAF1,ELOB
BTAF1,DOCK5
BTAF1,ILK
BTAF1,PURB
BTAF1,P3H4
BTAF1,ACBD3
BTAF1,MFSD1
BTAF1,TBX3
BTAF1,SH3PXD2B
BTAF1,LRRC59
BTAF1,TMOD3
BTAF1,RAB11A
BTAF1,GNA12
BTAF1,ALDH2
BTAF1,PLOD2
BTAF1,CTCF
BTAF1,SMAD1
BTAF1,ARHGEF28
BTAF1,RPN1
BTAF1,GLIPR2
BTAF1,NFYA
BTAF1,CBX2
BTAF1,FAM114A1
BTAF1,FBXW8
BTAF1,SEMA4C
BTAF1,ACTL6A
BTAF1,APEX1
BTAF1,ZFYVE21
BTAF1,RER1
BTAF1,DPY30
BTAF1,RASGRP2
BTAF1,NCAPD3
BTAF1,ERP29
BTAF1,USP28
BTAF1,MAN1A2
BTAF1,DCLK2
BTAF1,AMFR
BTAF1,STAG1
BTAF1,FBXO22
BTAF1,NASP
BTAF1,CKAP4
BTAF1,SMAD3
BTAF1,SPNS2
BTAF1,RNF138
BTAF1,HSPB1
BTAF1,MDN1
BTAF1,ADAM10
BTAF1,SUMO2
BTAF1,SDCBP
BTAF1,RBPMS2
BTAF1,SNX7
BTAF1,KLF4
BTAF1,IER2
BTAF1,PTPN14
BTAF1,PRKAA2
BTAF1,SOAT1
BTAF1,PLOD3
BTAF1,RAB2A
BTAF1,CLTC
BTAF1,BNC2
BTAF1,FN1
BTAF1,TNKS
BTAF1,THAP11
BTAF1,ETV4
BTAF1,REST
BTAF1,ZFP57
BTAF1,FRMD4A
BTAF1,MTA2
BTAF1,KHDC3
BTAF1,FZD5
BTAF1,SRSF1
BTAF1,CHD1
BTAF1,TCEA3
BTAF1,SRSF2
BTAF1,PWP1
BTAF1,SLC35F5
BTAF1,SOX2
BTAF1,NIPBL
BTAF1,CHCHD10
BTAF1,TM9SF3
BTAF1,GABBR1
BTAF1,BMP1
BTAF1,SEC24D
BTAF1,ADGRA2
BTAF1,TRAM1
BTAF1,RCOR1
BTAF1,GNG10
BTAF1,ZBTB2
BTAF1,NFYB
BTAF1,ARPC2
BTAF1,IKBIP
BTAF1,APAF1
BTAF1,ANK
BTAF1,PHF19
BTAF1,TMED2
BTAF1,STX3
BTAF1,COL4A2
BTAF1,COL4A1
BTAF1,RARG
BTAF1,LYN
BTAF1,CDK9
BTAF1,ARF5
BTAF1,LRP2
BTAF1,BASP1
BTAF1,MAFK
BTAF1,CEMIP
BTAF1,RRBP1
BTAF1,RBMXL2
BTAF1,RCC2
BTAF1,TMEM150A
BTAF1,GNAI3
BTAF1,BMPR2
BTAF1,SET
BTAF1,PTP4A1
BTAF1,DNAJC3
BTAF1,ZYX
BTAF1,STARD10
BTAF1,FGF3
BTAF1,SSR3
BTAF1,SAP30
BTAF1,BAZ1A
BTAF1,ALG13
BTAF1,UHRF1
BTAF1,GTF3C1
BTAF1,KCTD10
BTAF1,SAP18
BTAF1,RXRA
BTAF1,SALL1
BTAF1,ENOX1
BTAF1,P4HA2
BTAF1,TLE4
BTAF1,FGFR4
BTAF1,FGFR1
BTAF1,TAF3
BTAF1,FHDC1
BTAF1,DRAM1
BTAF1,MSL1
BTAF1,ANO10
BTAF1,E2F4
BTAF1,MAPK8
BTAF1,GNB2
BTAF1,ZC3H11A
BTAF1,ARL8A
BTAF1,NPM1
BTAF1,DDB1
BTAF1,PHLDB2
BTAF1,CARHSP1
BTAF1,ATF7IP
BTAF1,TAX1BP3
BTAF1,STAT3
BTAF1,FUT8
BTAF1,MYH9
BTAF1,SSRP1
BTAF1,COTL1
BTAF1,RAB3IL1
BTAF1,SMAD2
BTAF1,MBD2
BTAF1,GALK1
BTAF1,ERF
BTAF1,BAZ2A
BTAF1,MCAM
BTAF1,CHD4
BTAF1,TGFBR3
BTAF1,SRI
BTAF1,SNX2
BTAF1,BEND5
BTAF1,RAP1GDS1
BTAF1,OSTC
BTAF1,KAT6B
BTAF1,PARVA
BTAF1,FST
BTAF1,GGTA1
BTAF1,OBSL1
BTAF1,TFCP2L1
BTAF1,SERPING1
BTAF1,PDIA6
BTAF1,SLC39A8
BTAF1,SELENON
BTAF1,MYL6
BTAF1,DDX21
BTAF1,AFF3
BTAF1,ELL
BTAF1,UTF1
BTAF1,EPOP
BTAF1,FUT9
BTAF1,REEP5
BTAF1,COBLL1
BTAF1,ZFX
BTAF1,ZFP710
BTAF1,DERL1
BTAF1,CHST15
BTAF1,NOTUM
BTAF1,CREB3L2
BTAF1,KDM2B
BTAF1,ITGB1
BTAF1,DAP
BTAF1,CTBP2
BTAF1,PXDN
BTAF1,SIK1
BTAF1,SETD7
BTAF1,LMNB1
BTAF1,GSN
BTAF1,SIN3A
BTAF1,CBX3
BTAF1,TBP
BTAF1,NFXL1
BTAF1,APP
BTAF1,USP7
BTAF1,UBQLN2
BTAF1,GLI2
BTAF1,PRKCE
BTAF1,FNDC3B
BTAF1,TGIF2
BTAF1,AKT1
BTAF1,ARPC5
BTAF1,BMPER
BTAF1,MPHOSPH8
BTAF1,TCN2
BTAF1,IMPDH2
BTAF1,JARID2
BTAF1,GALNT7
BTAF1,CDH6
BTAF1,ASS1
BTAF1,ZIC2
BTAF1,HDAC3
BTAF1,PAFAH1B3
BTAF1,CREBBP
BTAF1,PFKP
BTAF1,MAP1A
BTAF1,PRDX1
BTAF1,GLI1
BTAF1,CXXC1
BTAF1,ATRX
BTAF1,SPOCK1
BTAF1,CTSZ
BTAF1,MAN1A
BTAF1,HTATSF1
BTAF1,CLCN5
BTAF1,COL27A1
BTAF1,CTDSPL
BTAF1,GHR
BTAF1,TGIF1
BTAF1,QSOX1
BTAF1,PTH1R
BTAF1,ESRRB
BTAF1,GFPT1
BTAF1,KDELR3
BTAF1,P3H2
BTAF1,OOEP
BTAF1,SLC9A6
BTAF1,GCNT1
BTAF1,RBBP7
BTAF1,EPHA1
BTAF1,SHTN1
BTAF1,TMED9
BTAF1,KDELR1
BTAF1,TENM4
BTAF1,YY1
BTAF1,LY75
BTAF1,FGF10
BTAF1,TAF2
BTAF1,ARFIP1
BTAF1,DROSHA
BTAF1,KDM2A
BTAF1,PCGF2
BTAF1,SALL4
BTAF1,JUN
BTAF1,ARHGEF5
BTAF1,TMED3
BTAF1,EHMT2
BTAF1,UBTF
BTAF1,COMMD3
BTAF1,DAXX
BTAF1,LTBP4
BTAF1,BCLAF3
BTAF1,TMEM59
BTAF1,CBX5
BTAF1,BMI1
BTAF1,FGD1
BTAF1,TRH
BTAF1,MOB3B
BTAF1,OSBP
BTAF1,ADAM19
BTAF1,PDE4DIP
BTAF1,PAF1
BTAF1,HMGA1B
BTAF1,HMGA1
BTAF1,TIMP3
BTAF1,PRDX4
BTAF1,L3MBTL3
BTAF1,MSX2
BTAF1,HAP1
BTAF1,PLOD1
BTAF1,PHF5A
BTAF1,CBX8
BTAF1,CHD7
BTAF1,AMPD2
BTAF1,MED1
BTAF1,MYDGF
BTAF1,IRF2BPL
BTAF1,EMP2
BTAF1,KDM5A
BTAF1,KAT5
BTAF1,IHH
BTAF1,STAG2
BTAF1,MEN1
BTAF1,DUSP6
BTAF1,KRTCAP2
BTAF1,EVA1A
BTAF1,ZFP322A
BTAF1,SEC23A
BTAF1,GPC6
BTAF1,PCBD1
BTAF1,TFE3
BTAF1,GDF3
BTAF1,NSL1
BTAF1,LPAR2
BTAF1,CTSD
BTAF1,UPP1
BTAF1,CST3
BTAF1,DTX1
BTAF1,WDR11
BTAF1,VSIR
BTAF1,COL18A1
BTAF1,GNAS
BTAF1,PITPNC1
BTAF1,NCAPH2
BTAF1,LMF2
BTAF1,RUVBL1
BTAF1,CALU
BTAF1,FXYD6
BTAF1,KDM6A
BTAF1,FOXA2
BTAF1,GLO1
BTAF1,MAX
BTAF1,SELENOM
BTAF1,EPAS1
BTAF1,SORD
BTAF1,AARS
BTAF1,ATP6V0A1
BTAF1,NMNAT2
BTAF1,JAM2
BTAF1,SPP1
BTAF1,GFPT2
BTAF1,ANP32A
BTAF1,GATA4
BTAF1,ARFGAP1
BTAF1,PDGFRA
BTAF1,CCND1
BTAF1,NR0B1
BTAF1,KAT8
BTAF1,KRT8
BTAF1,MSL3
BTAF1,DPF2
BTAF1,CTSL
BTAF1,DMAP1
BTAF1,CTR9
BTAF1,NOS3
BTAF1,ARID3A
BTAF1,SNURF
BTAF1,SNRPN
BTAF1,ZMYND8
BTAF1,HELB
BTAF1,MMGT1
BTAF1,SERPINH1
BTAF1,WDR46
BTAF1,EIF2S2
BTAF1,SLC39A1
BTAF1,ZIC3
BTAF1,CERS4
BTAF1,MED12
BTAF1,BRD2
BTAF1,RDM1
BTAF1,FABP3
BTAF1,DAB2
BTAF1,TMBIM6
BTAF1,LAMB1
BTAF1,TET1
BTAF1,ANXA4
BTAF1,LGALS3
BTAF1,NODAL
BTAF1,IFITM2
BTAF1,CALR
BTAF1,CMKLR1
BTAF1,SUPT6
BTAF1,MBNL2
BTAF1,TBRG1
BTAF1,SSR4
BTAF1,TUBB2B
BTAF1,TALDO1
BTAF1,SMC1A
BTAF1,DUSP9
BTAF1,2200002D01RIK
BTAF1,KDM6B
BTAF1,STT3A
BTAF1,DCTPP1
BTAF1,HS3ST1
BTAF1,ACP6
BTAF1,SEC11A
BTAF1,ZFP819
BTAF1,TRP53
BTAF1,OPLAH
BTAF1,NONO
BTAF1,AU018091
BTAF1,ILDR1
BTAF1,KRT42
BTAF1,ZFP990
BTAF1,METTL3
BTAF1,VAMP8
BTAF1,RBBP5
BTAF1,POU5F1
BTAF1,HNF1B
BTAF1,GOT1
BTAF1,AGPAT4
BTAF1,NIPSNAP1
BTAF1,VKORC1
BTAF1,CDK7
BTAF1,SMARCA2
BTAF1,MED23
BTAF1,OTX2
BTAF1,RUVBL2
BTAF1,MCM2
BTAF1,L1TD1
BTAF1,NID1
BTAF1,HCFC1
BTAF1,MYMX
BTAF1,MCRS1
BTAF1,PLA2G15
BTAF1,GPX3
BTAF1,KDM4A
BTAF1,PNP
BTAF1,HIP1
BTAF1,ELL3
BTAF1,ATP6V0E
BTAF1,SELENOW
CBFA2T2,KRT8
CBFA2T2,RBBP7
CBFA2T2,LAMP1
CBFA2T2,GATA4
CBFA2T2,RASGRP2
CBFA2T2,TSPAN9
CBFA2T2,ZFP532
CBFA2T2,FOXH1
CBFA2T2,MFSD1
CBFA2T2,TBRG1
CBFA2T2,PAFAH1B3
CBFA2T2,E4F1
CBFA2T2,RIF1
CBFA2T2,CXXC1
CBFA2T2,IFITM1
CBFA2T2,OPLAH
CBFA2T2,LRRC34
CBFA2T2,SMARCA5
CBFA2T2,ZFP710
CBFA2T2,MYMX
CBFA2T2,USP28
CBFA2T2,TGIF1
CBFA2T2,UPP1
CBFA2T2,PTP4A1
CBFA2T2,UHRF1
CBFA2T2,ARID3A
CBFA2T2,IGFBP2
CBFA2T2,YY1
CBFA2T2,ZMYND8
CBFA2T2,HSPB1
CBFA2T2,POFUT2
CBFA2T2,LRPAP1
CBFA2T2,SPP1
CBFA2T2,MYLPF
CBFA2T2,APEX1
CBFA2T2,CLTC
CBFA2T2,NELFA
CBFA2T2,DUSP6
CBFA2T2,DAXX
CBFA2T2,BRD2
CBFA2T2,MKRN1
CBFA2T2,PTOV1
CBFA2T2,SIK1
CBFA2T2,SUPT5
CBFA2T2,MED12
CBFA2T2,CST3
CBFA2T2,ARHGAP29
CBFA2T2,METTL3
CBFA2T2,GLIPR2
CBFA2T2,RPN1
CBFA2T2,FBLIM1
CBFA2T2,ZFYVE21
CBFA2T2,KDM4C
CBFA2T2,PCOLCE
CBFA2T2,FABP3
CBFA2T2,CHD4
CBFA2T2,DROSHA
CBFA2T2,SH3GLB1
CBFA2T2,SERBP1
CBFA2T2,HDAC1
CBFA2T2,PNP
CBFA2T2,TUBB2B
CBFA2T2,PCGF2
CBFA2T2,PFKP
CBFA2T2,MAP1A
CBFA2T2,KRT42
CBFA2T2,FUT8
CBFA2T2,SOAT1
CBFA2T2,ADNP
CBX1,HDAC2
CBX1,SMARCA5
CBX1,ATF7IP
CBX1,MED23
CBX1,TMED3
CBX1,PWP1
CBX1,KDM4C
CBX1,CDC16
CBX1,DDOST
CBX1,PTP4A1
CBX1,GTF2B
CBX1,FUT8
CBX1,MFSD1
CBX1,WDR11
CBX1,2410141K09RIK
CBX1,CLTC
CBX1,TRAM1
CBX1,RUVBL1
CBX1,RAP1GDS1
CBX1,SLC25A4
CBX1,FKBP5
CBX1,EZH2
CBX1,ARHGAP1
CBX1,NSL1
CBX1,CALM1
CBX1,KDM5A
CBX1,ZFP217
CBX1,SIRT6
CBX1,HSF2BP
CBX1,NASP
CBX1,GNAS
CBX1,DMAP1
CBX1,OSBP
CBX1,ADNP
CBX1,SELENOS
CBX1,TRIM28
CBX1,MAN1A2
CBX1,SLC7A6
CBX1,ARF4
CBX1,STAG1
CBX1,PTPN21
CBX1,SRSF2
CBX1,FBXW8
CBX1,TBRG1
CBX1,TBP
CBX1,RBBP5
CBX1,MED1
CBX1,GORASP2
CBX1,SUZ12
CBX1,SMARCA2
CBX1,MDN1
CBX1,MORC3
CBX1,SS18
CBX1,XRCC5
CBX1,ATP6V0A1
CBX1,GDPD5
CBX1,COTL1
CBX1,PRDX1
CBX1,DAB2
CBX1,GNAI3
CBX1,KANSL3
CBX1,ZFP979
CBX2,CALM1
CBX2,CBX3
CBX2,PRDX1
CBX2,NPM1
CBX2,RDM1
CBX2,HSP90AA1
CBX2,GTF2B
CBX2,CALR
CBX2,HSP90AB1
CBX2,SRSF2
CBX2,NASP
CBX2,CTSL
CBX2,KLF2
CBX2,SOD1
CBX2,TFRC
CBX2,SLC16A1
CBX2,HEXIM1
CBX2,CBX5
CBX2,PNP
CBX2,IER2
CBX2,IMPDH2
CBX2,POLE4
CBX2,SET
CBX2,TRIM28
CBX2,P4HA1
CBX2,EP400
CBX2,SLC25A4
CBX2,DDB1
CBX2,P4HB
CBX2,TXNDC12
CBX2,SMC3
CBX2,BSG
CBX2,SELENOS
CBX2,HSPB1
CBX2,PAF1
CBX2,KDM5A
CBX2,GFPT2
CBX2,HMGA1B
CBX2,HMGA1
CBX2,TFCP2L1
CBX2,TMBIM6
CBX2,B2M
CBX2,OAT
CBX2,RTN3
CBX2,APPBP2
CBX2,JUN
CBX2,TLE4
CBX2,KDM5B
CBX2,ETV5
CBX2,CARHSP1
CBX2,MYC
CBX2,EED
CBX2,RAF1
CBX2,KDM4C
CBX2,TUBB2B
CBX2,IFI30
CBX2,CDC5L
CBX2,RBBP7
CBX2,PSEN1
CBX2,SAP18
CBX3,RDM1
CBX3,HDAC2
CBX3,SMARCA5
CBX3,MED23
CBX3,GTF2B
CBX3,IMPDH2
CBX3,MFSD1
CBX3,PSEN1
CBX3,ATF7IP
CBX3,ZFP143
CBX3,FUT8
CBX3,2410141K09RIK
CBX5,SMARCA5
CBX5,HDAC2
CBX7,TGFBR3
CBX7,FHDC1
CBX7,COL27A1
CBX7,FGF3
CBX7,ESRRB
CBX7,SHTN1
CBX7,BMPER
CBX7,SFRP1
CBX7,BMP1
CBX7,CHST15
CBX7,PRKCE
CBX7,CDH6
CBX7,PTH1R
CBX7,GDPD5
CBX7,GNAS
CBX7,ADGRA2
CBX7,LYN
CBX7,GPC6
CBX7,P3H2
CBX7,APP
CBX7,FST
CBX7,COL4A2
CBX7,COL4A1
CBX7,KHDC3
CBX7,SPOCK1
CBX7,SLC39A8
CBX7,PRDM14
CBX7,CRTC3
CBX7,CTDSPL
CBX7,FRMD4A
CBX7,DTX1
CBX7,MRAS
CBX7,IHH
CBX7,L3MBTL3
CBX7,MAN1A
CBX7,PARVA
CBX7,EPAS1
CBX7,SALL1
CBX7,SPNS2
CBX7,JUN
CBX7,LRP2
CBX7,PDE4DIP
CBX7,NMNAT2
CBX7,OBSL1
CBX7,BMI1
CBX7,P4HA2
CBX7,PHLDB2
CBX7,FGF10
CBX7,PHF19
CBX7,DRAM1
CBX7,PTPN14
CBX7,KDELR3
CBX7,SH3PXD2B
CBX7,EVA1A
CBX7,ANK
CBX7,COBLL1
CBX7,SMARCA2
CBX7,EMP2
CBX7,RXRA
CBX7,ARHGAP29
CBX7,KLF4
CBX7,BMP4
CBX7,CPD
CBX7,AFF3
CBX7,MSX2
CBX7,NOTUM
CBX7,SEMA4C
CBX7,HNF1B
CBX7,HS3ST1
CBX7,FAM114A1
CBX7,ANO10
CBX7,NID1
CBX7,CBX2
CBX7,TIMP3
CBX7,COMMD3
CBX7,MAPKAPK2
CBX7,KLF2
CBX7,TIMP2
CBX7,FABP3
CBX7,LAMA1
CBX7,GCNT1
CBX7,ZFHX3
CBX7,SOX17
CBX7,TET3
CBX7,LAMB1
CBX7,BAZ1A
CBX7,FOXA2
CBX7,PXDN
CBX7,MFSD1
CBX7,ARHGEF28
CBX7,OAT
CBX7,ARHGEF5
CBX7,GSN
CBX7,PDGFRA
CBX7,FGFR4
CBX7,TENM4
CBX7,ZIC2
CBX7,MCAM
CBX7,CLCN5
CBX7,CEMIP
CBX7,GLI2
CBX7,HSPB1
CBX7,GHR
CBX7,ENOX1
CBX7,STARD10
CBX7,TCEA3
CBX7,TYRO3
CBX7,OTX2
CBX7,SMAD3
CBX7,B2M
CBX7,PRKAA2
CBX7,OSBP
CBX7,SLC25A4
CBX7,UPP1
CBX7,AMFR
CBX7,RBMXL2
CBX7,HDAC2
CBX7,MYC
CBX7,ADAM10
CBX7,ZYX
CBX7,LY75
CBX7,MTF2
CBX7,KRT8
CBX7,DUSP9
CBX7,CLTC
CBX7,PCOLCE2
CBX7,JAM2
CBX7,IGFBP2
CBX7,TCF12
CBX7,ABHD5
CBX7,RASGRP2
CBX7,REEP5
CBX7,ADNP
CBX7,NR0B1
CBX7,GATA6
CBX7,DAB2
CBX7,GATA4
CBX7,QSOX1
CBX7,TRH
CBX7,FNDC3B
CBX7,DOCK5
CBX7,GGTA1
CBX7,SNX7
CBX7,TBX3
CBX7,GALNT7
CBX7,BNC2
CBX7,F3
CBX7,TCF15
CBX7,HSPA4
CBX7,DCLK2
CBX7,ZCCHC24
CBX7,CD63
CBX7,KANSL3
CBX7,MVB12B
CBX7,P4HA1
CBX7,CHD7
CBX7,GLDC
CBX7,VSIR
CBX7,ME1
CBX7,SLC15A1
CBX7,ILDR1
CBX7,RETREG1
CBX7,LAMP1
CBX7,HNRNPL
CBX7,AEBP2
CBX7,CAR2
CBX7,GFPT2
CBX7,CMKLR1
CBX7,FLRT3
CBX7,GLIPR2
CBX7,PLEKHF2
CBX7,SLC7A6
CBX7,NPM1
CBX7,SELENOW
CBX7,BEND5
CBX7,HIP1
CBX7,MYMX
CBX7,DNMT3B
CBX7,CKAP4
CBX7,FGF4
CBX7,NR5A2
CBX7,MOB3B
CBX7,RAP1GDS1
CBX7,TFE3
CBX7,RDM1
CBX7,ASS1
CBX7,ZFP143
CBX7,COTL1
CBX7,LGALS3
CBX7,COBL
CBX7,PFKP
CBX7,SERPINH1
CBX7,RAB3IL1
CBX7,KDM2B
CBX7,TPM4
CBX7,FXYD6
CBX7,DAP
CBX7,TBRG1
CBX7,ANP32A
CBX7,GNG10
CBX7,SMYD2
CBX7,MSL3
CBX7,RARG
CBX7,FGFR1
CBX7,CRYAB
CBX7,CREB3L2
CBX7,ADAM19
CBX7,BASP1
CBX7,FN1
CBX7,NFXL1
CBX7,FRS2
CBX8,SAP18
CBX8,SRSF1
CBX8,SMARCA4
CBX8,YEATS4
CBX8,MCRS1
CBX8,RAD21
CBX8,DPF2
CBX8,TMED3
CBX8,ERP29
CDK7,RDM1
CDK7,CALM1
CDK7,KLF2
CDK7,SRSF2
CDK7,HSP90AA1
CDK7,IER2
CDK7,PRDX1
CDK7,CALR
CDK7,SOX2
CDK7,HEXIM1
CDK7,SUPT5
CDK7,HSP90AB1
CDK7,NASP
CDK7,IMPDH2
CDK7,TLE4
CDK7,TFRC
CDK7,SMARCA5
CDK7,NPM1
CDK7,SOD1
CDK7,SLC25A4
CDK7,TRIM28
CDK7,UBA2
CDK7,BTAF1
CDK7,GSTA4
CDK7,KDM5A
CDK7,KLF4
CDK7,HSPA4
CDK7,2410141K09RIK
CDK7,KAT8
CDK7,MTF2
CDK7,RAF1
CDK7,RPN1
CDK7,MED23
CDK7,TMOD3
CDK7,GTF2B
CDK7,NSL1
CDK7,NRF1
CDK7,CDC5L
CDK7,CDC42SE2
CDK7,MSL2
CDK7,HMGA1B
CDK7,HMGA1
CDK7,CARHSP1
CDK7,WDR82
CDK7,SSR1
CDK7,DPY30
CDK7,MYBL2
CDK7,ZFP42
CDK7,NFYB
CDK7,PNP
CDK7,YEATS4
CDK7,ARF1
CDK7,POFUT2
CDK7,SMAD1
CDK7,HSPG2
CDK7,BSG
CDK7,RNF2
CDK7,CBX3
CDK7,NODAL
CDK7,TNKS
CDK7,BMPR2
CDK7,PDIA6
CDK7,GXYLT1
CDK7,ZFP281
CDK7,TGOLN1
CDK7,P3H1
CDK7,PSEN1
CDK7,MSH6
CDK7,HIRA
CDK7,ATP6V0A1
CDK7,DPF2
CDK7,DDX21
CDK7,ZBTB44
CDK7,NFYC
CDK7,GTF3C1
CDK7,BRD4
CDK7,APPBP2
CDK7,ZFP710
CDK7,TMEM214
CDK7,MEN1
CDK7,LAMP1
CDK7,GNAI3
CDK7,TAF3
CDK7,OSTC
CDK7,FGF4
CDK7,ELOB
CDK7,CBX2
CDK7,ZFP217
CDK7,SRSF1
CDK7,POLE4
CDK7,B2M
CDK7,ARPC2
CDK7,SIK1
CDK7,RER1
CDK7,FBXO22
CDK7,SUZ12
CDK7,TFCP2L1
CDK7,SURF4
CDK7,LRRC59
CDK7,HIRIP3
CDK7,RTN3
CDK7,DGCR8
CDK7,NANOG
CDK7,CTSL
CDK7,ZFP57
CDK7,SLC39A1
CDK7,SERBP1
CDK7,KDM5B
CDK7,KLF5
CDK7,VAMP3
CDK7,MYL6
CDK7,MPHOSPH8
CDK7,LRRC58
CDK7,LEO1
CDK7,COPA
CDK7,TMED9
CDK7,TCOF1
CDK7,MSH2
CDK7,FN1
CDK7,MBD2
CDK7,KDM4C
CDK7,EIF2S2
CDK8,RIF1
CDK8,ZFP143
CDK8,UPP1
CDK8,ACP6
CDK8,MYMX
CDK8,LRP2
CDK8,MTF2
CDK8,LAMP1
CDK8,RBPJ
CDK8,PIPOX
CDK8,PHC1
CDK8,NFYC
CDK8,SET
CDK8,MBD3
CDK8,HMGA1
CDK8,CST3
CDK8,CLTC
CDK8,TDGF1
CDK8,ZFHX3
CDK8,ADNP
CDK8,TBX3
CDK8,CHMP4B
CDK8,LMNB1
CDK8,CALM1
CDK8,GCNT2
CDK8,POU5F1
CDK8,KMT2C
CDK8,ITGB1
CDK8,PRDX1
CDK8,LRPAP1
CDK8,NANOG
CDK8,SPP1
CDK8,RDM1
CDK8,FABP3
CDK8,RAD23B
CDK8,IRF2BPL
CDK8,GTF2B
CDK8,GSR
CDK8,HSPA4
CDK8,PRDM15
CDK8,NACC1
CDK8,IMPDH2
CDK8,TBRG1
CDK8,KANSL3
CDK8,SMARCA5
CDK8,SH3GLB1
CDK8,HMGA1B
CDK8,RYBP
CDK8,HSP90AB1
CDK8,PCOLCE2
CDK8,KLF2
CDK8,SUZ12
CDK8,SLC7A3
CDK8,SRSF2
CDK8,PSEN1
CDK8,KDM1A
CDK8,PTPN14
CDK8,MAPKAPK2
CDK8,NRF1
CDK8,RARA
CDK8,DARS
CDK8,SETX
CDK8,IFITM1
CDK8,TCF12
CDK8,EP300
CDK8,GSTA4
CDK8,LRRC58
CDK8,ZFP532
CDK8,TFRC
CDK8,STAT3
CDK8,TMEM214
CDK8,PATJ
CDK8,TFE3
CDK8,GORASP2
CDK8,TGIF2
CDK8,SEC24A
CDK8,SOX2
CDK8,TCEA3
CDK8,MED23
CDK8,PDIA3
CDK8,SERPING1
CDK8,ETV1
CDK8,LAMC1
CDK8,COL4A2
CDK8,COL4A1
CDK8,CD63
CDK8,DDB1
CDK8,TRAM1
CDK8,TMED10
CDK8,KMT2D
CDK8,CTCF
CDK8,RANBP17
CDK8,ZIC2
CDK8,SS18
CDK8,LAMA1
CDK8,PRDM14
CDK8,DGCR8
CDK8,SIK1
CDK8,LRRC34
CDK8,SEPT1
CDK8,GLIPR2
CDK8,XRCC5
CDK8,CHST15
CDK8,ARF1
CDK8,OPLAH
CDK8,TLE4
CDK8,ZFP42
CDK8,PDK1
CDK8,HSP90AA1
CDK8,MPHOSPH8
CDK8,CDC5L
CDK8,PLEKHF2
CDK8,PPIB
CDK8,HSPB1
CDK8,TDH
CDK8,SUPT5
CDK8,CHCHD10
CDK8,TMEM165
CDK8,B4GALT1
CDK8,MED26
CDK8,RRAS2
CDK8,MSL2
CDK8,DDOST
CDK8,RFFL
CDK8,RAB11A
CDK8,ZFP57
CDK8,DUSP6
CDK8,ZBTB2
CDK8,RER1
CDK8,CHD7
CDK8,SMARCA4
CDK8,MORC3
CDK8,FBRSL1
CDK8,PTPN21
CDK8,RRN3
CDK8,POLE4
CDK8,BRD4
CDK8,CKAP4
CDK8,SRSF1
CDK8,MED12
CDK8,KLF4
CDK8,FGF4
CDK8,SOD1
CDK8,NPM1
CDK8,KDELC2
CDK8,ERF
CDK8,E2F1
CDK8,EZH2
CDK8,SUPT16
CDK8,LRRC2
CDK8,STAG1
CDK8,CBX5
CDK8,MED1
CDK8,LAMB2
CDK8,REST
CDK8,PURB
CDK8,CALR
CDK8,MSH6
CDK8,MYBL2
CDK8,TSPAN9
CDK8,RAF1
CDK8,NFYB
CDK8,EP400
CDK8,BTAF1
CDK8,TRIM28
CDK8,KAT8
CDK8,INO80
CDK8,KDM2B
CDK8,SMAD1
CDK8,DMAP1
CDK8,PAFAH1B3
CDK8,CDC16
CDK8,TGOLN1
CDK8,FOXH1
CDK8,SFRP1
CDK8,HDAC2
CDK8,CDC73
CDK8,ZFP819
CDK8,TPD52
CDK8,SLC7A6
CDK8,ETV4
CDK8,ELL
CDK8,BRD2
CDK8,SMARCAD1
CDK8,NCAPG
CDK8,SNURF
CDK8,SNRPN
CDK8,SMARCC1
CDK8,SLC39A7
CDK8,PDIA5
CDK8,ZFP384
CDK8,COPA
CDK8,SMC3
CDK8,KDM5B
CDK8,DPY30
CDK8,RAB2A
CDK8,SEMA4C
CDK8,ARPC2
CDK8,SETD7
CDK8,CTSL
CDK8,YEATS4
CDK8,FRS2
CDK8,FBLIM1
CDK8,ZBTB44
CDK8,TET2
CDK8,CCDC88C
CDK8,ITGA6
CDK8,TAF3
CDK8,DDX21
CDK8,REEP5
CDK8,MYCN
CDK8,TAF2
CDK8,GABBR1
CDK8,UBTF
CDK8,BSG
CDK8,RAD21
CDK8,ATP6V0A1
CDK8,KDM4C
CDK8,BCLAF3
CDK8,SAP30
CDK8,COLGALT1
CDK8,RASGRP2
CDK8,ASS1
CDK8,ARHGAP1
CDK8,RNF2
CDK8,GNB2
CDK8,ZFP710
CDK8,CBX3
CDK8,ADAM10
CDK8,H13
CDK8,MTA2
CDK8,VSIR
CDK8,NR4A1
CDK8,DAP
CDK8,IFI30
CDK8,KDM5A
CDK8,ZC3H11A
CDK8,MYLPF
CDK8,SLC25A4
CDK8,RPN1
CDK8,OSTC
CDK8,TMED9
CDK8,MYC
CDK8,UBA2
CDK8,CDK9
CDK8,NCOR1
CDK8,GNPTAB
CDK8,BMPR2
CDK8,2410141K09RIK
CDK8,GFPT1
CDK8,KDM2A
CDK8,GGTA1
CDK8,COPG1
CDK8,HIRA
CDK8,TMEM30A
CDK8,DCTPP1
CDK8,TGIF1
CDK8,MAFK
CDK8,GGA2
CDK8,DNAJC10
CDK8,PDCD6IP
CDK8,TCF3
CDK8,ARID3A
CDK8,ARFGAP1
CDK8,TRP53
CDK8,NCAPH2
CDK8,LMF2
CDK8,SETDB1
CDK8,SELENOM
CDK8,NFXL1
CDK8,FKBP9
CDK8,CALU
CDK8,MKRN1
CDK8,DERL1
CDK8,GNAI3
CDK8,GCNT1
CDK8,FBXW8
CDK8,USP16
CDK8,IER2
CDK8,GFPT2
CDK8,CBX8
CDK8,RBPMS2
CDK8,FAM129B
CDK8,AP2A2
CDK8,ADAM23
CDK8,PWP1
CDK8,LAMB1
CDK8,PDIA6
CDK8,METTL3
CDK8,MAN1A
CDK8,GTF3C1
CDK8,ARPC5
CDK8,ST5
CDK8,GNA12
CDK8,CREBBP
CDK8,ARID1A
CDK8,ADGRA2
CDK8,HEXIM1
CDK8,SSRP1
CDK8,RTN3
CDK8,TET3
CDK8,ILK
CDK8,FZD5
CDK8,RARG
CDK8,NR5A2
CDK8,MAP1A
CDK8,P4HA1
CDK8,GLMP
CDK8,UBQLN2
CDK8,NUP210
CDK8,KAT6B
CDK8,IKBIP
CDK8,GMNN
CDK8,APAF1
CDK8,SAP18
CDK8,RUVBL2
CDK8,MSH2
CDK8,APEX1
CDK8,MOB3B
CDK8,KDM6A
CDK8,CTSD
CDK8,AMFR
CDK8,ZFP428
CDK8,MOV10
CDK8,STAG2
CDK8,FGFR1
CDK8,DOCK5
CDK8,RBBP5
CDK8,GLO1
CDK8,GLDC
CDK8,BAZ1B
CDK8,PNP
CDK8,MPRIP
CDK8,ERP29
CDK8,CHD1
CDK9,EP400
CDK9,PKNOX1
CDK9,IER2
CDK9,MTF2
CDK9,GORASP2
CDK9,CLTC
CDK9,PRDX1
CDK9,POLE4
CDK9,RDM1
CDK9,TMED2
CDK9,SETDB1
CDK9,MED23
CDK9,NFYC
CDK9,DMAP1
CDK9,GTF2B
CDK9,RAF1
CDK9,SRSF1
CDK9,POFUT2
CDK9,HSP90AB1
CDK9,DDB1
CDK9,ARF4
CDK9,P4HA1
CDK9,NELFA
CDK9,MYH9
CDK9,SARAF
CDK9,NPM1
CDK9,HEATR1
CDK9,ADNP
CDK9,TXNDC5
CDK9,NFYA
CDK9,CBX5
CDK9,COPB1
CDK9,DARS
CDK9,CDC16
CDK9,TFRC
CDK9,CDC42SE2
CDK9,LRRC59
CDK9,SUMO2
CDK9,ARF1
CDK9,IRF2BPL
CDK9,WDR11
CDK9,TMED9
CDK9,RTN3
CDK9,HSPA4
CDK9,LAMP1
CDK9,MAPK8
CDK9,ACP6
CDK9,PDK1
CDK9,IMPDH2
CDK9,GXYLT1
CDK9,RBPJ
CDK9,MORC3
CDK9,CALR
CDK9,TMEM30A
CDK9,KLF2
CDK9,ARHGAP29
CDK9,KANSL3
CDK9,HELB
CDK9,EDEM1
CDK9,ZBTB2
CDK9,NCAPG
CDK9,MYMX
CDK9,MBD3
CDK9,E2F1
CDK9,GNAI3
CDK9,FBRSL1
CDK9,ARID1A
CDK9,ZFP710
CDK9,SMARCA5
CDK9,NACC1
CDK9,PNP
CDK9,KMT2C
CDK9,METTL3
CDK9,XRCC5
CDK9,SMC3
CDK9,STAT3
CDK9,KMT2D
CDK9,PIPOX
CDK9,SPP1
CDK9,MTA2
CDK9,ELL
CDK9,TMEM59
CDK9,ATP6V0A1
CDK9,FBXW8
CDK9,TMEM214
CDK9,DDX21
CDK9,LDLRAP1
CDK9,ASPH
CDK9,SOX2
CDK9,HIRA
CDK9,MYBL2
CDK9,EZH2
CDK9,XPNPEP1
CDK9,SH3GLB1
CDK9,QSOX1
CDK9,PTPN21
CDK9,LRPAP1
CDK9,TBRG1
CDK9,SETX
CDK9,LAMC1
CDK9,GCNT1
CDK9,BTAF1
CDK9,TRP53
CDK9,ZFP532
CDK9,LMNB1
CDK9,SUMO1
CDK9,ADAM19
CDK9,NANOG
CDK9,L1TD1
CDK9,USP28
CDK9,TDGF1
CDK9,PAFAH1B3
CDK9,KDM5B
CDK9,SEMA4C
CDK9,FNDC3B
CDK9,KDELC2
CDK9,KDM1A
CDK9,DCTPP1
CDK9,RUVBL1
CDK9,PLEKHF2
CDK9,OGT
CDK9,IFITM1
CDK9,RRBP1
CDK9,FGF4
CDK9,PHC1
CDK9,GDPD5
CDK9,DDOST
CDK9,SSRP1
CDK9,SELENOM
CDK9,SERPING1
CDK9,SEC23A
CDK9,LTBP4
CDK9,2410141K09RIK
CDK9,RNF2
CDK9,MBD2
CDK9,GCNT2
CDK9,USP7
CDK9,UPP1
CDK9,GLI1
CDK9,CERS4
CDK9,MED26
CDK9,GSTA4
CDK9,FBXO22
CDK9,CBX7
CDK9,LRRC34
CDK9,DUSP6
CDK9,MDN1
CDK9,FABP3
CDK9,TGIF2
CDK9,HSPG2
CDK9,KAT8
CDK9,KDM2B
CDK9,RFFL
CDK9,GLI2
CDK9,OPLAH
CDK9,GNB2
CDK9,MKRN1
CDK9,CBFA2T2
CDK9,ZFP42
CDK9,ZBTB44
CDK9,ALDH2
CDK9,GSN
CDK9,ELL3
CDK9,ARHGAP1
CDK9,PRDM14
CDK9,TMEM144
CDK9,TAF3
CDK9,APOBEC3
CDK9,GTF3C1
CHD4,MED23
CHD4,DMAP1
CHD4,ADNP
CHD4,SIRT6
CHD4,SH3GLB1
CHD4,CTCF
CHD4,EZH2
CHD4,MED1
CHD4,GORASP2
CHD4,DAP
CHD4,RDM1
CHD4,POLE4
CHD4,XRCC5
CHD4,ARF1
CHD4,MTF2
CHD4,CDC16
CHD4,ZBTB44
CHD4,TMED2
CHD4,DDOST
CHD4,RRBP1
CHD4,CALU
CHD4,WDR11
CHD4,TRAM1
CHD4,CLTC
CHD4,ITPK1
CHD4,NSL1
CHD4,SMARCA5
CHD4,CBX2
CHD4,GTF2B
CHD4,SNX2
CHD4,SUPT5
CHD4,ATF7IP
CHD4,CDC73
CHD4,PLA2G15
CHD4,OSBP
CHD4,GOT1
CHD4,FBXW8
CHD4,FBXO22
CHD4,RUVBL2
CHD4,MFSD1
CHD4,PRDX1
CHD4,ZC3H11A
CHD4,PTPN21
CHD4,PWP1
CHD4,GNG10
CHD4,CDK7
CHD4,EXT2
CHD4,POFUT2
CHD4,KMT2D
CHD4,CBFA2T2
CHD4,USP16
CHD4,NFYC
CHD4,ZFP143
CHD4,SUZ12
CHD4,PDCD6IP
CHD4,TBRG1
CHD4,CDK8
CHD4,MYLPF
CHD4,RASGRP2
CHD4,ACP6
CHD4,KMT2C
CHD4,NFXL1
CHD4,TCF3
CHD4,BMP1
CHD4,GNB2
CHD4,SLC35F5
CHD4,ASS1
CHD4,KDELR1
CHD4,PDIA3
CHD4,ITGB1
CHD4,SEMA4C
CHD4,COLGALT1
CHD4,SETD7
CHD4,SLC7A6
CHD4,DCLK2
CHD4,CBX3
CHD4,AMFR
CHD4,SRSF1
CHD4,SLC25A4
CHD4,CAR2
CHD4,TET3
CHD4,HNRNPL
CHD4,RCC2
CHD4,SARAF
CHD4,SELENOM
CHD4,STT3A
CHD4,CNOT3
CHD4,RIF1
CHD4,MKRN1
CHD4,NFYA
CHD4,HDAC2
CHD4,TGFBR3
CHD4,ADAM19
CHD4,CALM1
CHD4,ZBTB2
CHD4,BEND5
CHD4,TM9SF3
CHD4,FNDC3B
CHD4,ZFYVE21
CHD4,SMARCA4
CHD4,PATJ
CHD4,EDEM1
CHD4,TEX264
CHD4,TET2
CHD4,BRD2
CHD4,LAMP1
CHD4,DNAJC10
CHD4,RNF138
CHD4,GNA12
CHD4,FKBP5
CHD4,RETREG1
CHD4,KDELC2
CHD4,GLIPR2
CHD4,TRIM28
CHD4,GSR
CHD4,AEBP2
CHD4,TPD52
CHD4,LAMC1
CHD4,HMGA1
CHD4,TMEM150A
CHD4,SMAD2
CHD4,LRRC58
CHD4,VSIR
CHD4,YY1
CHD4,SMYD2
CHD4,LPAR2
CHD4,CRTC3
CHD4,SPNS2
CHD4,TMBIM6
CHD4,PIPOX
CHD4,FZD5
CHD4,POU5F1
CHD4,HMGA1B
CHD4,GALNT7
CHD4,LTBP4
CHD4,ZFP710
CHD4,CKAP4
CHD4,LGALS3
CHD4,ETV1
CHD4,LAMA1
CHD4,SIK1
CHD4,SPP1
CHD4,2410141K09RIK
CHD4,DTX1
CHD4,OPLAH
CHD4,TPM4
CHD4,RBPMS2
CHD4,UTF1
CHD4,STX3
CHD4,DPPA2
CHD4,PCOLCE2
CHD4,SIN3A
CHD4,P3H4
CHD4,PCGF2
CHD4,ZFP217
CHD4,ARHGAP29
CHD4,FABP3
CHD4,SFRP1
CHD4,MYMX
CHD4,SLC39A7
CHD4,ME1
CHD4,ZFHX3
CHD4,NANOG
CHD4,RBMXL2
CHD4,ADGRA2
CHD4,SLC15A1
CHD4,OTX2
CHD4,ZFP979
CHD7,MTF2
CHD7,LRPAP1
CHD7,SPP1
CREBBP,CLTC
CREBBP,MTF2
CREBBP,RBPJ
CREBBP,PIPOX
CREBBP,RIF1
CREBBP,PHC1
CREBBP,SFRP1
CREBBP,MYMX
CREBBP,FABP3
CREBBP,NR5A2
CREBBP,UPP1
CREBBP,LRRC34
CREBBP,SPP1
CREBBP,NANOG
CREBBP,ETV1
CTCF,SH3GLB1
CTCF,TRP53
CTCF,LRRC59
CTCF,GORASP2
CTCF,COPG1
CTCF,KDELR1
CTCF,PHRF1
CTCF,STAG1
CTCF,RUVBL2
CTCF,EXT2
CTCF,TRAM1
CTCF,H13
CTCF,BCLAF3
CTCF,KDM1A
CTCF,CDK9
CTCF,MED23
CTCF,STAG2
CTCF,SELENOM
CTCF,KMT2B
CTCF,HSD17B14
CTCF,THAP11
CTCF,SEMA4C
CTCF,GNPTAB
CTCF,RFFL
CTCF,SMC3
CTCF,CDC73
CTCF,2200002D01RIK
CTCF,DCTPP1
CTCF,RASGRP2
CTCF,DOCK5
CTCF,COL27A1
CTCF,GLIPR2
CTCF,CCDC88C
CTCF,MOB3B
CTCF,ITPK1
CTCF,P4HA1
CTCF,KRTCAP2
CTCF,GLI1
CTCF,RRBP1
CTCF,APOBEC3
CTCF,AKT1
CTCF,APP
CTCF,PDGFRA
CTCF,EP400
CTCF,SPOCK1
CTCF,VSIR
CTCF,NIPBL
CTCF,ADAM19
CTCF,VKORC1
CTCF,PRDX1
CTCF,ELOB
CTCF,MYL6
CTCF,DTX3L
CTCF,GHR
CTCF,ADNP
CTCF,LTBP4
CTCF,ALPL
CTCF,BMP1
CTCF,SIK1
CTCF,HEXIM1
CTCF,GLI2
CTCF,RCC2
CTCF,OAT
CTCF,L3MBTL3
CTCF,CEMIP
CTCF,P3H4
CTCF,CBX2
CTCF,STX3
CTCF,F3
CTCF,ZYX
CTCF,HS3ST1
CTCF,MYCN
CTCF,PNP
CTCF,ABHD5
CTCF,CAR2
CTCF,TYRO3
CTCF,ANK
CTCF,NUP210
CTCF,FLRT3
CTCF,DAB2
CTCF,RAB3IL1
CTCF,EPHA1
CTCF,XRCC5
CTCF,PHLDB2
CTCF,TIMP2
CTCF,HDLBP
CTCF,CDC16
CTCF,LAMA1
CTCF,BASP1
CTCF,SPNS2
CTCF,TGIF1
CTCF,MYLPF
CTCF,PCGF2
CTCF,LAMC1
CTCF,AMFR
CTCF,BSG
CTCF,CXXC1
CTCF,MSL3
CTCF,TBX3
CTCF,CLTC
CTCF,PATJ
CTCF,ASPH
CTCF,TMEM150A
CTCF,SSR4
CTCF,SETD7
CTCF,JUN
CTCF,ATF7IP
CTCF,SMARCA2
CTCF,HIP1
CTCF,GNAS
CTCF,CTBP2
CTCF,CALR
CTCF,ARHGEF28
CTCF,ELL2
CTCF,FZD5
CTCF,PIPOX
CTCF,SUPT5
CTCF,HNRNPL
CTCF,DDB1
CTCF,TTC39B
CTCF,ITGB1
CTCF,TMED3
CTCF,ZFX
CTCF,HIRA
CTCF,PAFAH1B3
CTCF,TGFBR3
CTCF,SIN3A
CTCF,WDR5
CTCF,PLA2G1B
CTCF,PRKCE
CTCF,SLC39A8
CTCF,ZFP710
CTCF,GCNT1
CTCF,CHST15
CTCF,LEO1
CTCF,GATA6
CTCF,TPM4
CTCF,FHDC1
CTCF,RPP25
CTCF,POFUT2
CTCF,GLO1
CTCF,TRIM28
CTCF,CREBBP
CTCF,UBTF
CTCF,HDAC1
CTCF,CREB3
CTCF,POU5F1
CTCF,YEATS4
CTCF,PDIA3
CTCF,BAZ2A
CTCF,GDPD5
CTCF,ZFP217
CTCF,MEN1
CTCF,ARF5
CTCF,TFCP2L1
CTCF,KRT8
CTCF,COLGALT1
CTCF,TMED2
CTCF,FUT8
CTCF,ASS1
CTCF,KLF4
CTCF,CPOX
CTCF,ARFGAP1
CTCF,FBXO22
CTCF,RAB11A
CTCF,MYC
CTCF,EMP2
CTCF,MAPK8
CTCF,RETREG1
CTCF,CRTC3
CTCF,NCAPD3
CTCF,VAMP8
CTCF,KLHDC3
CTCF,TET3
CTCF,KDELC2
CTCF,MARC2
CTCF,KLF5
CTCF,PTP4A1
CTCF,EP300
CTCF,FKBP5
CTCF,RBMXL2
CTCF,ACBD3
CTCF,SAP18
CTCF,BMPR2
CTCF,MMGT1
CTCF,TENM4
CTCF,SOAT1
CTCF,ETV5
CTCF,RAB2A
CTCF,MSL1
CTCF,NELFA
CTCF,TMEM59
CTCF,BMI1
CTCF,CHD7
CTCF,NSL1
CTCF,MDN1
CTCF,NODAL
CTCF,P3H2
CTCF,KAT5
CTCF,SELENOS
CTCF,RAD23B
CTCF,COBLL1
CTCF,CDC5L
CTCF,EVA1A
CTCF,HSP90AB1
CTCF,NASP
CTCF,INO80
CTCF,ETV1
CTCF,ITGA6
CTCF,ZFHX3
CTCF,GNA12
CTCF,GNG10
CTCF,P3H1
CTCF,SMC1A
CTCF,KDM5A
CTCF,NOTUM
CTCF,MAP1A
CTCF,GABBR1
CTCF,PRKAA2
CTCF,ZFP281
CTCF,RANBP17
CTCF,NACC1
CTCF,TCF3
CTCF,BRD9
CTCF,PPIB
CTCF,SLC25A4
CTCF,YY1
CTCF,MED1
CTCF,CHD1
CTCF,PITPNC1
CTCF,BRD2
CTCF,E4F1
CTCF,PHC1
CTCF,DICER1
CTCF,SMARCA5
CTCF,ATP6V0A1
CTCF,KDM4C
CTCF,SSR3
CTCF,MTA2
CTCF,GALNT7
CTCF,RTN3
CTCF,DPY30
CTCF,RBBP5
CTCF,KMT2D
CTCF,FGFR1
CTCF,CDK7
CTCF,PCOLCE2
CTCF,ZBTB44
CTCF,CST3
CTCF,L1TD1
CTCF,ZFP143
CTCF,PURB
CTCF,HMGA1B
CTCF,ITGAV
CTCF,ANO10
CTCF,CDC42SE2
CTCF,KAT6B
CTCF,DDOST
CTCF,HELB
CTCF,NR4A1
CTCF,BAG2
CTCF,DROSHA
CTCF,FAM114A1
CTCF,RPN2
CTCF,MTF2
CTCF,CPD
CTCF,RCOR1
CTCF,KAT8
CTCF,ERP29
CTCF,RDM1
CTCF,CBX1
CTCF,TMEM9B
CTCF,GXYLT1
CTCF,CBFA2T2
CTCF,LRP2
CTCF,RNF138
CTCF,BNC2
CTCF,TMOD3
CTCF,POLE4
CTCF,SARAF
CTCF,DERL1
CTCF,ZC3H11A
CTCF,GSN
CTCF,TNKS
CTCF,PLA2G15
CTCF,EPAS1
CTCF,PLOD1
CTCF,KDELR2
CTCF,EZH2
CTCF,CREB3L2
CTCF,GABARAP
CTCF,TFRC
CTCF,SHF
CTCF,PHF19
CTCF,TLE4
CTCF,SLC16A1
CTCF,DNAJC3
CTCF,SMAD2
CTCF,HSP90AA1
CTCF,PML
CTCF,SMARCAD1
CTCF,ZCCHC24
CTCF,RAD21
CTCF,SETDB1
CTCF,RAF1
CTCF,EIF2S2
CTCF,KANSL3
CTCF,FBXW8
CTCF,GFPT1
CTCF,EED
CTCF,BRD4
CTCF,EDEM1
CTCF,STAT3
CTCF,CDK8
CTCF,APPBP2
CTCF,LY75
CTCF,TMEM30A
CTCF,DR1
CTCF,SERBP1
CTCF,SRSF1
CTCF,ZFP384
CTCF,SOD1
CTCF,AP2A2
CTCF,GMNN
CTCF,TMEM214
CTCF,TAX1BP3
CTCF,PDIA5
CTCF,VAMP3
CTCF,MBD2
CTCF,CBX3
CTCF,IFITM1
CTCF,COPB1
CTCF,RAP1GDS1
CTCF,PTPN21
CTCF,ARFIP1
CTCF,B4GALT1
CTCF,PKNOX1
CTCF,UTF1
CTCF,MPHOSPH8
CTCF,TM9SF3
CTCF,ZFP322A
CTCF,MAX
CTCF,TMEM165
CTCF,GATA4
CTCF,SS18
CTCF,DNAJC10
CTCF,NR0B1
CTCF,DGCR8
CTCF,OSTC
CTCF,TXNDC12
CTCF,ARF4
CTCF,DARS
CTCF,ARPC2
CTCF,GNB2
CTCF,CTR9
CTCF,SMARCA4
CTCF,TXNDC5
CTCF,IKBIP
CTCF,APAF1
CTCF,CHMP4B
CTCF,SEC24D
CTCF,SIRT6
CTCF,SUMO1
CTCF,ZFP428
CTCF,TET2
CTCF,P4HB
CTCF,FUT9
CTCF,BMPER
CTCF,KDM2A
CTCF,HSPB1
CTCF,BEND5
CTCF,PRSS35
CTCF,SEC23A
CTCF,ME1
CTCF,MRAS
CTCF,ZFP979
CTCF,ZFP42
CTCF,SLC15A1
CTCF,2410141K09RIK
CTR9,IMPDH2
CTR9,MTF2
CTR9,EED
CTR9,PSEN1
CTR9,ARF4
CTR9,CBX5
CTR9,SOX2
CTR9,NPM1
CTR9,IER2
CTR9,ADNP
CTR9,PRDX1
CTR9,SUPT16
CTR9,KLF2
CTR9,FBXO22
CTR9,HSP90AA1
CTR9,PHC1
CTR9,MBD3
CTR9,HSP90AB1
CTR9,ZFP143
CTR9,RBPJ
CTR9,NANOG
CTR9,MKRN1
CTR9,GABARAP
CXXC1,ATF7IP
CXXC1,CTCF
CXXC1,RANBP17
CXXC1,HSPA4
CXXC1,HSP90AA1
CXXC1,RPN2
CXXC1,NFYC
CXXC1,NACC1
CXXC1,RNF2
CXXC1,KAT8
CXXC1,MORC3
CXXC1,APPBP2
CXXC1,CBX8
CXXC1,ITGB1
CXXC1,NASP
CXXC1,BRD4
CXXC1,ACTL6A
CXXC1,LAMC1
CXXC1,SMARCA5
CXXC1,INO80
CXXC1,SLC16A1
CXXC1,PHRF1
CXXC1,SUMO2
CXXC1,CHD1
CXXC1,CBX3
CXXC1,EP400
CXXC1,NRF1
CXXC1,SLC39A7
CXXC1,ARF1
CXXC1,YY1
CXXC1,SMAD1
CXXC1,COPB1
CXXC1,GSR
CXXC1,BTAF1
CXXC1,WDR82
CXXC1,SRSF2
CXXC1,KMT2D
CXXC1,TMEM165
CXXC1,RRAS2
CXXC1,RAF1
CXXC1,CLTC
CXXC1,HTATSF1
CXXC1,DARS
CXXC1,PTP4A1
CXXC1,AMFR
CXXC1,HIRA
CXXC1,HDAC2
CXXC1,BAZ1B
CXXC1,SMC3
CXXC1,CALR
CXXC1,KANSL3
CXXC1,COLGALT1
CXXC1,SOD1
CXXC1,ZBTB2
CXXC1,PHF5A
CXXC1,MKRN1
CXXC1,MAPKAPK2
CXXC1,HSP90AB1
CXXC1,RFFL
CXXC1,MBD3
CXXC1,XPNPEP1
CXXC1,RNF138
CXXC1,XBP1
CXXC1,POLE4
CXXC1,TNKS
CXXC1,FBXO22
CXXC1,RBBP5
CXXC1,NPM1
CXXC1,SMARCC1
CXXC1,DDOST
CXXC1,MSH6
CXXC1,HNRNPL
CXXC1,PRDM15
CXXC1,SS18
CXXC1,GALNT7
CXXC1,EP300
CXXC1,CDC16
CXXC1,TDG
CXXC1,PLEKHF2
CXXC1,RYBP
CXXC1,RAD23B
CXXC1,SUMO1
CXXC1,KDM1A
CXXC1,RAD21
CXXC1,AARS
CXXC1,TRIM28
CXXC1,TM9SF3
CXXC1,ZC3H11A
CXXC1,SMARCA4
CXXC1,NCOR1
CXXC1,RRBP1
CXXC1,MED26
CXXC1,ARPC5
CXXC1,ZFP217
CXXC1,KDM5A
CXXC1,RER1
CXXC1,NSL1
CXXC1,TAF3
CXXC1,GORASP2
CXXC1,MED1
CXXC1,ZFP384
CXXC1,WDR5
CXXC1,SUPT5
CXXC1,KDELR2
CXXC1,TMEM30A
CXXC1,SAP30
CXXC1,FKBP5
CXXC1,PTOV1
CXXC1,TGIF2
CXXC1,SRSF1
CXXC1,SSR1
CXXC1,HAP1
CXXC1,YEATS4
CXXC1,UBTF
CXXC1,EED
CXXC1,AEBP2
CXXC1,PRDX1
CXXC1,ARF4
CXXC1,ADAM23
CXXC1,ZFP143
CXXC1,ZBTB44
CXXC1,RIF1
CXXC1,SETD1A
CXXC1,KDM5B
CXXC1,SMARCAD1
CXXC1,CBX1
CXXC1,TPD52
CXXC1,SDCBP
CXXC1,NELFA
CXXC1,PWP1
CXXC1,GXYLT1
CXXC1,SUPT16
CXXC1,CDK9
CXXC1,VAMP3
CXXC1,GTF2B
CXXC1,FGFR1
CXXC1,KMT2B
CXXC1,PURB
CXXC1,SIK1
CXXC1,TRP53
CXXC1,ACBD3
CXXC1,TMED2
CXXC1,FNDC3B
CXXC1,EPOP
CXXC1,REST
CXXC1,H13
CXXC1,DERL1
CXXC1,CDC42SE2
CXXC1,TAX1BP3
CXXC1,DICER1
CXXC1,ZFP281
CXXC1,TMEM59
CXXC1,CNOT3
CXXC1,SERBP1
CXXC1,CHD7
CXXC1,BMPR2
CXXC1,MYH9
CXXC1,ADNP
CXXC1,ETV5
CXXC1,DGCR8
CXXC1,ETV4
CXXC1,E2F1
CXXC1,GLO1
CXXC1,PLOD3
CXXC1,E2F4
CXXC1,LRRC58
CXXC1,NFYB
CXXC1,UBA2
CXXC1,MSH2
CXXC1,ARFIP1
CXXC1,ZFX
CXXC1,RRN3
CXXC1,CTSL
CXXC1,PAFAH1B3
CXXC1,SETX
CXXC1,PARP1
CXXC1,TCF3
CXXC1,E4F1
CXXC1,CHMP4B
CXXC1,ITPK1
CXXC1,ERP29
CXXC1,BRD9
CXXC1,SNX2
CXXC1,MAPK8
CXXC1,SEC24A
CXXC1,HDLBP
CXXC1,ELL2
CXXC1,OSBP
CXXC1,OSTC
CXXC1,STAG1
CXXC1,PSEN1
CXXC1,SLC7A6
CXXC1,RAP1GDS1
CXXC1,LAMP1
CXXC1,TRAM1
CXXC1,CPD
CXXC1,ARL8A
CXXC1,ITGAV
CXXC1,FBXW8
CXXC1,PDIA3
CXXC1,ZFP428
CXXC1,RAB2A
CXXC1,CBFA2T2
CXXC1,GGA2
CXXC1,ARID1A
CXXC1,MTA2
CXXC1,DR1
CXXC1,AP2A2
CXXC1,SET
CXXC1,N4BP3
CXXC1,CDC5L
CXXC1,FRS2
CXXC1,EDEM1
CXXC1,GNAI3
CXXC1,TTC39B
CXXC1,TFRC
CXXC1,SMAD2
CXXC1,GNPTAB
CXXC1,TCF12
CXXC1,PKNOX1
CXXC1,TMOD3
CXXC1,ATRX
CXXC1,KAT5
CXXC1,RAB11A
CXXC1,DDB1
CXXC1,ASPH
CXXC1,RBPJ
CXXC1,GABBR1
CXXC1,KDM2A
CXXC1,P3H4
CXXC1,EZH2
CXXC1,TMED10
CXXC1,SUZ12
CXXC1,ARPC2
CXXC1,HEXIM1
CXXC1,MYDGF
CXXC1,PDK1
CXXC1,NIPBL
CXXC1,MARC2
CXXC1,USP28
CXXC1,MBD2
CXXC1,SURF4
CXXC1,CDC73
CXXC1,SH3GLB1
CXXC1,EIF2S2
CXXC1,TMEM214
CXXC1,TIMP2
CXXC1,KDM6A
CXXC1,TMED9
CXXC1,FBRSL1
CXXC1,FGD1
CXXC1,RTN3
CXXC1,CALM1
CXXC1,TMBIM6
CXXC1,UBQLN2
CXXC1,PDCD6IP
CXXC1,ELOB
CXXC1,RCOR1
CXXC1,POFUT2
CXXC1,DNAJC3
CXXC1,TET2
CXXC1,GMNN
CXXC1,USP16
CXXC1,STX3
CXXC1,IMPDH2
CXXC1,MTF2
CXXC1,LRRC59
CXXC1,PPIB
CXXC1,HMGA1B
CXXC1,HMGA1
CXXC1,ABHD5
CXXC1,CBX2
CXXC1,NIPSNAP1
CXXC1,MAN1A2
CXXC1,SFRP1
CXXC1,TLE4
CXXC1,PCOLCE2
CXXC1,GLDC
CXXC1,ADAM10
CXXC1,GALK1
CXXC1,FUT8
CXXC1,PDIA6
CXXC1,KMT2C
CXXC1,GNB2
CXXC1,BASP1
CXXC1,PATJ
CXXC1,TXNDC5
CXXC1,BSG
CXXC1,NCAPG
CXXC1,USP7
CXXC1,SEC23A
CXXC1,ZFHX3
CXXC1,GNS
CXXC1,GNA12
CXXC1,CALU
CXXC1,CRTC3
CXXC1,SALL4
CXXC1,MSL1
CXXC1,DPY30
CXXC1,CPOX
CXXC1,SAP18
CXXC1,PARD6B
CXXC1,PRKAA2
CXXC1,XRCC5
CXXC1,AFF3
CXXC1,RBMXL2
CXXC1,NCOR2
CXXC1,SARAF
CXXC1,SUPT6
CXXC1,IRF2BPL
CXXC1,TEX264
CXXC1,IGFBP2
CXXC1,SSRP1
CXXC1,MYBL2
CXXC1,NUP210
CXXC1,REEP5
CXXC1,FHDC1
CXXC1,KDM4A
CXXC1,CD63
CXXC1,NFYA
CXXC1,KDELC2
CXXC1,GFPT1
CXXC1,P4HA1
CXXC1,ME1
CXXC1,DCLK2
CXXC1,DNAJC10
CXXC1,TYRO3
CXXC1,CHST15
CXXC1,TAF2
CXXC1,SIRT6
CXXC1,PHC1
CXXC1,NCAPH2
CXXC1,LMF2
CXXC1,KLF5
CXXC1,SSR3
CXXC1,PNP
CXXC1,TPM4
CXXC1,ENOX1
CXXC1,DNMT3B
CXXC1,IKBIP
CXXC1,APAF1
CXXC1,LMNB1
CXXC1,KDM4C
CXXC1,BMPER
CXXC1,SMYD2
CXXC1,ARHGAP1
CXXC1,ATP6V0E
CXXC1,COPG1
CXXC1,KLF2
CXXC1,ARHGAP29
CXXC1,ZFP322A
CXXC1,HDAC3
CXXC1,HDAC1
CXXC1,EHMT2
CXXC1,SEC24D
CXXC1,MPHOSPH8
CXXC1,FAM129B
CXXC1,CDK8
CXXC1,AKT1
CXXC1,NOTUM
CXXC1,KCTD10
CXXC1,TBP
CXXC1,MSL2
CXXC1,COTL1
CXXC1,RPN1
CXXC1,MOV10
CXXC1,CREB3
CXXC1,BMI1
CXXC1,HCFC1
CXXC1,CREBBP
CXXC1,CKAP4
CXXC1,CAR2
CXXC1,SETD7
CXXC1,CTSD
CXXC1,CBX5
CXXC1,SEMA4C
CXXC1,RARA
CXXC1,PTPN21
CXXC1,NCAPD3
CXXC1,GLI2
CXXC1,RBPMS2
CXXC1,THAP11
CXXC1,SOAT1
CXXC1,COBL
CXXC1,P4HB
CXXC1,LRPAP1
CXXC1,LAMA1
CXXC1,TMEM9B
CXXC1,APP
CXXC1,MDN1
CXXC1,DDX21
CXXC1,ADAM19
CXXC1,METTL3
CXXC1,MFSD1
CXXC1,BAZ1A
CXXC1,CLN6
CXXC1,COBLL1
CXXC1,SEC11A
CXXC1,SELENOW
CXXC1,ELL
CXXC1,BAG2
CXXC1,DMAP1
CXXC1,KLHDC3
CXXC1,ZFYVE21
CXXC1,LEO1
CXXC1,UTF1
CXXC1,KDM2B
CXXC1,RBBP7
CXXC1,ZFP532
CXXC1,MCRS1
CXXC1,BNC2
CXXC1,ILK
CXXC1,ARF5
CXXC1,CHD4
CXXC1,ANK
CXXC1,MAFK
CXXC1,COMMD3
CXXC1,FZD5
CXXC1,ADGRA2
CXXC1,WDR11
CXXC1,GOT1
CXXC1,MVB12B
CXXC1,ITGA6
CXXC1,TET3
CXXC1,MED23
CXXC1,STAT3
CXXC1,RPP25
CXXC1,JARID2
CXXC1,CCDC88C
CXXC1,TMEM150A
CXXC1,TGFBR3
CXXC1,WDR46
CXXC1,SELENOS
CXXC1,FUT9
CXXC1,ACP6
CXXC1,COPA
CXXC1,PDIA5
CXXC1,STAG2
CXXC1,SLC35F5
CXXC1,SLC25A4
CXXC1,CTR9
CXXC1,LDLRAP1
CXXC1,ZCCHC24
CXXC1,RCC2
CXXC1,OBSL1
CXXC1,MAP1A
CXXC1,PITPNC1
CXXC1,IER2
CXXC1,B4GALT1
CXXC1,DAP
CXXC1,LRP2
CXXC1,TFCP2L1
CXXC1,PCGF2
CXXC1,P3H1
CXXC1,FGF4
CXXC1,DPF2
CXXC1,DCTPP1
CXXC1,ATP6V0A1
CXXC1,HEATR1
CXXC1,TCOF1
CXXC1,FKBP9
CXXC1,SIN3A
CXXC1,DROSHA
CXXC1,TBRG1
CXXC1,EXT2
CXXC1,DAXX
CXXC1,SMAD3
CXXC1,COL27A1
CXXC1,GLIPR2
CXXC1,MMGT1
CXXC1,GNG10
CXXC1,JUN
CXXC1,GTF3C1
CXXC1,KAT6B
CXXC1,CLCN5
CXXC1,OAT
CXXC1,COL4A2
CXXC1,COL4A1
CXXC1,ARID3A
CXXC1,MYLPF
CXXC1,DKC1
CXXC1,KDELR1
CXXC1,TMED3
CXXC1,P3H2
CXXC1,CREB3L2
CXXC1,FN1
CXXC1,ZFP710
CXXC1,SMC1A
CXXC1,PTPN14
CXXC1,AMPD2
CXXC1,CDK7
CXXC1,MAX
CXXC1,BCLAF3
CXXC1,GNAS
CXXC1,SPNS2
CXXC1,HIRIP3
CXXC1,P4HA2
CXXC1,QSOX1
CXXC1,SOX2
CXXC1,CTBP2
CXXC1,MPRIP
CXXC1,PAF1
CXXC1,TENM4
CXXC1,NFXL1
CXXC1,ZIC2
CXXC1,KLF4
CXXC1,SORD
CXXC1,ALPL
CXXC1,PFKP
CXXC1,F3
CXXC1,MAN1A
CXXC1,SSR4
CXXC1,MOB3B
CXXC1,GPC6
CXXC1,PLOD2
CXXC1,TET1
CXXC1,TCF15
CXXC1,HSPG2
CXXC1,HSPB1
CXXC1,SH3PXD2B
CXXC1,GFPT2
CXXC1,DOCK5
CXXC1,ALG13
CXXC1,ZFP57
CXXC1,RXRA
CXXC1,CBX7
CXXC1,MYCN
CXXC1,NODAL
CXXC1,ERF
CXXC1,STARD10
CXXC1,TFE3
CXXC1,PTH1R
CXXC1,EPAS1
CXXC1,RASGRP2
CXXC1,LPAR2
CXXC1,FGFR4
CXXC1,TGIF1
CXXC1,CARHSP1
DAXX,LAMP1
DAXX,MFSD1
DAXX,APEX1
DAXX,KDM4C
DAXX,SRSF2
DAXX,TCN2
DAXX,CTSD
DAXX,GNS
DAXX,GABARAP
DAXX,SMARCA5
DDX21,TMED9
DDX21,NFXL1
DDX21,TMEM150A
DDX21,CXXC1
DDX21,NELFA
DDX21,TLE4
DDX21,CHMP4B
DDX21,EIF2S2
DDX21,PDIA5
DDX21,TCOF1
DDX21,MEN1
DDX21,SERBP1
DDX21,SSR3
DDX21,ZC3H11A
DDX21,SAP30
DDX21,TMEM214
DDX21,DERL1
DDX21,CPOX
DDX21,MAX
DDX21,KMT2B
DDX21,CBX1
DDX21,PRDM15
DDX21,RER1
DDX21,TMEM59
DDX21,DDOST
DDX21,KLHDC3
DDX21,TMED2
DDX21,TMED10
DDX21,CDK9
DDX21,DAXX
DDX21,CDK8
DDX21,SRSF2
DDX21,WDR46
DDX21,TMOD3
DDX21,HEXIM1
DDX21,VKORC1
DDX21,TXNDC12
DDX21,EP400
DDX21,ARHGAP1
DDX21,NSL1
DDX21,MED23
DDX21,MCRS1
DDX21,SUPT5
DDX21,JARID2
DDX21,SIRT6
DDX21,ARFGAP1
DDX21,KAT8
DDX21,CREB3
DDX21,ACP6
DDX21,ZFP384
DDX21,KDM5A
DDX21,HIRIP3
DDX21,FGFR1
DDX21,FBXW8
DDX21,GLO1
DDX21,GORASP2
DDX21,PPIB
DDX21,CDK7
DDX21,NUCB1
DDX21,BRD9
DDX21,DDB1
DDX21,SUPT16
DDX21,RAD21
DDX21,CDC16
DDX21,MMGT1
DDX21,THAP11
DDX21,TGOLN1
DDX21,PURB
DDX21,TRP53
DDX21,LRRC59
DDX21,EED
DDX21,SETD1A
DDX21,PAF1
DDX21,ACTL6A
DDX21,HSPA4
DDX21,TAF3
DDX21,ARF4
DDX21,TBP
DDX21,METTL3
DDX21,MDN1
DDX21,DMAP1
DDX21,PLOD3
DDX21,ARF1
DDX21,WDR11
DDX21,PHRF1
DDX21,FRS2
DDX21,USP16
DDX21,SALL4
DDX21,VAMP3
DDX21,ACBD3
DDX21,HDLBP
DDX21,SLC39A7
DDX21,E2F4
DDX21,SMARCAD1
DDX21,ZFP143
DDX21,TMEM30A
DDX21,RBBP5
DDX21,SMARCA5
DDX21,HIRA
DDX21,CTR9
DDX21,NFYA
DDX21,MED1
DDX21,POFUT2
DDX21,GTF2B
DDX21,2410141K09RIK
DDX21,WDR5
DDX21,LAMP1
DDX21,SSRP1
DDX21,INO80
DDX21,KAT5
DDX21,SEC24A
DDX21,STT3A
DDX21,COPA
DDX21,RPN2
DDX21,E4F1
DDX21,ARFIP1
DDX21,PTOV1
DDX21,PWP1
DDX21,TNKS
DDX21,PHF5A
DDX21,CDC5L
DDX21,DGCR8
DDX21,RUVBL2
DDX21,RAF1
DDX21,SMC1A
DDX21,COPB1
DDX21,YY1
DDX21,RUVBL1
DDX21,TDG
DDX21,HTATSF1
DDX21,HEATR1
DDX21,NCAPH2
DDX21,LMF2
DDX21,DNAJC10
DDX21,TAX1BP3
DDX21,MBD2
DDX21,COPG1
DDX21,BTAF1
DDX21,MTF2
DDX21,MPHOSPH8
DDX21,KMT2D
DDX21,ARPC2
DDX21,ILK
DDX21,MYDGF
DDX21,HSP90AA1
DDX21,SMARCA4
DDX21,MED26
DDX21,DPY30
DDX21,CTCF
DDX21,NFYC
DDX21,FBXO22
DDX21,CLTC
DDX21,SUMO1
DDX21,PTPN21
DDX21,YEATS4
DDX21,SRSF1
DDX21,DR1
DDX21,KDELR2
DDX21,SARAF
DDX21,COLGALT1
DDX21,GTF3C1
DDX21,DROSHA
DDX21,ADNP
DDX21,SETDB1
DDX21,NACC1
DDX21,UBA2
DDX21,TRAM1
DDX21,DARS
DDX21,PDCD6IP
DDX21,MORC3
DDX21,KCTD10
DDX21,SEC11A
DDX21,TAF2
DDX21,RRN3
DDX21,OSBP
DDX21,MPRIP
DDX21,SSR4
DDX21,SLC35F5
DDX21,PSEN1
DDX21,TM9SF3
DDX21,TMEM9B
DDX21,CDC73
DDX21,TBRG1
DDX21,UTP14A
DDX21,BSG
DDX21,ZFP428
DDX21,SMC3
DDX21,POLE4
DDX21,CALR
DDX21,KANSL3
DDX21,ERP29
DDX21,HDAC2
DDX21,TCF3
DDX21,MFSD1
DDX21,PDIA3
DDX21,GNAI3
DDX21,APPBP2
DDX21,RCN3
DDX21,SS18
DDX21,RAD23B
DDX21,MBD3
DDX21,DCTPP1
DDX21,KRTCAP2
DDX21,KDM1A
DDX21,RAB11A
DDX21,RPN1
DDX21,AEBP2
DDX21,TFRC
DDX21,P4HB
DDX21,RIF1
DDX21,NPM1
DDX21,SETX
DDX21,SSR1
DDX21,SUZ12
DDX21,SUPT6
DDX21,SEC23A
DDX21,GOT1
DDX21,TALDO1
DDX21,OSTC
DDX21,SAP18
DDX21,PARD6B
DDX21,PLA2G15
DDX21,CTSD
DDX21,SELENOS
DDX21,ATP6V0A1
DDX21,STAG1
DDX21,DPF2
DDX21,NRF1
DDX21,PDIA6
DDX21,SMARCC1
DDX21,IMPDH2
DDX21,CALU
DDX21,ZFP322A
DDX21,FBRSL1
DDX21,XRCC5
DDX21,GNAS
DDX21,LEO1
DDX21,MKRN1
DDX21,AP2A2
DDX21,ZFP281
DDX21,EZH2
DDX21,ATP6V0E
DDX21,NIPBL
DDX21,EXT2
DDX21,BAZ1B
DDX21,HSF2BP
DDX21,H13
DDX21,BCLAF3
DDX21,KMT2C
DDX21,ELL
DDX21,CALM1
DDX21,APEX1
DDX21,XPNPEP1
DDX21,RNF138
DDX21,NCAPG
DDX21,TMED3
DDX21,PRDX1
DDX21,CNOT3
DDX21,BRD4
DDX21,TMEM165
DDX21,MAPK8
DDX21,DICER1
DDX21,TMBIM6
DDX21,E2F1
DDX21,ABHD5
DDX21,MSL2
DDX21,ASPH
DDX21,GNB2
DDX21,PDK1
DDX21,HCFC1
DDX21,RAB2A
DDX21,TAF1
DDX21,RBMXL2
DDX21,ARPC5
DDX21,COTL1
DDX21,LRRC58
DDX21,NCOR1
DDX21,GFPT1
DDX21,ZBTB2
DDX21,PLEKHF2
DDX21,MARC2
DDX21,SUMO2
DDX21,PARP1
DDX21,PAFAH1B3
DDX21,NAA10
DDX21,ARID3A
DDX21,SDCBP
DDX21,SURF4
DDX21,ZFX
DDX21,ZBTB44
DDX21,SLC25A4
DDX21,MSH6
DDX21,SOD1
DDX21,KDM2B
DDX21,RBPJ
DDX21,KDM4C
DDX21,NCAPD3
DDX21,SMAD2
DDX21,CBX5
DDX21,P4HA1
DDX21,RDM1
DDX21,GNS
DDX21,ITGAV
DDX21,TXNDC5
DDX21,PLOD2
DDX21,MTA2
DDX21,KAT6B
DDX21,LMNB1
DDX21,GMNN
DDX21,QSOX1
DDX21,NFYB
DDX21,RNF2
DDX21,RANBP17
DDX21,WDR82
DDX21,CBX3
DDX21,FUT8
DDX21,FNDC3B
DDX21,DNMT3B
DDX21,NUP210
DDX21,NONO
DDX21,SNX7
DDX21,BEND5
DDX21,PATJ
DDX21,TRIM28
DDX21,KDM6A
DDX21,GLMP
DDX21,MYL6
DDX21,CBX8
DDX21,UHRF1
DDX21,RFFL
DDX21,MAN1A2
DDX21,ELOB
DDX21,GXYLT1
DDX21,CBFA2T2
DDX21,DNAJC3
DDX21,RRAS2
DDX21,ANP32A
DDX21,SMAD1
DDX21,ZFP979
DDX21,CBX2
DDX21,HSP90AB1
DDX21,CPD
DDX21,STAG2
DDX21,GGA2
DDX21,KLF2
DDX21,ARID1A
DDX21,PNP
DDX21,ADAM10
DDX21,LAMC1
DDX21,ETV4
DDX21,BMPR2
DDX21,MAPKAPK2
DDX21,RCOR1
DDX21,BRD2
DDX21,TCF12
DDX21,COMMD3
DDX21,CDC42SE2
DDX21,ITGB1
DDX21,MAFK
DDX21,LYN
DDX21,KDM5B
DDX21,ZMYND8
DDX21,ZFYVE21
DDX21,PCOLCE2
DDX21,CHD1
DDX21,ZFP217
DDX21,MSL3
DDX21,ZFHX3
DDX21,CREBBP
DDX21,SLC16A1
DDX21,MSH2
DDX21,PRKAA2
DDX21,KDM4A
DDX21,LDLRAP1
DDX21,GNPTAB
DDX21,NASP
DDX21,HDAC1
DDX21,USP28
DDX21,KDELC2
DDX21,DCLK2
DDX21,CRTC3
DDX21,TGIF2
DDX21,CBX7
DDX21,TCF15
DDX21,EDEM1
DDX21,FKBP9
DDX21,HNRNPL
DDX21,KDELR3
DDX21,MAP1A
DDX21,PTP4A1
DDX21,STAT3
DDX21,CCDC88C
DDX21,B4GALT1
DDX21,SH3GLB1
DDX21,GSR
DDX21,SELENOW
DDX21,RBBP7
DDX21,MED12
DDX21,USP7
DDX21,LY75
DDX21,SLC7A6
DDX21,LAMA1
DDX21,SIK1
DDX21,LRP2
DDX21,DAP
DDX21,TET3
DDX21,RTN3
DDX21,COBLL1
DDX21,CAR2
DDX21,SNX2
DDX21,TGFBR3
DDX21,TEX264
DDX21,SET
DDX21,RRBP1
DDX21,KLF5
DDX21,BAZ1A
DDX21,HIP1
DDX21,GALNT7
DDX21,GALK1
DDX21,PKNOX1
DDX21,GLIPR2
DDX21,ASS1
DDX21,UBQLN2
DDX21,FAM114A1
DDX21,GSN
DDX21,CD63
DDX21,SEC24D
DDX21,OAT
DDX21,IKBIP
DDX21,APAF1
DDX21,N4BP3
DDX21,MOB3B
DDX21,AARS
DDX21,STX3
DDX21,HMGA1B
DDX21,HMGA1
DDX21,ANO10
DDX21,FHDC1
DDX21,XBP1
DDX21,P3H4
DDX21,SRI
DDX21,KDELR1
DDX21,AMFR
DDX21,SIN3A
DDX21,OPLAH
DDX21,PRDX4
DDX21,ALG13
DDX21,ZIC2
DDX21,P3H1
DDX21,ENOX1
DDX21,FAM129B
DDX21,PITPNC1
DDX21,DAB2
DDX21,ADAM23
DDX21,TYRO3
DDX21,RCC2
DDX21,ARHGAP29
DDX21,LTBP4
DDX21,GLDC
DDX21,FKBP5
DDX21,TPD52
DDX21,TIMP2
DDX21,CTBP2
DDX21,MYH9
DDX21,MYBL2
DDX21,RYBP
DDX21,GABBR1
DDX21,FN1
DDX21,HELB
DDX21,RAP1GDS1
DDX21,GNA12
DDX21,MSL1
DDX21,CTSL
DDX21,KDM2A
DDX21,OBSL1
DDX21,COL4A2
DDX21,COL4A1
DDX21,CLCN5
DDX21,F3
DDX21,ZFP990
DDX21,EFEMP2
DDX21,BMPER
DDX21,PIPOX
DDX21,ANXA4
DDX21,TUBB2B
DDX21,ELL2
DDX21,SOAT1
DDX21,MYLPF
DDX21,P4HA2
DDX21,ME1
DDX21,KLF4
DDX21,NCOR2
DDX21,ITPK1
DDX21,ZFP42
DDX21,MVB12B
DDX21,GCNT1
DDX21,ZFP57
DDX21,SMAD3
DDX21,CST3
DDX21,TPM4
DDX21,ST5
DDX21,SFRP1
DDX21,SEMA4C
DDX21,BMP1
DDX21,ZFP819
DDX21,EP300
DDX21,CHCHD10
DDX21,BAG2
DDX21,REEP5
DDX21,RPP25
DDX21,RETREG1
DDX21,IRF2BPL
DDX21,B2M
DDX21,RARA
DDX21,SPOCK1
DDX21,DUSP27
DDX21,B4GALNT4
DDX21,SELENOM
DDX21,CHST15
DDX21,ALDH2
DDX21,ADAM19
DDX21,ATRX
DDX21,ZFP710
DDX21,ATF7IP
DDX21,COBL
DDX21,ARL8A
DDX21,HDAC3
DDX21,SMYD2
DDX21,PTPN14
DDX21,LAMB2
DDX21,EMP2
DDX21,DRAM1
DDX21,JUN
DDX21,RBPMS2
DDX21,EHMT2
DDX21,APP
DDX21,TFCP2L1
DDX21,IGFBP2
DDX21,TSPAN9
DDX21,NID1
DDX21,MSX2
DDX21,FGFR4
DDX21,CREB3L2
DDX21,SETD7
DDX21,PHLDB2
DDX21,LRRC34
DDX21,PARVA
DDX21,UBTF
DDX21,DTX3L
DDX21,TET2
DDX21,ZCCHC24
DDX21,SERPING1
DDX21,ZYX
DDX21,SLC39A1
DDX21,PRKCE
DDX21,P3H2
DDX21,MRAS
DDX21,FGF4
DDX21,VSIR
DDX21,IFITM2
DDX21,CDH6
DDX21,ADGRA2
DDX21,TTC39B
DDX21,TFE3
DDX21,VAMP8
DDX21,HS3ST1
DDX21,HAP1
DDX21,GFPT2
DDX21,ZFP459
DDX21,CTSZ
DDX21,PFKP
DDX21,GLI2
DDX21,FZD5
DDX21,PTH1R
DDX21,BNC2
DDX21,STARD10
DDX21,SORD
DDX21,FRMD4A
DDX21,FUT9
DDX21,FGF3
DDX21,PCBD1
DDX21,NIPSNAP1
DDX21,MYMX
DDX21,RAB3IL1
DDX21,MOV10
DDX21,SMARCA2
DDX21,GNG10
DDX21,ARHGEF5
DDX21,TMEM144
DDX21,NOTUM
DDX21,FBLIM1
DDX21,COL27A1
DDX21,RXRA
DDX21,NMNAT2
DDX21,ETV5
DDX21,AMPD2
DDX21,ITGA6
DDX21,SPNS2
DDX21,CARHSP1
DDX21,SHTN1
DDX21,LGALS3
DDX21,L1TD1
DDX21,ARF5
DDX21,CERS4
DDX21,GPC6
DDX21,GGTA1
DDX21,DUSP6
DDX21,TCEA3
DDX21,JAM2
DDX21,GCNT2
DDX21,ELL3
DGCR8,KAT6B
DGCR8,MTF2
DGCR8,NPM1
DGCR8,HSP90AA1
DGCR8,IMPDH2
DGCR8,HSPB1
DGCR8,SMARCA5
DGCR8,APEX1
DGCR8,ADNP
DGCR8,ELL
DGCR8,PSEN1
DGCR8,RBPJ
DGCR8,GABARAP
DGCR8,HSP90AB1
DGCR8,JAM2
DGCR8,ZFP143
DGCR8,TET1
DGCR8,ARID1A
DGCR8,SERPINH1
DGCR8,RPN1
DGCR8,TBRG1
DGCR8,LRRC34
DGCR8,ZFP384
DGCR8,SMARCA4
DGCR8,SIN3A
DGCR8,ATP6V0E
DGCR8,ZFP532
DGCR8,TGIF1
DGCR8,ARPC2
DGCR8,DARS
DGCR8,LTBP4
DGCR8,ZFP281
DGCR8,TRIM28
DGCR8,MBD3
DGCR8,UBTF
DGCR8,CLTC
DGCR8,KAT8
DICER1,ZFP990
DICER1,2410141K09RIK
DICER1,SMARCA5
DICER1,ZFP979
DICER1,BTAF1
DICER1,DARS
DICER1,BMPR2
DICER1,ARF4
DICER1,LAMC1
DICER1,HDLBP
DICER1,MAP1A
DICER1,MPHOSPH8
DICER1,NELFA
DICER1,SLC35F5
DICER1,AFF3
DICER1,COPA
DPF2,KANSL3
DPF2,PRDM15
DPF2,ARID1A
DPF2,RBPJ
DPF2,KMT2C
DPF2,GLI1
DPF2,LAMB2
DPF2,GDPD5
DPF2,GPC6
DPF2,TET1
DPF2,SEMA4C
DPF2,ZFP384
DPF2,COLGALT1
DPF2,HSP90AA1
DPF2,SMARCA5
DPF2,NFYC
DPF2,P4HA1
DPPA2,FUT8
DPPA2,PATJ
DPPA2,MARC2
DPPA2,RANBP17
DPPA2,ADAM23
DPPA2,LAMA1
DPPA2,GLDC
DPPA2,IGFBP2
DPPA2,GLO1
DPPA2,SHTN1
DPPA2,TCF15
DPPA2,TGIF2
DPPA2,FGFR4
DPPA2,CAR2
DPPA2,TDG
DPPA2,PDIA5
DPPA2,SMARCA5
DPPA2,FBRSL1
DPPA2,P3H2
DPPA2,ADAM10
DPPA2,CDC16
DPPA2,TXNDC5
DPPA2,NUP210
DPPA2,RPN2
DPPA2,SFRP1
DPPA2,GSR
DPPA2,TET2
DPPA2,COBL
DPPA2,CPOX
DPPA2,RNF2
DPPA2,EXT2
DPPA2,PTP4A1
DPPA2,GNAS
DPPA2,PCOLCE2
DPPA2,SMAD1
DPPA2,AMFR
DPPA2,PRDM15
DPPA2,ARHGAP29
DPPA2,LAMC1
DPPA2,HIRA
DPPA2,FHDC1
DPPA2,RETREG1
DPPA2,ASPH
DPPA2,FBXO22
DPPA2,EPOP
DPPA2,KRT8
DPPA2,KDM2B
DPPA2,DCLK2
DPPA2,RBMXL2
DPPA2,WDR5
DPPA2,RFFL
DPPA2,ZBTB44
DPPA2,SPNS2
DPPA2,KHDC3
DPPA2,TMOD3
DPPA2,XBP1
DPPA2,FBXW8
DPPA2,EP400
DPPA2,NRF1
DPPA2,ITGAV
DPPA2,KDELC2
DPPA2,PDE4DIP
DPPA2,TPD52
DPPA2,LRRC58
DPPA2,GALNT7
DPPA2,SMC3
DPPA2,MSH2
DPPA2,EDEM1
DPPA2,CPD
DPPA2,LAMP1
DPPA2,ITGA6
DPPA2,SS18
DPPA2,AFF3
DPPA2,NACC1
DPPA2,CRTC3
DPPA2,DNAJC3
DPPA2,ANK
DPPA2,SH3GLB1
DPPA2,TMED10
DPPA2,TM9SF3
DPPA2,TMEM165
DPPA2,COBLL1
DPPA2,NCAPD3
DPPA2,GNS
DPPA2,GSN
DPPA2,PLEKHF2
DPPA2,SAP30
DPPA2,BMPER
DPPA2,SNX7
DPPA2,ZFHX3
DPPA2,ENOX1
DPPA2,RRAS2
DPPA2,SMYD2
DPPA2,JUN
DPPA2,CKAP4
DPPA2,ZIC2
DPPA2,GGA2
DPPA2,PRKAA2
DPPA2,ZCCHC24
DPPA2,BTAF1
DPPA2,STARD10
DPPA2,COL4A2
DPPA2,COL4A1
DPPA2,ME1
DPPA2,MAN1A2
DPPA2,ELL2
DPPA2,SETDB1
DPPA2,TLE4
DPPA2,BRD4
DPPA2,HDAC2
DPPA2,CBFA2T2
DPPA2,MOB3B
DPPA2,GNA12
DPPA2,VAMP3
DPPA2,LRP2
DPPA2,ZFP281
DPPA2,RRBP1
DPPA2,COLGALT1
DPPA2,EZH2
DPPA2,E2F1
DPPA2,DPY30
DPPA2,FGFR1
DPPA2,RYBP
DPPA2,GFPT1
DPPA2,DICER1
DPPA2,PTPN21
DPPA2,EP300
DPPA2,CCDC88C
DPPA2,SETX
DPPA2,SUMO2
DPPA2,ATF7IP
DPPA2,PCBD1
DPPA2,ZFP532
DPPA2,TRAM1
DPPA2,FAM114A1
DPPA2,NCOR2
DPPA2,ARL8A
DPPA2,RRN3
DPPA2,RAF1
DPPA2,SDCBP
DPPA2,SEC24A
DPPA2,PURB
DPPA2,ADGRA2
DPPA2,CHST15
DPPA2,CDC42SE2
DPPA2,RER1
DPPA2,KDM1A
DPPA2,RAP1GDS1
DPPA2,CHD7
DPPA2,PDIA3
DPPA2,HSF2BP
DPPA2,CDK8
DPPA2,UBQLN2
DPPA2,GORASP2
DPPA2,FRS2
DPPA2,CBX2
DPPA2,TIMP2
DPPA2,TGFBR3
DPPA2,ADNP
DPPA2,HDLBP
DPPA2,DROSHA
DPPA2,INO80
DPPA2,TMEM9B
DPPA2,GXYLT1
DPPA2,AP2A2
DPPA2,CDH6
DPPA2,ACP6
DPPA2,TYRO3
DPPA2,CHD1
DPPA2,RNF138
DPPA2,MVB12B
DPPA2,MPRIP
DPPA2,ETV4
DPPA2,PHLDB2
DPPA2,LMNB1
DPPA2,APP
DPPA2,ALPL
DPPA2,H13
DPPA2,MOV10
DPPA2,PSEN1
DPPA2,TAF3
DPPA2,PWP1
DPPA2,BAZ1B
DPPA2,SETD7
DPPA2,CALU
DPPA2,PLOD2
DPPA2,P3H1
DPPA2,RAB2A
DPPA2,SMAD2
DPPA2,TCF12
DPPA2,SMARCAD1
DPPA2,DR1
DPPA2,NELFA
DPPA2,SIK1
DPPA2,CDC73
DPPA2,FNDC3B
DPPA2,DOCK5
DPPA2,DERL1
DPPA2,USP16
DPPA2,DGCR8
DPPA2,SMARCA2
DPPA2,COL27A1
DPPA2,PTPN14
DPPA2,PHF5A
DPPA2,SNX2
DPPA2,SERBP1
DPPA2,CRYAB
DPPA2,BAZ1A
DPPA2,MBD2
DPPA2,ZFP217
DPPA2,GNPTAB
DPPA2,BNC2
DPPA2,TNKS
DPPA2,P4HA2
DPPA2,P3H4
DPPA2,DTX1
DPPA2,DDOST
DPPA2,CTCF
DPPA2,TPM4
DPPA2,NFYB
DPPA2,TET3
DPPA2,PARD6B
DPPA2,RBPMS2
DPPA2,SLC16A1
DPPA2,OPLAH
DPPA2,ITGB1
DPPA2,GLIPR2
DPPA2,B4GALT1
DPPA2,SUZ12
DPPA2,FGD1
DPPA2,KANSL3
DPPA2,RPN1
DPPA2,B4GALNT4
DPPA2,TFCP2L1
DPPA2,SUPT16
DPPA2,TTC39B
DPPA2,RCOR1
DPPA2,MAPKAPK2
DPPA2,TMEM150A
DPPA2,GPX3
DPPA2,EED
DPPA2,PFKP
DPPA2,HMGA1B
DPPA2,HMGA1
DPPA2,LDLRAP1
DPPA2,SAP18
DPPA2,COPB1
DPPA2,STT3A
DPPA2,SLC25A4
DPPA2,CHMP4B
DPPA2,RARA
DPPA2,PDIA6
DPPA2,ITPK1
DPPA2,STAG1
DPPA2,FKBP5
DPPA2,CREBBP
DPPA2,SPOCK1
DPPA2,SH3PXD2B
DPPA2,CDC5L
DPPA2,MSL2
DPPA2,SEC23A
DPPA2,GTF3C1
DPPA2,SSR3
DPPA2,ARPC2
DPPA2,SORD
DPPA2,CBX3
DPPA2,RIF1
DPPA2,DAB2
DPPA2,HSPB1
DPPA2,NAA10
DPPA2,SEC24D
DPPA2,SETD1A
DPPA2,COMMD3
DPPA2,CALM1
DPPA2,SMARCA4
DPPA2,BEND5
DPPA2,FAM129B
DPPA2,LRRC59
DPPA2,DDX21
DPPA2,NIPBL
DPPA2,MORC3
DPPA2,PRKCE
DPPA2,IKBIP
DPPA2,APAF1
DPPA2,DAP
DPPA2,HELB
DPPA2,YY1
DPPA2,ZFP384
DPPA2,STX3
DPPA2,ZFP57
DPPA2,RDM1
DPPA2,RBBP5
DPPA2,SHF
DPPA2,CEMIP
DPPA2,SUMO1
DPPA2,POLE4
DPPA2,SRSF1
DPPA2,MRAS
DPPA2,CDK9
DPPA2,RBPJ
DPPA2,OSBP
DPPA2,FZD5
DPPA2,MAP1A
DPPA2,ZBTB2
DPPA2,ZFP990
DPPA2,AEBP2
DPPA2,TCOF1
DPPA2,NPM1
DPPA2,SELENOM
DPPA2,APOBEC3
DPPA2,SELENON
DPPA2,MED23
DPPA2,CLTC
DPPA2,ELOB
DPPA2,AARS
DPPA2,COTL1
DPPA2,ARFIP1
DPPA2,KLF4
DPPA2,ARFGAP1
DPPA2,NFYC
DPPA2,MAX
DPPA2,AKT1
DPPA2,2410141K09RIK
DPPA2,VKORC1
DPPA2,PAF1
DPPA2,TAF1
DPPA2,PKNOX1
DPPA2,SPARC
DPPA2,APPBP2
DPPA2,ZFP979
DPPA2,LGALS3
DPPA2,CTSD
DPPA2,ARF5
DPPA2,FOXH1
DPPA2,IMPDH2
DPPA2,NIPSNAP1
DPPA2,KRT17
DPPA2,SRGN
DPPA4,FUT8
DPPA4,RPN2
DPPA4,SMAD1
DPPA4,GLDC
DPPA4,PDIA5
DPPA4,FBXW8
DPPA4,CDC16
DPPA4,PRDM15
DPPA4,CPOX
DPPA4,GLO1
DPPA4,MARC2
DPPA4,ADAM23
DPPA4,COLGALT1
DPPA4,HIRA
DPPA4,RETREG1
DPPA4,IGFBP2
DPPA4,RANBP17
DPPA4,P3H2
DPPA4,TMOD3
DPPA4,EXT2
DPPA4,GSR
DPPA4,LAMA1
DPPA4,KDM2A
DPPA4,DCLK2
DPPA4,JUN
DPPA4,CAR2
DPPA4,ZBTB44
DPPA4,WDR5
DPPA4,GNA12
DPPA4,COBLL1
DPPA4,SPNS2
DPPA4,TGIF2
DPPA4,FBXO22
DPPA4,ITGAV
DPPA4,BTAF1
DPPA4,NUP210
DPPA4,TET2
DPPA4,LRRC58
DPPA4,RNF2
DPPA4,ASPH
DPPA4,PDE4DIP
DPPA4,SHTN1
DPPA4,DAB2
DPPA4,TXNDC5
DPPA4,PCOLCE2
DPPA4,TCF15
DPPA4,FBRSL1
DPPA4,TMEM165
DPPA4,RRAS2
DPPA4,MSH2
DPPA4,EPOP
DPPA4,ADNP
DPPA4,GFPT1
DPPA4,TM9SF3
DPPA4,ITGA6
DPPA4,KHDC3
DPPA4,KDM2B
DPPA4,LAMC1
DPPA4,COL4A2
DPPA4,COL4A1
DPPA4,NOTUM
DPPA4,SNX7
DPPA4,NCOR2
DPPA4,ADGRA2
DPPA4,SAP30
DPPA4,TMED10
DPPA4,AFF3
DPPA4,PWP1
DPPA4,ZFHX3
DPPA4,REST
DPPA4,FGFR1
DPPA4,TPD52
DPPA4,RXRA
DPPA4,KDELC2
DPPA4,SS18
DPPA4,CDC5L
DPPA4,SH3GLB1
DPPA4,NCAPD3
DPPA4,MAN1A
DPPA4,ANK
DPPA4,ENOX1
DPPA4,BMPER
DPPA4,EP400
DPPA4,GALNT7
DPPA4,DPY30
DPPA4,GORASP2
DPPA4,RPP25
DPPA4,SETDB1
DPPA4,SELENON
DPPA4,DNMT3B
DPPA4,AMFR
DPPA4,LRP2
DPPA4,DOCK5
DPPA4,RRBP1
DPPA4,EP300
DPPA4,ADAM10
DPPA4,NACC1
DPPA4,DICER1
DPPA4,CRTC3
DPPA4,STARD10
DPPA4,DROSHA
DPPA4,CKAP4
DPPA4,RRN3
DPPA4,COBL
DPPA4,GNAS
DPPA4,RFFL
DPPA4,ME1
DPPA4,PRKAA2
DPPA4,GNS
DPPA4,FGFR4
DPPA4,LAMP1
DPPA4,SUMO2
DPPA4,CBX2
DPPA4,ELL2
DPPA4,KDM1A
DPPA4,DDOST
DPPA4,CPD
DPPA4,MPRIP
DPPA4,PTP4A1
DPPA4,PDIA3
DPPA4,ZFP281
DPPA4,KANSL3
DPPA4,SDCBP
DPPA4,KDELR2
DPPA4,XBP1
DPPA4,TMEM9B
DPPA4,HDAC2
DPPA4,SMYD2
DPPA4,TNKS
DPPA4,CDK8
DPPA4,DNAJC3
DPPA4,RBMXL2
DPPA4,BRD4
DPPA4,EDEM1
DPPA4,TCF12
DPPA4,RAB2A
DPPA4,SEC24D
DPPA4,RNF138
DPPA4,NRF1
DPPA4,FKBP5
DPPA4,DTX3L
DPPA4,TAF3
DPPA4,CCDC88C
DPPA4,ZFP532
DPPA4,SEC24A
DPPA4,SMAD2
DPPA4,MAN1A2
DPPA4,FHDC1
DPPA4,CLTC
DPPA4,TLE4
DPPA4,KMT2D
DPPA4,E2F1
DPPA4,TGFBR3
DPPA4,FRMD4A
DPPA4,PTPN21
DPPA4,GNPTAB
DPPA4,SMARCA5
DPPA4,DGCR8
DPPA4,H13
DPPA4,KRT8
DPPA4,RIF1
DPPA4,RBPJ
DPPA4,BCLAF3
DPPA4,FKBP9
DPPA4,SMARCAD1
DPPA4,CDC73
DPPA4,N4BP3
DPPA4,SOD1
DPPA4,XPNPEP1
DPPA4,FAM114A1
DPPA4,MVB12B
DPPA4,CREBBP
DPPA4,TDG
DPPA4,SLC16A1
DPPA4,SETD1A
DPPA4,RAP1GDS1
DPPA4,ZCCHC24
DPPA4,PLOD2
DPPA4,P3H1
DPPA4,OSBP
DPPA4,LMNB1
DPPA4,PLEKHF2
DPPA4,SMC3
DPPA4,INO80
DPPA4,SLC25A4
DPPA4,PHLDB2
DPPA4,MBD2
DPPA4,CDC42SE2
DPPA4,ETV4
DPPA4,NFYB
DPPA4,ITPK1
DPPA4,EZH2
DPPA4,SLC7A6
DPPA4,FRS2
DPPA4,HDLBP
DPPA4,PTPN14
DPPA4,PRKCE
DPPA4,KLF5
DPPA4,RYBP
DPPA4,TRAM1
DPPA4,SETX
DPPA4,PXDN
DPPA4,MOB3B
DPPA4,AP2A2
DPPA4,AEBP2
DPPA4,FNDC3B
DPPA4,RBPMS2
DPPA4,ATF7IP
DPPA4,TIMP2
DPPA4,GLIPR2
DPPA4,DR1
DPPA4,PURB
DPPA4,PITPNC1
DPPA4,MRAS
DPPA4,TMEM214
DPPA4,SNX2
DPPA4,CALU
DPPA4,STT3A
DPPA4,CHD1
DPPA4,SURF4
DPPA4,TYRO3
DPPA4,DERL1
DPPA4,P3H4
DPPA4,CHD7
DPPA4,P4HA2
DPPA4,ITGB1
DPPA4,NIPBL
DPPA4,RER1
DPPA4,RPN1
DPPA4,ARL8A
DPPA4,ACTL6A
DPPA4,ZFP384
DPPA4,VAMP3
DPPA4,POFUT2
DPPA4,MAP1A
DPPA4,STAG1
DPPA4,BNC2
DPPA4,APP
DPPA4,MAPKAPK2
DPPA4,EED
DPPA4,USP16
DPPA4,EVA1A
DPPA4,DNAJC10
DPPA4,NCOR1
DPPA4,CDK9
DPPA4,DDX21
DPPA4,CREB3L2
DPPA4,NELFA
DPPA4,BAZ1A
DPPA4,HELB
DPPA4,SERBP1
DPPA4,SEC23A
DPPA4,TET3
DPPA4,SUPT16
DPPA4,THAP11
DPPA4,CBX1
DPPA4,SORD
DPPA4,ARF4
DPPA4,REEP5
DPPA4,PFKP
DPPA4,MOV10
DPPA4,RCOR1
DPPA4,SETD7
DPPA4,ZBTB2
DPPA4,CTCF
DPPA4,MYLPF
DPPA4,CTDSPL
DPPA4,GCNT1
DPPA4,CBX3
DPPA4,GNAI3
DPPA4,RTN3
DPPA4,GGTA1
DPPA4,SUMO1
DPPA4,TMEM30A
DPPA4,ARPC2
DPPA4,KMT2C
DPPA4,TPM4
DPPA4,PKNOX1
DPPA4,SSR3
DPPA4,LDLRAP1
DPPA4,POLE4
DPPA4,MYH9
DPPA4,ZFP217
DPPA4,AKT1
DPPA4,PSEN1
DPPA4,LRRC59
DPPA4,CBX8
DPPA4,SH3PXD2B
DPPA4,YY1
DPPA4,CRYAB
DPPA4,GTF2B
DPPA4,NCAPG
DPPA4,COPB1
DPPA4,FAM129B
DPPA4,BEND5
DPPA4,SET
DPPA4,PARVA
DPPA4,CD63
DPPA4,HMGA1B
DPPA4,HMGA1
DPPA4,CLN6
DPPA4,SSR1
DPPA4,KLF4
DPPA4,FUT9
DPPA4,DAP
DPPA4,RAB11A
DPPA4,SIK1
DPPA4,ANP32A
DPPA4,SPOCK1
DPPA4,SMAD3
DPPA4,STX3
DPPA4,SHF
DPPA4,RARA
DPPA4,SUPT5
DPPA4,BMI1
DPPA4,RAD23B
DPPA4,BRD9
DPY30,DERL1
DPY30,PHRF1
DPY30,GLO1
DPY30,EP400
DPY30,RAB11A
DPY30,DARS
DPY30,PHF5A
DPY30,CDC5L
DPY30,BRD9
DPY30,HDLBP
DPY30,TMBIM6
DPY30,KDM5A
DPY30,POLE4
DPY30,CDK7
DPY30,KMT2C
DPY30,GFPT1
DPY30,SETD1A
DPY30,DROSHA
DPY30,DDX21
DPY30,TCF3
DPY30,SMARCAD1
DPY30,FGFR1
DPY30,GMNN
DPY30,ACTL6A
DPY30,NCAPD3
DPY30,SUPT16
DPY30,TXNDC5
DPY30,EZH2
DPY30,RBBP5
DPY30,CPOX
DPY30,H13
DPY30,RARA
DPY30,ETV4
DPY30,HTATSF1
DPY30,ARF4
DPY30,ATP6V0E
DPY30,NELFA
DPY30,CREB3L2
DPY30,CBX1
DPY30,NFYC
DPY30,RPN2
DPY30,NASP
DPY30,TMED3
DPY30,B4GALT1
DPY30,KMT2B
DPY30,ZFP322A
DPY30,EED
DPY30,RPN1
DPY30,SOD1
DPY30,AMFR
DPY30,TALDO1
DPY30,TXNDC12
DPY30,OAT
DPY30,OSTC
DPY30,CTR9
DPY30,STT3A
DPY30,MCRS1
DPY30,MSH6
DPY30,ELL
DPY30,HIRA
DPY30,TMED10
DPY30,CAR2
DPY30,TMOD3
DPY30,NSL1
DPY30,ARHGAP1
DPY30,SUPT6
DPY30,ASPH
DPY30,KAT5
DPY30,CDK8
DPY30,THAP11
DPY30,PDIA3
DPY30,MSH2
DPY30,DR1
DPY30,CALM1
DPY30,GNA12
DPY30,APPBP2
DPY30,LRP2
DPY30,TBRG1
DPY30,INO80
DPY30,CCDC88C
DPY30,SARAF
DPY30,METTL3
DPY30,PWP1
DPY30,MTA2
DPY30,ARPC5
DPY30,MED1
DPY30,EPAS1
DPY30,SUPT5
DPY30,MYC
DPY30,RNF138
DPY30,RANBP17
DPY30,SIN3A
DPY30,GLIPR2
DPY30,MPHOSPH8
DPY30,TMEM59
DPY30,CST3
DPY30,DCTPP1
DPY30,BAZ1B
DPY30,TRAM1
DPY30,LAMC1
DPY30,UBQLN2
DPY30,DNAJC10
DPY30,SAP30
DPY30,P4HB
DPY30,PURB
DPY30,IMPDH2
DPY30,HEATR1
DPY30,TBP
DPY30,SMARCA4
DPY30,PDIA5
DPY30,SIRT6
DPY30,RARG
DPY30,FBXO22
DPY30,TAF3
DPY30,KAT6B
DPY30,DMAP1
DPY30,PARP1
DPY30,CALU
DPY30,RAF1
DPY30,RAP1GDS1
DPY30,ZIC2
DPY30,PAFAH1B3
DPY30,ZFP428
DPY30,TGOLN1
DPY30,SLC7A6
DPY30,RRAS2
DPY30,CTCF
DPY30,SMC3
DPY30,SMARCA5
DPY30,KDM4A
DPY30,HDAC2
DPY30,GXYLT1
DPY30,BMPR2
DPY30,TMED9
DPY30,VAMP3
DPY30,TGIF2
DPY30,SSR1
DPY30,PRDX1
DPY30,GCNT1
DPY30,TSPAN9
DPY30,ZFP384
DPY30,COL4A2
DPY30,COL4A1
DPY30,KAT8
DPY30,ATF7IP
DPY30,ARFIP1
DPY30,PRDX4
DPY30,XRCC5
DPY30,PLA2G15
DPY30,NCAPG
DPY30,YEATS4
DPY30,TLE4
DPY30,SMC1A
DPY30,TGFBR3
DPY30,SUZ12
DPY30,KCTD10
DPY30,ADAM10
DPY30,NUCB1
DPY30,NFXL1
DPY30,SEC23A
DPY30,KMT2D
DPY30,GALNT7
DPY30,SELENOM
DPY30,CDC73
DPY30,FUT8
DPY30,CBX3
DPY30,SH3GLB1
DPY30,MARC2
DPY30,CDC16
DPY30,CDK9
DPY30,SERBP1
DPY30,KDM2B
DPY30,HSPG2
DPY30,KDM6A
DPY30,KDELR2
DPY30,FBRSL1
DPY30,SLC25A4
DPY30,MSL3
DPY30,MYDGF
DPY30,E4F1
DPY30,MAP1A
DPY30,APEX1
DPY30,ERP29
DPY30,TAX1BP3
DPY30,RER1
DPY30,HAP1
DPY30,STAG1
DPY30,RBPJ
DPY30,MMGT1
DPY30,RYBP
DPY30,NCAPH2
DPY30,LMF2
DPY30,FRS2
DPY30,TMEM150A
DPY30,PPIB
DPY30,SLC35F5
DPY30,TRIM28
DPY30,TM9SF3
DPY30,SUMO2
DPY30,YY1
DPY30,TMED2
DPY30,CBX5
DPY30,UHRF1
DPY30,TUBB2B
DPY30,SNX7
DPY30,GGA2
DPY30,TPM4
DPY30,SMAD1
DPY30,RTN3
DPY30,LEO1
DPY30,UTF1
DPY30,POFUT2
DPY30,MORC3
DPY30,TMEM9B
DPY30,TMEM30A
DPY30,BSG
DPY30,VKORC1
DPY30,TCOF1
DPY30,IER2
DPY30,SS18
DPY30,SMAD2
DPY30,RUVBL1
DPY30,P3H1
DPY30,COPB1
DPY30,GTF3C1
DPY30,AFF3
DPY30,WDR82
DPY30,SEC24D
DPY30,IRF2BPL
DPY30,CBX2
DPY30,ZFHX3
DPY30,MSL2
DPY30,LRRC58
DPY30,COPA
DPY30,CKAP4
DPY30,MOB3B
DPY30,MAX
DPY30,GSR
DPY30,SSRP1
DPY30,SETX
DPY30,COL18A1
DPY30,APP
DPY30,WDR46
DPY30,SRSF2
DPY30,NACC1
DPY30,KDELC2
DPY30,SAP18
DPY30,GLDC
DPY30,PTPN14
DPY30,SDCBP
DPY30,QSOX1
DPY30,DNAJC3
DPY30,MCM2
DPY30,ETV1
DPY30,SRSF1
DPY30,TET3
DPY30,PNP
DPY30,FBXW8
DPY30,SELENOS
DPY30,ERAS
DPY30,HELB
DPY30,ZFYVE21
DPY30,SETD7
DPY30,NID1
DPY30,GNPTAB
DPY30,BCLAF3
DPY30,MKRN1
DPY30,HIP1
DPY30,GPC6
DPY30,GNAI3
DPY30,COPG1
DPY30,UPP1
DPY30,DDB1
DPY30,ARF1
DPY30,SLC39A1
DPY30,SALL4
DPY30,RBMXL2
DPY30,MAN1A
DPY30,EDEM1
DPY30,WDR5
DPY30,MED23
DPY30,IKBIP
DPY30,FHDC1
DPY30,APAF1
DPY30,SELENOW
DPY30,RDM1
DPY30,RCOR1
DPY30,LAMB1
DPY30,ARPC2
DPY30,KDM4C
DPY30,KDM2A
DPY30,CDC42SE2
DPY30,BMP1
DPY30,ARID1A
DPY30,TNKS
DPY30,PTP4A1
DPY30,KANSL3
DPY30,RAD23B
DPY30,E2F4
DPY30,BRD4
DPY30,SEMA4C
DPY30,NRF1
DPY30,HSPA4
DPY30,ZBTB44
DPY30,SORD
DPY30,HEXIM1
DPY30,TPD52
DPY30,CERS4
DPY30,ANXA4
DPY30,SEC11A
DPY30,RFFL
DPY30,ZBTB2
DPY30,TIMP3
DPY30,STAT3
DPY30,DNMT3B
DPY30,SSR4
DPY30,SNX2
DPY30,AARS
DPY30,LRRC59
DPY30,ELOB
DPY30,CTDSPL
DPY30,MYH9
DPY30,MFSD1
DPY30,HDAC3
DPY30,HCFC1
DPY30,DUSP6
DPY30,BASP1
DPY30,XPNPEP1
DPY30,SPNS2
DPY30,SLC16A1
DPY30,REEP5
DPY30,BTAF1
DPY30,TFRC
DPY30,P3H4
DPY30,MDN1
DPY30,DAXX
DPY30,ANK
DPY30,USP16
DPY30,ST5
DPY30,PDCD6IP
DPY30,ITGB1
DPY30,PSEN1
DPY30,ASS1
DPY30,CLTC
DPY30,RIF1
DPY30,PDK1
DPY30,P3H2
DPY30,NIPSNAP1
DPY30,TCF12
DPY30,FKBP9
DPY30,DCLK2
DPY30,ARL8A
DPY30,PLOD2
DPY30,FKBP5
DPY30,ZFP143
DPY30,SPOCK1
DPY30,PKNOX1
DPY30,HDAC1
DPY30,GABARAP
DR1,BSG
DR1,CDC73
DR1,ITGA6
DR1,SURF4
DR1,DNMT3B
DR1,COLGALT1
DR1,ALPL
DR1,BTAF1
DR1,PDIA3
DR1,XBP1
DR1,GORASP2
DR1,POLE4
DR1,EDEM1
DR1,USP28
DR1,PLOD2
DR1,DGCR8
DR1,PTP4A1
DR1,P4HB
DR1,UBA2
DR1,E2F1
DR1,ERP29
DR1,HSP90AA1
DR1,NFYB
DR1,SLC16A1
DR1,TFRC
DR1,IKBIP
DR1,APAF1
DR1,MSH6
DR1,MARC2
DR1,LAMP1
DR1,APPBP2
DR1,VAMP3
DR1,DNAJC3
DR1,LAMA1
DR1,TMEM150A
DR1,ZBTB44
DR1,GXYLT1
DR1,KDM4C
DR1,SFRP1
DR1,FGF4
DR1,RYBP
DR1,TCF15
DR1,SMARCAD1
DR1,ABHD5
DR1,ARF1
DR1,PPIB
DR1,ARF4
DR1,SETX
DR1,SOD1
DR1,TDG
DR1,ZFP428
DR1,HDLBP
DR1,WDR5
DR1,SH3PXD2B
DR1,PLEKHF2
DR1,P4HA1
DR1,PDK1
DR1,LAMC1
DR1,B4GALT1
DR1,ASPH
DR1,HSPG2
DR1,EED
DR1,SMAD1
DR1,MYBL2
DR1,EP400
DR1,ETV5
DR1,CBX7
DR1,RFFL
DR1,TET3
DR1,MBD2
DR1,MYLPF
DR1,FN1
DR1,MAPK8
DR1,CBFA2T2
DR1,TMEM165
DR1,SHF
DR1,MED26
DR1,FZD5
DR1,SNX2
DR1,TIMP2
DR1,TXNDC12
DR1,SEC24D
DR1,FKBP5
DR1,NUP210
DR1,BRD9
DR1,GTF2B
DR1,KLF4
DR1,CHMP4B
DR1,UHRF1
DR1,TFCP2L1
DR1,AP2A2
DR1,ZFP281
DR1,CDC42SE2
DR1,RNF2
DR1,GSR
DR1,SUMO2
DR1,PARD6B
DR1,SUMO1
DR1,RER1
DR1,NR4A1
DR1,MORC3
DR1,SMARCC1
DR1,GNS
DR1,CTCF
DR1,KDELR2
DR1,PDIA5
DR1,MSH2
DR1,HSPA4
DR1,HDAC1
DR1,FBRSL1
DR1,RNF138
DR1,CBX2
DR1,SUZ12
DR1,ELL2
DR1,ANO10
DR1,NFYC
DR1,WDR82
DR1,PCOLCE2
DR1,TRIM28
DR1,FKBP9
DR1,LDLRAP1
DR1,XPNPEP1
DR1,ARPC2
DR1,ITGAV
DR1,PSEN1
DR1,RIF1
DR1,UBQLN2
DR1,YEATS4
DR1,PKNOX1
DR1,CALM1
DR1,MPRIP
DR1,STAG1
DR1,PFKP
DR1,TMEM214
DR1,SETD1A
DR1,SMARCA5
DR1,ARPC5
DR1,ZFP384
DR1,ERF
DR1,ZCCHC24
DR1,SLC25A4
DR1,HDAC2
DR1,RAD23B
DR1,F3
DR1,B4GALNT4
DR1,EZH2
DR1,SMARCA4
DR1,USP7
DR1,SNX7
DR1,NCOR1
DR1,ADAM23
DR1,SOAT1
DR1,DPY30
DR1,MAPKAPK2
DR1,GMNN
DR1,SSR1
DR1,GNA12
DR1,PDIA6
DR1,PHC1
DR1,BRD4
DR1,RANBP17
DR1,PRDM15
DR1,USP16
DR1,N4BP3
DR1,IGFBP2
DR1,TPD52
DR1,FAM129B
DR1,KLF5
DR1,CDC16
DR1,COPB1
DR1,RBBP7
DR1,NACC1
DR1,ZFX
DR1,TSPAN9
DR1,TCF3
DR1,CBX1
DR1,NRF1
DR1,MAP1A
DR1,SDCBP
DR1,BMPR2
DR1,SRSF2
DR1,TPM4
DR1,KANSL3
DR1,CDK9
DR1,RPN2
DR1,SLC7A6
DR1,CHD1
DR1,CDK8
DR1,KMT2B
DR1,FUT8
DR1,GNPTAB
DR1,EPOP
DR1,PURB
DR1,LMNB1
DR1,ILK
DR1,FRS2
DR1,MTF2
DR1,SUPT5
DR1,PDCD6IP
DR1,COBL
DR1,INO80
DR1,ARHGAP29
DR1,CREB3
DR1,RRAS2
DR1,CHCHD10
DR1,ASS1
DR1,POFUT2
DR1,DDOST
DR1,LEO1
DR1,TET2
DR1,CAR2
DR1,MBD3
DR1,GLDC
DR1,OAT
DR1,ADAM10
DR1,SETDB1
DR1,LRRC58
DR1,FBLIM1
DR1,DICER1
DR1,PARP1
DR1,SH3GLB1
DR1,HTATSF1
DR1,ITGB1
DR1,TMEM9B
DR1,CPOX
DR1,CKAP4
DR1,CHD4
DR1,RCOR1
DR1,CLN6
DR1,GLIPR2
DR1,COTL1
DR1,RAF1
DR1,CTSZ
DR1,RTN3
DR1,TTC39B
DR1,SOX2
DR1,BAG2
DR1,TMED10
DR1,ITPK1
DR1,SMAD2
DR1,CCDC88C
DR1,GFPT1
DR1,PTPN21
DR1,NFYA
DR1,E4F1
DR1,PRKAA2
DR1,KDM1A
DR1,LY75
DR1,GDPD5
DR1,NCOR2
DR1,ME1
DR1,PTOV1
DR1,SAP18
DR1,SUPT16
DR1,CARHSP1
DR1,SPNS2
DR1,EP300
DR1,MAN1A2
DR1,SARAF
DR1,ZFP217
DR1,DCLK2
DR1,HMGA1B
DR1,HMGA1
DR1,AMPD2
DR1,KDM2B
DR1,SELENOS
DR1,RCC2
DR1,TM9SF3
DR1,HIRA
DR1,RRN3
DR1,SMC3
DR1,ACBD3
DR1,EXT2
DR1,SALL1
DR1,MVB12B
DR1,NELFA
DR1,PTPN14
DR1,KMT2D
DR1,SERBP1
DR1,IMPDH2
DR1,TIMP3
DR1,TMEM59
DR1,DNAJC10
DR1,BAZ1B
DR1,SLC35F5
DR1,SMAD3
DR1,FBXW8
DR1,TYRO3
DR1,ELOB
DR1,ZBTB2
DR1,ALDH2
DR1,KLF2
DR1,LRRC59
DR1,PATJ
DR1,RBPJ
DR1,HNRNPL
DR1,MAN1A
DR1,STX3
DR1,ZFYVE21
DR1,P3H1
DR1,GGA2
DR1,KDELC2
DR1,SEMA4C
DR1,DERL1
DR1,MPHOSPH8
DR1,CTSL
DR1,DDB1
DR1,AEBP2
DR1,SET
DR1,FBXO22
DR1,GNG10
DR1,SIK1
DR1,SLC39A7
DR1,CPD
DR1,SORD
DR1,CERS4
DR1,CDC5L
DR1,SS18
DR1,ADNP
DR1,SERPING1
DR1,SEC23A
DR1,DAP
DR1,PRDX1
DR1,ZFP143
DR1,RPP25
DR1,QSOX1
DR1,TMED2
DR1,RRBP1
DR1,NIPBL
DR1,TUBB2B
DR1,CD63
DR1,CRTC3
DR1,APEX1
DR1,RBMXL2
DR1,MYH9
DR1,CBX5
DR1,CNOT3
DR1,SSRP1
DR1,PHRF1
DR1,CTSD
DR1,RAD21
DR1,MSL2
DR1,RBPMS2
DR1,E2F4
DR1,MAFK
DR1,PHF5A
DR1,EPAS1
DR1,PRDX4
DR1,RAB2A
DR1,CBX3
DR1,YY1
DR1,MYCN
DR1,GALK1
DR1,ARL8A
DR1,BASP1
DR1,P3H4
DR1,GFPT2
DR1,RETREG1
DR1,AMFR
DR1,HSP90AB1
DR1,TLE4
DR1,SMYD2
DR1,ARHGEF28
DR1,H13
DR1,KLHDC3
DR1,BNC2
DR1,KCTD10
DR1,RAB3IL1
DR1,ELL
DR1,TNKS
DR1,TRH
DR1,TGIF2
DR1,GNAI3
DR1,MOV10
DR1,GALNT7
DR1,JARID2
DR1,GCNT1
DR1,MDN1
DR1,SLC9A6
DR1,DAXX
DR1,ATP6V0A1
DR1,PHF19
DR1,ZIC2
DR1,SEC24A
DR1,SIN3A
DR1,TAX1BP3
DR1,TCF12
DR1,ZFP322A
DR1,MRAS
DR1,TRAM1
DR1,ATF7IP
DR1,RAB11A
DR1,CREBBP
DR1,EFEMP2
DR1,TMOD3
DR1,ZYX
DR1,TMEM30A
DR1,MCAM
DR1,REEP5
DR1,TEX264
DR1,P4HA2
DR1,COL4A2
DR1,COL4A1
DR1,RAP1GDS1
DR1,OSBP
DR1,SRSF1
DR1,ZFHX3
DR1,KMT2C
DR1,CLTC
DR1,NCAPG
DR1,RPN1
DR1,ACTL6A
DR1,SAP30
DR1,ZFP532
DR1,FNDC3B
DR1,KDELR3
DR1,ARF5
DR1,DDX21
DR1,NOTUM
DR1,PWP1
DR1,FAM114A1
DR1,CST3
DR1,KAT6B
DR1,ANK
DR1,FRMD4A
DR1,REST
DR1,GTF3C1
DR1,GNAS
DR1,LPAR2
DR1,RARA
DR1,KAT8
DR1,BEND5
DR1,COBLL1
DR1,NCAPD3
DR1,DUSP9
DR1,SRI
DR1,CALU
DR1,STARD10
DR1,CALR
DR1,BCLAF3
DR1,ALG13
DR1,IRF2BPL
DR1,MED12
DR1,NID1
DR1,NCAPH2
DR1,LMF2
DR1,TMED9
DR1,MKRN1
DR1,KDM2A
DR1,ARFIP1
DR1,ARFGAP1
DR1,NPM1
DR1,MYDGF
DR1,THAP11
DR1,FGFR4
DR1,DROSHA
DR1,TBX3
DR1,DOCK5
DR1,BAZ1A
DR1,ZIC3
DR1,LRP2
DR1,ADAM19
DR1,MED1
DR1,BAZ2A
DR1,DUSP6
DR1,DARS
DR1,RASGRP2
DR1,KDM5B
DR1,SSR3
DR1,STAT3
DR1,GLO1
DR1,BMP1
DR1,ENOX1
DR1,FGD1
DR1,FHDC1
DR1,ZFP710
DR1,ANP32A
DR1,ADGRA2
DR1,GLI2
DR1,CTR9
DR1,NASP
DR1,HSPB1
DR1,PLOD1
DR1,ETV4
DR1,OBSL1
DR1,APP
DR1,CLCN5
DR1,FGFR1
DR1,MTA2
DR1,PAF1
DR1,SETD7
DR1,GGTA1
DR1,CTBP2
DR1,PLOD3
DR1,FXYD6
DR1,MSL1
DR1,KDM6A
DR1,PITPNC1
DR1,SSR4
DR1,TGFBR3
DR1,PHLDB2
DR1,FABP3
DR1,SELENOM
DR1,HAP1
DR1,ZC3H11A
DR1,TCN2
DR1,SELENON
DR1,GSN
DR1,HDAC3
DR1,PAFAH1B3
DR1,CEMIP
DR1,FST
DR1,TALDO1
DR1,TGOLN1
DR1,AKT1
DR1,JAM2
DR1,TMED3
DR1,CHST15
DR1,NODAL
DR1,TAF3
DR1,CXXC1
DR1,RXRA
DR1,MCM2
DR1,BMPER
DR1,PRKCE
DR1,MFSD1
DR1,AARS
DR1,KDELR1
DR1,LGALS3
DR1,DRAM1
DR1,TCEA3
DR1,GNB2
DR1,UTF1
DR1,HELB
DR1,GABBR1
DR1,AFF3
DR1,EHMT2
DR1,LYN
DR1,DCTPP1
DR1,RARG
DR1,KHDC3
DR1,MYL6
DR1,TXNDC5
DR1,LTBP4
DR1,CTDSPL
DR1,TGIF1
DR1,OSTC
DR1,SEC11A
DR1,SLC39A1
DR1,KDM5A
DR1,KAT5
DR1,ZFP57
DR1,ARID1A
DR1,COMMD3
DR1,LRPAP1
DR1,MSL3
DR1,EIF2S2
DR1,COL27A1
DR1,TBP
DR1,L1TD1
DR1,NFXL1
DR1,MAX
DR1,MCRS1
DR1,UBTF
DR1,COL18A1
DR1,ATRX
DR1,GHR
DR1,SERPINH1
DR1,STAG2
DR1,RUVBL2
DR1,FUT9
DR1,PXDN
DR1,PCGF2
DR1,FGF3
DR1,PTH1R
DR1,PARVA
DR1,SLC39A8
DR1,BMI1
DR1,VSIR
DR1,MOB3B
DR1,CREB3L2
DR1,NSL1
DR1,STT3A
DR1,P3H2
DR1,EPHA1
DR1,JUN
DR1,GOT1
DR1,HCFC1
DR1,MMGT1
DR1,ARHGEF5
DR1,TFE3
DR1,EMP2
DR1,ARID3A
DR1,TENM4
DR1,TMBIM6
DR1,KDM4A
DR1,CCND1
DR1,GLI1
DR1,CHD7
DR1,IER2
DR1,RUVBL1
DR1,METTL3
DR1,TAF2
DR1,SUPT6
DR1,CDK7
DR1,GPX3
DR1,OOEP
DR1,SALL4
DR1,IHH
DR1,UPP1
DR1,SHTN1
DR1,EVA1A
DR1,L3MBTL3
DR1,SPOCK1
DR1,FGF10
DR1,ELL3
DR1,SPP1
DR1,LAMB1
DR1,PCBD1
DR1,NIPSNAP1
DR1,ATP6V0E
DR1,NONO
DR1,CBX8
DR1,TBRG1
DR1,MEN1
DR1,HEXIM1
DR1,RDM1
DR1,SMC1A
DR1,POU5F1
DR1,MSX2
DR1,ZFP42
DR1,TCOF1
DR1,GPC6
DR1,NOS3
DR1,DKC1
DR1,PLA2G15
DR1,RCN3
DR1,PDGFRA
DR1,NAA10
DR1,PNP
DR1,CDH6
DR1,TRP53
DR1,PDE4DIP
DR1,ZMYND8
DR1,ESRRB
DR1,WDR11
DR1,COPG1
DR1,TDH
DR1,HS3ST1
DR1,VKORC1
DR1,UTP14A
DR1,SNURF
DR1,SNRPN
DR1,ILDR1
DR1,GDF3
DR1,ANXA4
DR1,HIP1
DR1,GATA4
DR1,MED23
DR1,IFITM2
DR1,DTX1
DR1,DPF2
DR1,BRD2
DR1,FOXA2
DR1,WDR46
DR1,SMARCA2
DR1,ACP6
DR1,OPLAH
DR1,KDM6B
DR1,DMAP1
DR1,NR0B1
DR1,SELENOW
DR1,AU018091
DR1,CMKLR1
DR1,AGPAT4
DR1,KRTCAP2
DR1,DAB2
DR1,ZFP819
DR1,ARHGAP1
DR1,RBBP5
DR1,TET1
DR1,TDGF1
DR1,2200002D01RIK
DR1,NMNAT2
DR1,COPA
DR1,HEATR1
DR1,KRT8
DR1,NR5A2
DR1,OTX2
DR1,DTX3L
DR1,LAMB2
DR1,VAMP8
DR1,HIRIP3
DR1,MYC
DR1,B2M
DR1,HNF1B
DR1,MYMX
DR1,NUCB1
DR1,KRT42
DR1,MBNL2
DR1,KRT17
DR1,SLC15A1
DR1,IFI30
DR1,GABARAP
DR1,ERAS
DR1,TAF1
DR1,GCNT2
DR1,ZFP990
DR1,LRRC34
DR1,CRYAB
DR1,NSD2
DR1,TCL1
DROSHA,PRDX1
DROSHA,TFRC
DROSHA,HEXIM1
DROSHA,FN1
E2F1,PHC1
E2F1,SOX2
E2F1,TRIM28
E2F1,SMARCAD1
E2F1,KLF4
E2F1,KLF2
E2F1,ZFP532
E2F1,RIF1
E2F1,TLE4
E2F1,DGCR8
E2F1,TCF3
E2F1,EZH2
E2F1,EPOP
E2F1,ETV5
E2F1,ZFP710
E2F1,RYBP
E2F1,HMGA1B
E2F1,HMGA1
E2F1,SRSF2
E2F1,MORC3
E2F1,PTP4A1
E2F1,EED
E2F1,HSP90AA1
E2F1,TCF15
E2F1,MYBL2
E2F1,RANBP17
E2F1,SMARCA5
E2F1,RBMXL2
E2F1,ZBTB44
E2F1,ADAM23
E2F1,WDR5
E2F1,LAMP1
E2F1,NFYB
E2F1,ZFP384
E2F1,DNMT3B
E2F1,AEBP2
E2F1,MBD3
E2F1,COLGALT1
E2F1,ZFP217
E2F1,MYLPF
E2F1,PURB
E2F1,BTAF1
E2F1,GSR
E2F1,NRF1
E2F1,NCOR1
E2F1,RCC2
E2F1,BRD4
E2F1,FKBP5
E2F1,RDM1
E2F1,LTBP4
E2F1,NACC1
E2F1,SET
E2F1,ITGA6
E2F1,CDC73
E2F1,JARID2
E2F1,FZD5
E2F1,LRRC58
E2F1,PLEKHF2
E2F1,CTCF
E2F1,RAD21
E2F1,ELOB
E2F1,UBTF
E2F1,KLF5
E2F1,SERBP1
E2F1,ADNP
E2F1,CBX7
E2F1,RBPMS2
E2F1,HIRA
E2F1,TDG
E2F1,GNA12
E2F1,EP300
E2F1,ZFP428
E2F1,MKRN1
E2F1,FKBP9
E2F1,ARID1A
E2F1,USP7
E2F1,SIK1
E2F1,LMNB1
E2F1,PDK1
E2F1,SETD1A
E2F1,REST
E2F1,ZFP281
E2F1,BAZ1B
E2F1,N4BP3
E2F1,SUMO2
E2F1,ITPK1
E2F1,TM9SF3
E2F1,SMAD1
E2F1,CBX2
E2F1,SOD1
E2F1,SUZ12
E2F1,KMT2B
E2F1,NFYA
E2F1,STAG1
E2F1,SMC3
E2F1,KDM1A
E2F1,NCOR2
E2F1,SFRP1
E2F1,KANSL3
E2F1,TNKS
E2F1,CALM1
E2F1,TET2
E2F1,UBQLN2
E2F1,OSBP
E2F1,CTBP2
E2F1,TMED2
E2F1,CBX3
E2F1,CDK9
E2F1,ERF
E2F1,NUP210
E2F1,HSPA4
E2F1,CHD1
E2F1,ZBTB2
E2F1,SMAD2
E2F1,COBL
E2F1,PKNOX1
E2F1,FBLIM1
E2F1,APPBP2
E2F1,YY1
E2F1,PTOV1
E2F1,SUMO1
E2F1,RER1
E2F1,POLE4
E2F1,CREBBP
E2F1,FGF4
E2F1,SLC39A7
E2F1,HNRNPL
E2F1,SUPT16
E2F1,KDM5B
E2F1,E2F4
E2F1,BMPR2
E2F1,TMEM165
E2F1,AP2A2
E2F1,SHF
E2F1,EHMT2
E2F1,PARD6B
E2F1,MAN1A2
E2F1,CKAP4
E2F1,ZCCHC24
E2F1,BMI1
E2F1,INO80
E2F1,SLC7A6
E2F1,DOCK5
E2F1,RBPJ
E2F1,SLC16A1
E2F1,RNF138
E2F1,PRDM15
E2F1,MSH6
E2F1,SURF4
E2F1,HDAC2
E2F1,GORASP2
E2F1,SSR1
E2F1,DICER1
E2F1,MBD2
E2F1,MPRIP
E2F1,CCDC88C
E2F1,GNAS
E2F1,MAPKAPK2
E2F1,MSH2
E2F1,HSPG2
E2F1,HSP90AB1
E2F1,RNF2
E2F1,CBFA2T2
E2F1,CAR2
E2F1,BNC2
E2F1,TYRO3
E2F1,KMT2D
E2F1,FUT8
E2F1,ZFX
E2F1,HTATSF1
E2F1,ERP29
E2F1,RASGRP2
E2F1,FBRSL1
E2F1,SH3PXD2B
E2F1,ABHD5
E2F1,ARL8A
E2F1,CHMP4B
E2F1,TPM4
E2F1,SAP18
E2F1,CLN6
E2F1,KAT6B
E2F1,AMFR
E2F1,GNS
E2F1,MAPK8
E2F1,CDK8
E2F1,ZFHX3
E2F1,RCOR1
E2F1,FRS2
E2F1,TXNDC5
E2F1,SMARCA4
E2F1,GNPTAB
E2F1,RRAS2
E2F1,WDR82
E2F1,KDM4C
E2F1,CHD7
E2F1,TET3
E2F1,RRBP1
E2F1,NFYC
E2F1,GALNT7
E2F1,RAB2A
E2F1,MSL1
E2F1,GABBR1
E2F1,CTDSPL
E2F1,LAMC1
E2F1,DNAJC3
E2F1,STX3
E2F1,ARF5
E2F1,XBP1
E2F1,TPD52
E2F1,PTPN14
E2F1,RRN3
E2F1,KDELR2
E2F1,AFF3
E2F1,BASP1
E2F1,GXYLT1
E2F1,RAP1GDS1
E2F1,HSPB1
E2F1,AKT1
E2F1,KDELC2
E2F1,CHCHD10
E2F1,GFPT1
E2F1,SMYD2
E2F1,SLC25A4
E2F1,MVB12B
E2F1,IGFBP2
E2F1,ADGRA2
E2F1,ALPL
E2F1,SH3GLB1
E2F1,RBBP7
E2F1,PDIA6
E2F1,FGD1
E2F1,PDCD6IP
E2F1,NOTUM
E2F1,ILK
E2F1,RXRA
E2F1,CDC16
E2F1,ITGAV
E2F1,MARC2
E2F1,EDEM1
E2F1,SNX7
E2F1,PATJ
E2F1,ARF4
E2F1,PTPN21
E2F1,TRAM1
E2F1,LRRC59
E2F1,ARPC2
E2F1,TMEM150A
E2F1,KMT2C
E2F1,PRDX1
E2F1,TSPAN9
E2F1,BAZ1A
E2F1,PRKAA2
E2F1,ME1
E2F1,RFFL
E2F1,FNDC3B
E2F1,NIPBL
E2F1,MRAS
E2F1,GLIPR2
E2F1,ZIC2
E2F1,L3MBTL3
E2F1,EXT2
E2F1,SALL4
E2F1,ITGB1
E2F1,CD63
E2F1,KDELR3
E2F1,USP28
E2F1,LEO1
E2F1,PPIB
E2F1,FBXW8
E2F1,SS18
E2F1,TCF12
E2F1,PDIA3
E2F1,SRI
E2F1,EP400
E2F1,CPOX
E2F1,BAG2
E4F1,CDK8
E4F1,EED
E4F1,LEO1
E4F1,DPY30
E4F1,UTP14A
EHMT2,ZFP990
ELL,RDM1
ELL,DERL1
ELL,SUPT5
ELL,CHMP4B
ELL,CXXC1
ELL,METTL3
ELL2,IER2
ELL2,RDM1
ELL2,KLF2
ELL2,FGF4
ELL2,TDH
ELL2,SOX2
ELL2,KANSL3
ELL2,HMGA1B
ELL2,HMGA1
ELL2,CTCF
ELL2,TET1
ELL2,SUPT5
ELL2,FN1
ELL2,PNP
ELL2,NANOG
ELL2,ACP6
ELL2,TCF15
ELL3,FOXH1
ELL3,SUPT5
ELL3,SALL4
ELL3,ZFP710
ELL3,RIF1
ELL3,POU5F1
ELL3,NFYC
ELL3,NANOG
ELL3,METTL3
ELL3,CXXC1
ELL3,SOX2
ELL3,IRF2BPL
ELL3,HMGA1
ELL3,TCEA3
ELL3,ZC3H11A
ELL3,ADGRA2
ELL3,TPD52
ELL3,YY1
ELL3,DAXX
ELL3,TFE3
ELL3,SRSF1
ELL3,OPLAH
ELL3,HSP90AB1
ELL3,RBPJ
ELL3,ADAM19
ELL3,KCTD10
ELL3,CST3
ELL3,MSH6
ELL3,UBA2
ELL3,MOV10
ELL3,KMT2C
ELL3,CBX7
ELL3,ERF
ELL3,BRD2
ELL3,FUT9
ELL3,HDAC2
ELL3,ACP6
ELL3,HSPB1
ELL3,HCFC1
ELL3,TET3
ELL3,SMARCA4
ELL3,RASGRP2
ELL3,MKRN1
ELL3,TMEM165
ELL3,ETV1
ELL3,ZFX
ELL3,SET
ELL3,WDR46
ELL3,ELOB
ELL3,KDM2B
ELL3,LRRC34
ELL3,PAFAH1B3
ELL3,ZFHX3
ELL3,SETDB1
ELL3,MTF2
ELL3,KMT2B
ELL3,L1TD1
ELL3,PHF5A
ELL3,RARA
ELL3,NCOR1
ELL3,HDLBP
ELL3,ARHGEF5
ELL3,SLC25A4
ELL3,KDM2A
ELL3,ZFP143
ELL3,TGIF1
ELL3,ELL
ELL3,ZFP532
ELL3,CCND1
ELL3,UBTF
ELL3,WDR82
ELL3,SRSF2
ELL3,SNURF
ELL3,SNRPN
ELL3,PCGF2
ELL3,MPHOSPH8
ELL3,NELFA
ELL3,MAP1A
ELL3,IMPDH2
ELL3,TMED10
ELL3,ZFP57
ELL3,TLE4
ELL3,UPP1
ELL3,EP300
ELL3,NRF1
ELL3,ZCCHC24
ELL3,GLI1
ELL3,GABBR1
ELL3,CD63
ELL3,SMC3
ELL3,TMED9
ELL3,B4GALT1
ELL3,KLHDC3
ELL3,CBX3
ELL3,SLC39A7
ELL3,MBD3
ELL3,LAMA1
ELL3,NONO
ELL3,RAD21
ELL3,MYMX
ELL3,HNRNPL
ELL3,PHC1
ELL3,TGIF2
ELL3,ALPL
ELL3,ATRX
ELL3,RAF1
ELL3,SERBP1
ELL3,RER1
ELL3,TMEM214
ELL3,RAD23B
ELL3,CTCF
ELL3,TRIM28
ELL3,HIRIP3
ELL3,BNC2
ELL3,NR5A2
ELL3,NFYA
ELL3,ETV4
ELL3,MCAM
ELL3,ZBTB2
ELL3,TAF3
ELL3,TFRC
ELL3,SPP1
ELL3,RARG
ELL3,DUSP27
ELL3,GTF2B
ELL3,NASP
ELL3,GCNT2
ELL3,AEBP2
ELL3,MSL2
ELL3,BAZ2A
ELL3,BAZ1B
ELL3,FNDC3B
ELL3,FABP3
ELL3,HTATSF1
ELL3,FBLIM1
ELL3,DPF2
ELL3,CLTC
ELL3,ATP6V0A1
ELL3,SUZ12
ELL3,FUT8
ELL3,PCOLCE
ELL3,CBX5
ELL3,TAX1BP3
ELL3,SLC7A3
ELL3,KAT6B
ELL3,LAMB1
ELL3,TRP53
ELL3,TET2
ELL3,NCAPH2
ELL3,LMF2
ELL3,VAMP8
ELL3,RTN3
ELL3,NSL1
ELL3,LMNB1
ELL3,LAMP1
ELL3,CHD7
ELL3,NACC1
ELL3,PLOD3
ELL3,FN1
ELL3,NR4A1
ELL3,MYLPF
ELL3,FHDC1
ELL3,PRDX1
ELL3,OGT
ELL3,NCAPD3
ELL3,ITGB1
ELL3,GTF3C1
ELL3,NFYB
ELL3,USP7
ELL3,TDH
ELL3,RBBP7
ELL3,PITPNC1
ELL3,ZIC3
ELL3,MYCN
ELL3,APPBP2
ELL3,ZMYND8
ELL3,NOTCH4
ELL3,CHST15
ELL3,PXDN
ELL3,ETV5
ELL3,PIPOX
ELL3,STAG1
ELL3,BRD4
ELL3,YEATS4
ELL3,KAT8
ELL3,UBQLN2
ELL3,SEPT1
ELL3,TMEM59
ELOB,SUZ12
ELOB,EPOP
ELOB,CBX3
ELOB,ELL
ELOB,MED23
ELOB,NSL1
ELOB,SMARCA5
ELOB,RDM1
ELOB,CALM1
ELOB,COPA
ELOB,COPB1
ELOB,PDIA5
ELOB,TAF3
ELOB,IMPDH2
ELOB,CDC16
ELOB,DICER1
ELOB,MFSD1
ELOB,2410141K09RIK
ELOB,SH3GLB1
ELOB,GORASP2
ELOB,CDK7
ELOB,KANSL3
ELOB,FBRSL1
ELOB,H13
ELOB,GABARAP
ELOB,GTF2B
ELOB,CDC42SE2
ELOB,ATP6V0E
ELOB,TMED9
ELOB,LAMA1
ELOB,KLF2
ELOB,STAT3
ELOB,WDR11
ELOB,RBMXL2
ELOB,KMT2D
EP300,STAT3
EP300,CLTC
EP300,RARA
EP300,MTF2
EP300,MSH6
EP300,PHRF1
EP300,CHMP4B
EP300,SELENOW
EP300,ATP6V0A1
EP300,GNB2
EP300,ADNP
EP300,SIRT6
EP300,CALM1
EP300,TGIF1
EP300,UBA2
EP300,HDAC2
EP300,SMC3
EP300,SETX
EP300,APOBEC3
EP300,BRD2
EP300,EED
EP300,TFRC
EP300,HSP90AB1
EP300,GNAI3
EP300,RBPJ
EP300,ARF4
EP300,PKNOX1
EP300,SPP1
EP300,MED23
EP300,DUSP6
EP300,GCNT1
EP300,NR4A1
EP300,SSRP1
EP300,RIF1
EP300,TCF3
EP300,SS18
EP300,LAMP1
EP300,ZFP384
EP300,RFFL
EP300,RBBP5
EP300,HSPA4
EP300,SRI
EP300,INO80
EP300,GORASP2
EP300,KMT2D
EP300,TBRG1
EP300,OGT
EP300,ZBTB2
EP300,SH3GLB1
EP300,RDM1
EP300,UPP1
EP300,P4HA1
EP300,IRF2BPL
EP300,PTOV1
EP300,LRRC59
EP300,GTF2B
EP300,TRP53
EP300,PTP4A1
EP300,MYMX
EP300,PHC1
EP300,RPN2
EP300,B2M
EP300,AARS
EP300,CBX3
EP300,HMGA1
EP300,GSR
EP300,H13
EP300,ARHGAP1
EP300,KANSL3
EP300,HMGA1B
EP300,NELFA
EP300,NSL1
EP300,SRSF1
EP300,ATF7IP
EP300,MFSD1
EP300,E4F1
EP300,RER1
EP300,HAP1
EP300,P4HB
EP300,MDN1
EP300,SETDB1
EP300,TMED2
EP300,ZFP281
EP300,TBP
EP300,DDOST
EP300,BTAF1
EP300,CDK7
EP300,SIK1
EP300,RAF1
EP300,NFYC
EP300,GCNT2
EP300,ARPC2
EP300,ILK
EP300,AEBP2
EP300,RRN3
EP300,TAF3
EP300,COPG1
EP300,KMT2C
EP300,HDAC1
EP300,GNAS
EP300,MORC3
EP300,PRDX1
EP300,CALR
EP300,SAP18
EP300,CXXC1
EP300,EP400
EP300,SDCBP
EP300,TCF12
EP300,COPB1
EP300,ARID1A
EP300,HSP90AA1
EP300,MCRS1
EP300,KDM1A
EP300,XRCC5
EP300,STT3A
EP300,KDM5A
EP300,STAG1
EP300,MYLPF
EP300,IMPDH2
EP300,DNAJC10
EP300,CST3
EP300,GABARAP
EP300,PIPOX
EP300,SMC1A
EP300,NFYB
EP300,TGOLN1
EP300,TDGF1
EP300,TET2
EP300,CHST15
EP300,USP16
EP300,KAT8
EP300,APEX1
EP300,VAMP3
EP300,MSL2
EP300,PDK1
EP300,METTL3
EP300,RCOR1
EP300,RUVBL2
EP300,LGALS3
EP300,CTCF
EP300,ARID3A
EP300,DTX3L
EP300,SRSF2
EP300,TFE3
EP300,RETREG1
EP300,ACP6
EP300,PRDM14
EP300,ZMYND8
EP300,RASGRP2
EP300,POU5F1
EP300,TMEM59
EP300,PLAT
EP300,NCAPH2
EP300,LMF2
EP300,REEP5
EP300,CBX5
EP300,CALU
EP300,SETD1A
EP300,MBD3
EP300,LAMC1
EP300,COMMD3
EP300,HEATR1
EP300,DARS
EP300,PLEKHF2
EP300,JUN
EP300,MBD2
EP300,DDX21
EP300,SAP30
EP300,NFYA
EP300,HDLBP
EP300,SERBP1
EP300,TRAM1
EP300,DDB1
EP300,SEC11A
EP300,TMEM30A
EP300,AGPAT4
EP300,POFUT2
EP300,ZFP143
EP300,TLE4
EP300,BSG
EP300,PAFAH1B3
EP300,DROSHA
EP300,COPA
EP300,KLF2
EP300,KDM5B
EP300,ZC3H11A
EP300,SLC15A1
EP300,DCTPP1
EP300,SELENOS
EP300,TNKS
EP300,NANOG
EP300,RAB11A
EP300,TMED9
EP300,PDIA3
EP300,FBXO22
EP300,COLGALT1
EP300,ARFGAP1
EP300,BAZ1B
EP300,FABP3
EP300,PPIB
EP300,MED1
EP300,POLE4
EP300,KDM4C
EP300,NPM1
EP300,CPOX
EP300,ADAM19
EP300,LMNB1
EP300,BRD9
EP300,RAD21
EP300,DMAP1
EP300,CDC5L
EP300,CDC73
EP300,WDR5
EP300,TDG
EP300,SUMO2
EP300,PLOD3
EP300,ETV1
EP300,FBLIM1
EP300,NFXL1
EP300,PSEN1
EP300,PHF5A
EP300,KDM2B
EP300,YY1
EP300,GOT1
EP300,ARPC5
EP300,SUPT5
EP300,CBX8
EP300,SARAF
EP300,RAD23B
EP300,F3
EP300,PNP
EP300,ATP6V0E
EP300,OSBP
EP300,MKRN1
EP300,FBXW8
EP300,MPHOSPH8
EP300,SMARCA5
EP300,WDR82
EP300,RARG
EP300,FBRSL1
EP300,ZFP710
EP300,GTF3C1
EP300,RTN3
EP300,PLA2G15
EP300,SLC25A4
EP300,MAX
EP300,SSR4
EP300,TDH
EP300,SMARCA4
EP300,TMBIM6
EP300,SUZ12
EP300,KDM2A
EP300,ITGB1
EP300,VAMP8
EP300,RBBP7
EP300,CDC16
EP300,USP28
EP300,DAP
EP300,ASPH
EP300,PURB
EP300,ZBTB44
EP300,SOD1
EP300,AKT1
EP300,CREB3
EP300,HELB
EP300,DERL1
EP300,SEPT1
EP300,SUPT6
EP300,SETD7
EP300,KAT6B
EP300,TXNDC12
EP300,YEATS4
EP300,WDR11
EP300,MYDGF
EP300,CDC42SE2
EP300,GSN
EP300,DGCR8
EP300,SLC35F5
EP300,SEC24A
EP300,TMOD3
EP300,OSTC
EP300,DAXX
EP300,E2F4
EP300,SUMO1
EP300,ZFP532
EP300,NONO
EP300,TAF2
EP300,MAFK
EP300,SET
EP300,CCDC88C
EP300,PARP1
EP300,MTA2
EP300,SLC7A6
EP300,EIF2S2
EP300,KDM4A
EP300,ACTL6A
EP300,ERP29
EP300,SFRP1
EP300,MED26
EP300,SMARCC1
EP300,KRTCAP2
EP300,EZH2
EP300,CDK9
EP300,CTSD
EP300,CD63
EP300,RUVBL1
EP300,NCOR1
EP300,KAT5
EP300,TPD52
EP300,MOV10
EP300,LRPAP1
EP300,TMEM214
EP300,OAT
EP300,SMAD1
EP300,MCM2
EP300,NCAPG
EP300,LRRC34
EP300,TUBB2B
EP300,NCAPD3
EP300,CDK8
EP300,MYCN
EP300,GNS
EP300,TGIF2
EP300,NASP
EP300,GLO1
EP300,APPBP2
EP300,OPLAH
EP300,FRMD4A
EP300,KDELR1
EP300,ZFP819
EP300,ERF
EP300,GMNN
EP300,ARF1
EP300,PHF19
EP300,UHRF1
EP300,CTSL
EP300,ADAM10
EP300,NACC1
EP300,NOTCH4
EP300,GSTA4
EP300,IFITM2
EP300,RPN1
EP300,GFPT1
EP300,MYBL2
EP300,DR1
EP300,DPY30
EP300,MAP1A
EP300,HNRNPL
EP300,SLC7A3
EP300,GNPTAB
EP300,BCLAF3
EP300,TMED3
EP300,TAX1BP3
EP300,TRIM28
EP300,TCOF1
EP300,MYL6
EP300,HIRA
EP300,FNDC3B
EP300,LRRC2
EP300,FRS2
EP300,GALK1
EP300,SUPT16
EP300,RNF2
EP300,LY75
EP300,NR5A2
EP300,MEN1
EP300,ANO10
EP300,KDELC2
EP300,MSH2
EP300,B4GALT1
EP300,HIRIP3
EP300,FKBP5
EP300,SLC39A7
EP300,AP2A2
EP300,XPNPEP1
EP300,MAPK8
EP300,MMGT1
EP300,JARID2
EP300,ZFP428
EP300,MAPKAPK2
EP300,PCOLCE
EP300,MYH9
EP300,FOXH1
EP300,GLIPR2
EP300,ABHD5
EP300,PML
EP300,ZFP42
EP300,ETV5
EP300,E2F1
EP300,PARD6B
EP300,NRF1
EP300,BRD4
EP300,CLN6
EP300,AMPD2
EP300,ACBD3
EP300,ANXA4
EP300,ZFP322A
EP300,DPF2
EP300,CTR9
EP300,CTSZ
EP300,ELL2
EP300,PDCD6IP
EP300,GABBR1
EP300,KDM6A
EP300,PWP1
EP300,GXYLT1
EP300,TMEM165
EP300,IKBIP
EP300,APAF1
EP300,SSR1
EP300,RNF138
EP300,PITPNC1
EP300,DKC1
EP300,HIP1
EP300,SLC16A1
EP300,TCEA3
EP300,PTPN21
EP300,TMEM9B
EP300,LPAR2
EP300,ARFIP1
EP300,ZFX
EP300,SMARCAD1
EP300,SEMA4C
EP300,TEX264
EP300,SPNS2
EP300,IFITM1
EP300,CBFA2T2
EP300,ELL
EP300,KCTD10
EP300,VSIR
EP300,SERPING1
EP300,MOB3B
EP300,NUP210
EP300,TMED10
EP300,ASS1
EP300,HSPB1
EP300,XBP1
EP300,ADGRA2
EP300,EXT2
EP300,UBTF
EP300,DCLK2
EP300,RBPMS2
EP300,TSPAN9
EP300,TALDO1
EP300,ETV4
EP300,ITGAV
EP300,RYBP
EP300,ZFHX3
EP300,MED12
EP300,OTX2
EP300,LYN
EP300,PHLDB2
EP300,PATJ
EP300,DNMT3B
EP300,FUT8
EP300,SEC23A
EP300,VKORC1
EP300,P3H1
EP300,SNX2
EP300,KDELR2
EP300,LAMB2
EP300,DPPA2
EP300,GALNT7
EP300,ST5
EP300,DOCK5
EP300,PLOD1
EP300,CPD
EP300,CARHSP1
EP300,HSD17B14
EP300,TXNDC5
EP300,ARHGAP29
EP300,SORD
EP300,DNAJC3
EP300,L1TD1
EP300,CHD1
EP300,ATRX
EP300,IFI30
EP300,PFKP
EP300,SERPINH1
EP300,SOX2
EP300,RAP1GDS1
EP300,REST
EP300,PLOD2
EP300,ITGA6
EP300,CERS4
EP300,SURF4
EP300,GDPD5
EP300,SNRPN
EP300,EFEMP2
EP300,QSOX1
EP300,NIPSNAP1
EP300,TCN2
EP300,ZFP57
EP300,SNURF
EP300,BEND5
EP300,DICER1
EP300,EDEM1
EP300,CBX7
EP300,GFPT2
EP300,AU018091
EP300,SMAD2
EP300,SIN3A
EP300,PTPN14
EP300,GGTA1
EP300,BMPR2
EP300,TGFBR3
EP300,PRDX4
EP300,SALL4
EP300,TBX3
EP300,ZFP217
EP300,CAR2
EP300,2410141K09RIK
EP300,ALDH2
EP300,PDIA5
EP300,LTBP4
EP300,TCL1
EP300,FLRT3
EP300,DAB2
EP300,CBX2
EP300,ME1
EP300,ALG13
EP300,KLF5
EP300,RBMXL2
EP300,2200002D01RIK
EP300,NR0B1
EP300,PDGFRA
EP300,ILDR1
EP300,P4HA2
EP300,FN1
EP300,GGA2
EP300,UBQLN2
EP300,IGFBP2
EP300,DUSP27
EP300,NID1
EP300,APP
EP300,LAMA1
EP300,TMEM144
EP300,ZFP459
EP300,ALPL
EP300,FHDC1
EP300,PECAM1
EP300,CKAP4
EP300,ARHGEF5
EP300,FUT9
EP300,TMEM150A
EP300,LAMB1
EP300,STX3
EP300,GDF3
EP300,FKBP9
EP300,NMNAT2
EP300,TET1
EP300,GLI2
EP300,RANBP17
EP300,RAB3IL1
EP300,CTBP2
EP300,BNC2
EP300,CHCHD10
EP300,PCOLCE2
EP300,GPC6
EP300,ZFP979
EP300,DUSP9
EP300,TRH
EP300,MCAM
EP300,KRT8
EP300,GLDC
EP300,MVB12B
EP300,ZIC3
EP300,ENOX1
EP300,COL18A1
EP300,ZIC2
EP300,BMP4
EP300,LRP2
EP300,PRKAA2
EP300,KRT42
EP300,ADAM23
EP300,ERAS
EP300,PTH1R
EP300,TFCP2L1
EP300,SALL1
EP300,KHDC3
EP300,FGFR4
EP300,HSF2BP
EP400,ZFHX3
EP400,CBX8
EP400,ST5
EP400,TBX3
EP400,NFYC
EP400,OTX2
EP400,NPM1
EP400,UBA2
EP400,FOXA2
EP400,CBX5
EP400,STAG2
EP400,KMT2D
EP400,TBRG1
EP400,RASGRP2
EP400,DKC1
EP400,ADNP
EP400,PRDX1
EP400,GATA6
EP400,POLE4
EP400,SRSF1
EP400,DARS
EP400,GATA4
EP400,SUZ12
EP400,SMARCC1
EP400,SERBP1
EP400,DCTPP1
EP400,CD63
EP400,LRP2
EP400,CBX2
EP400,INO80
EP400,DDX21
EP400,ZIC2
EP400,EZH2
EP400,ATP6V0E
EP400,XRCC5
EP400,ZFP143
EP400,SUPT16
EP400,L1TD1
EP400,NAA10
EP400,GALK1
EP400,CDK7
EP400,SRSF2
EP400,NCOR1
EP400,TDH
EP400,HSP90AB1
EP400,ATF7IP
EP400,AARS
EP400,SOD1
EP400,KLHDC3
EP400,SUMO2
EP400,BRD9
EP400,TRP53
EP400,SETD1A
EP400,CLTC
EP400,APEX1
EP400,BRD2
EP400,TXNDC12
EP400,RIF1
EP400,PHF5A
EP400,LAMP1
EP400,PTP4A1
EP400,TRIM28
EP400,ZFP979
EP400,KMT2C
EP400,ARID1A
EP400,ZFP990
EP400,SSRP1
EP400,MYMX
EP400,MTF2
EP400,HDLBP
EP400,PLA2G1B
EP400,EIF2S2
EP400,STAT3
EP400,MSL2
EP400,RPN1
EP400,EP300
EP400,RNF138
EP400,SELENOS
EP400,FUT9
EP400,NELFA
EP400,PDIA5
EP400,TFRC
EP400,NRF1
EP400,MDN1
EP400,RRN3
EP400,CALM1
EP400,SLC16A1
EP400,SEC11A
EP400,BAZ1B
EP400,SLC7A6
EP400,HCFC1
EP400,PDIA3
EP400,EHMT2
EP400,ADAM10
EP400,IMPDH2
EP400,RAD23B
EP400,ILK
EP400,SET
EP400,SS18
EP400,RPP25
EP400,METTL3
EP400,SMARCAD1
EP400,CALR
EP400,SMARCA5
EP400,MED23
EP400,EED
EP400,UTF1
EP400,PDK1
EP400,PCOLCE2
EP400,CDC5L
EP400,PNP
EP400,ZYX
EP400,CBX3
EP400,WDR5
EP400,GFPT2
EP400,NASP
EP400,CTBP2
EP400,TMEM30A
EP400,P4HB
EP400,GDF3
EPOP,SUZ12
EPOP,ELOB
EPOP,RDM1
EPOP,KLF2
EPOP,CALM1
EPOP,CALR
EPOP,NPM1
EPOP,PNP
EPOP,PRDX1
EPOP,HSP90AB1
EPOP,TFRC
EPOP,IER2
EPOP,SRSF2
EPOP,HSP90AA1
EPOP,KDM5B
EPOP,KLF5
EPOP,FZD5
EPOP,EED
EPOP,GTF2B
EPOP,HEXIM1
EPOP,GFPT2
EPOP,SET
EPOP,SMARCA5
EPOP,ELL
EPOP,FGF4
EPOP,TFCP2L1
EPOP,P4HA1
EPOP,KDM1A
EPOP,IMPDH2
EPOP,PDIA3
EPOP,P4HB
EPOP,EP400
EPOP,SOD1
EPOP,HSPB1
EPOP,NASP
EPOP,ASPH
EPOP,CTSL
EPOP,SMC3
EPOP,TLE4
EPOP,SLC25A4
EPOP,CBX3
EPOP,POFUT2
EPOP,SLC16A1
EPOP,KANSL3
EPOP,CBX5
EPOP,KDM4C
EPOP,E4F1
EPOP,TCF15
EPOP,APPBP2
EPOP,RBMXL2
EPOP,HMGA1B
EPOP,HMGA1
EPOP,MBNL2
EPOP,XPNPEP1
EPOP,LRPAP1
EPOP,TMED9
EPOP,MSH2
EPOP,TMOD3
EPOP,OAT
EPOP,CALU
EPOP,MARC2
EPOP,NCAPG
EPOP,SUMO1
EPOP,SAP18
EPOP,SMARCC1
EPOP,TDH
EPOP,MTF2
EPOP,GORASP2
EPOP,RRAS2
EPOP,SPARC
EPOP,CLTC
EPOP,BTAF1
EPOP,IFI30
EPOP,ABHD5
EPOP,ERP29
EPOP,HSPA4
EPOP,TAF2
EPOP,SPP1
EPOP,FN1
EPOP,TBX3
EPOP,NCOR1
EPOP,CDC73
EPOP,DDB1
EPOP,PARP1
EPOP,ATP6V0A1
EPOP,NFYB
EPOP,ITGA6
EPOP,PAF1
EPOP,FGFR1
EPOP,SOX2
EPOP,POLE4
EPOP,ARHGAP29
EPOP,RRN3
EPOP,CDC42SE2
EPOP,RRBP1
EPOP,PDIA5
EPOP,DDX21
EPOP,SSRP1
EPOP,CARHSP1
EPOP,FNDC3B
EPOP,DCTPP1
EPOP,BSG
EPOP,DR1
EPOP,ARPC2
EPOP,NODAL
EPOP,DARS
EPOP,XRCC5
EPOP,HDLBP
EPOP,H13
EPOP,MED26
EPOP,STAT3
EPOP,TMEM165
EPOP,KDELR2
EPOP,GLO1
EPOP,ARF4
EPOP,TGOLN1
EPOP,TALDO1
EPOP,DNAJC3
EPOP,GGA2
EPOP,FBXW8
EPOP,2410141K09RIK
EPOP,SERBP1
EPOP,ZFP57
EPOP,ASS1
EPOP,ZFP322A
EPOP,DDOST
EPOP,NSL1
EPOP,UBA2
EPOP,SSR1
EPOP,SELENOS
EPOP,CDC16
EPOP,MBD3
EPOP,PLEKHF2
EPOP,IGFBP2
EPOP,LRRC59
EPOP,L1TD1
EPOP,ACBD3
EPOP,BRD4
EPOP,COLGALT1
EPOP,FBRSL1
EPOP,EZH2
EPOP,GSTA4
EPOP,ZBTB44
EPOP,HS3ST1
EPOP,MED23
EPOP,DUSP6
EPOP,TXNDC12
EPOP,TDGF1
EPOP,IFITM2
EPOP,MYL6
EPOP,UBTF
EPOP,NELFA
EPOP,RAF1
EPOP,ACP6
EPOP,TRIM28
EPOP,SURF4
EPOP,CDC5L
EPOP,ATP6V0E
EPOP,GNAI3
EPOP,EXT2
EPOP,APEX1
EPOP,IKBIP
EPOP,APAF1
EPOP,KDELR1
EPOP,OSTC
EPOP,ARFGAP1
EPOP,PLA2G15
EPOP,ITGB1
EPOP,PTP4A1
EPOP,RAB11A
EPOP,COPA
EPOP,ERF
EPOP,KDM4A
EPOP,GCNT1
EPOP,CDK8
EPOP,DGCR8
EPOP,VKORC1
EPOP,DPY30
EPOP,TAF3
EPOP,ILK
EPOP,PPIB
EPOP,SMAD1
EPOP,ADNP
EPOP,MPHOSPH8
EPOP,NFYC
EPOP,ALDH2
EPOP,MORC3
EPOP,AP2A2
EPOP,ZFP384
EPOP,TBRG1
EPOP,NANOG
EPOP,ELL2
EPOP,NCAPD3
EPOP,GFPT1
EPOP,GNB2
EPOP,COTL1
EPOP,TRAM1
EPOP,HIRIP3
EPOP,MAN1A2
EPOP,FLRT3
EPOP,CPOX
EPOP,QSOX1
EPOP,NCAPH2
EPOP,LMF2
EPOP,ARF1
EPOP,MAPKAPK2
EPOP,WDR11
EPOP,VAMP3
EPOP,GLDC
EPOP,MSH6
EPOP,COL27A1
EPOP,ARPC5
EPOP,RTN3
EPOP,NR4A1
EPOP,MYH9
EPOP,DNAJC10
EPOP,EIF2S2
EPOP,HDAC1
EPOP,ZFP710
EPOP,PLOD1
EPOP,LAMC1
EPOP,NRF1
EPOP,GXYLT1
EPOP,ANXA4
EPOP,TMEM30A
EPOP,TMEM214
EPOP,LY75
EPOP,BMPR2
EPOP,SEC11A
EPOP,B4GALT1
EPOP,DPF2
EPOP,WDR82
EPOP,CXXC1
EPOP,SETX
EPOP,SELENOW
EPOP,NFXL1
EPOP,SUPT5
EPOP,MYBL2
EPOP,MKRN1
EPOP,DROSHA
EPOP,HIRA
EPOP,FKBP5
EPOP,CTR9
EPOP,PSEN1
EPOP,TBP
EPOP,B2M
EPOP,RPP25
EPOP,KDM5A
EPOP,FBXO22
EPOP,NID1
EPOP,CBX2
EPOP,STT3A
EPOP,SS18
EPOP,PDCD6IP
EPOP,RAD23B
EPOP,P3H1
EPOP,RBPJ
EPOP,PHRF1
EPOP,PDIA6
EPOP,SETD1A
EPOP,RER1
EPOP,CDH6
EPOP,GOT1
EPOP,SMARCA4
EPOP,YEATS4
EPOP,CDK7
EPOP,JARID2
EPOP,SIRT6
EPOP,NIPSNAP1
EPOP,ZFP979
EPOP,HIP1
EPOP,HNRNPL
EPOP,AARS
EPOP,UTF1
EPOP,SNX2
EPOP,MBD2
EPOP,TRP53
EPOP,SAP30
EPOP,EDEM1
EPOP,SSR4
EPOP,RBBP5
EPOP,NIPBL
EPOP,TMED3
EPOP,MYC
EPOP,ZCCHC24
EPOP,COPB1
EPOP,CBX1
EPOP,CREB3L2
EPOP,BMP1
EPOP,MFSD1
EPOP,UBQLN2
EPOP,INO80
EPOP,RPN1
EPOP,TXNDC5
EPOP,PHF5A
EPOP,TMBIM6
EPOP,SARAF
EPOP,AU018091
EPOP,LRP2
EPOP,SNX7
EPOP,SRSF1
EPOP,DMAP1
EPOP,USP16
EPOP,SLC7A6
EPOP,GDPD5
EPOP,CTSD
EPOP,ETV5
EPOP,MDN1
EPOP,COPG1
EPOP,PARD6B
EPOP,ARHGAP1
EPOP,SH3GLB1
EPOP,ZFP281
EPOP,FABP3
EPOP,FRS2
EPOP,PFKP
EPOP,RAP1GDS1
EPOP,MAN1A
EPOP,PCGF2
EPOP,ZFP42
EPOP,SUPT16
EPOP,CPD
EPOP,AMPD2
EPOP,RUVBL2
EPOP,MSL2
EPOP,GATA4
EPOP,PLOD2
EPOP,MYCN
EPOP,CERS4
EPOP,PDK1
EPOP,E2F1
EPOP,METTL3
EPOP,CHD4
EPOP,UTP14A
EPOP,HAP1
EPOP,PDGFRA
EPOP,MED1
EPOP,TCF3
EPOP,OPLAH
EPOP,JUN
EPOP,DKC1
EPOP,ZFYVE21
EPOP,MAP1A
EPOP,ARID1A
EPOP,EFEMP2
EPOP,ZFP428
EPOP,YY1
EPOP,KRTCAP2
EPOP,ZFP217
EPOP,GSN
EPOP,KMT2D
EPOP,OSBP
EPOP,ADAM10
EPOP,TAX1BP3
EPOP,SUPT6
EPOP,BRD9
EPOP,PTPN21
EPOP,MYDGF
EPOP,APOBEC3
EPOP,COL18A1
EPOP,TET3
EPOP,P4HA2
EPOP,MCM2
EPOP,HEATR1
EPOP,CDK9
EPOP,TGIF2
EPOP,LEO1
EPOP,STAG1
EPOP,PRDM15
EPOP,TCL1
EPOP,SLC39A8
EPOP,F3
EPOP,GNAS
EPOP,ZFHX3
EPOP,FGFR4
EPOP,CTBP2
EPOP,SPOCK1
EPOP,TCN2
EPOP,NAA10
EPOP,KDELC2
EPOP,BEND5
EPOP,SEC23A
EPOP,KLF4
EPOP,GMNN
EPOP,PITPNC1
EPOP,ALG13
EPOP,TM9SF3
EPOP,RYBP
EPOP,PDE4DIP
EPOP,SALL1
EPOP,HSPG2
EPOP,RNF2
EPOP,NFYA
EPOP,MOB3B
EPOP,CBX7
EPOP,NUCB1
EPOP,SMARCAD1
EPOP,LPAR2
EPOP,PHLDB2
EPOP,JAM2
EPOP,GLIPR2
EPOP,TNKS
EPOP,RCOR1
EPOP,HDAC3
EPOP,TGFBR3
EPOP,MYMX
EPOP,ITGAV
EPOP,DAXX
EPOP,GNS
EPOP,SSR3
EPOP,SRI
EPOP,DICER1
EPOP,CREB3
EPOP,ARHGEF28
EPOP,EP300
EPOP,ACTL6A
EPOP,PRKAA2
EPOP,CST3
EPOP,ATRX
EPOP,USP28
EPOP,FRMD4A
EPOP,CTSZ
EPOP,VAMP8
EPOP,AGPAT4
EPOP,FOXH1
EPOP,GALK1
EPOP,BMP4
EPOP,ARF5
EPOP,TUBB2B
EPOP,TMEM150A
EPOP,FHDC1
EPOP,KAT8
EPOP,ZIC3
EPOP,SLC39A1
EPOP,PLOD3
EPOP,SEC24A
EPOP,CD63
EPOP,PURB
EPOP,CAR2
EPOP,PKNOX1
EPOP,ALPL
EPOP,ILDR1
EPOP,RBBP7
EPOP,RAD21
EPOP,SERPING1
EPOP,MYLPF
EPOP,DERL1
EPOP,OGT
EPOP,IHH
EPOP,LRRC34
EPOP,TRH
EPOP,MCRS1
EPOP,SLC35F5
EPOP,SPNS2
EPOP,PRSS35
EPOP,GNA12
EPOP,PWP1
EPOP,KDM2A
EPOP,DAB2
EPOP,ERAS
EPOP,ENOX1
EPOP,TSPAN9
EPOP,BMI1
EPOP,SALL4
EPOP,CEMIP
EPOP,UHRF1
EPOP,LYN
EPOP,GLI2
EPOP,E2F4
EPOP,NR0B1
EPOP,IFITM1
EPOP,FGF3
EPOP,TMED10
EPOP,PHC1
EPOP,WDR46
EPOP,ZBTB2
EPOP,SHTN1
EPOP,ELL3
EPOP,BASP1
EPOP,CCND1
EPOP,ESRRB
EPOP,DPPA2
EPOP,TMEM144
EPOP,L3MBTL3
EPOP,GTF3C1
EPOP,COBLL1
EPOP,ZFP459
EPOP,SETDB1
EPOP,PRKCE
EPOP,FKBP9
EPOP,ETV1
EPOP,KCTD10
EPOP,CNOT3
EPOP,B4GALNT4
EPOP,TMEM59
EPOP,SEMA4C
EPOP,SUMO2
EPOP,SLC7A3
EPOP,PCOLCE
EPOP,DTX3L
EPOP,PRDX4
EPOP,NACC1
EPOP,KMT2C
EPOP,MEN1
EPOP,ADAM19
EPOP,TTC39B
EPOP,SELENOM
EPOP,RIF1
EPOP,FUT9
EPOP,APP
EPOP,SHF
EPOP,NR5A2
EPOP,KLHDC3
EPOP,SETD7
EPOP,RUVBL1
EPOP,POU5F1
EPOP,EPAS1
EPOP,DUSP9
EPOP,TDG
EPOP,HNF1B
EPOP,GCNT2
EPOP,VSIR
EPOP,PTH1R
EPOP,PML
EPOP,MSX2
EPOP,KDM6A
EPOP,DRAM1
EPOP,GLMP
EPOP,STARD10
EPOP,MAPK8
EPOP,GGTA1
EPOP,CTCF
EPOP,SLC39A7
EPOP,BMPER
EPOP,ZFP143
EPOP,NUP210
EPOP,ARHGEF5
EPOP,SNURF
EPOP,SNRPN
EPOP,NMNAT2
EPOP,LAMB1
EPOP,BNC2
EPOP,FST
EPOP,THAP11
EPOP,KMT2B
EPOP,TMEM9B
EPOP,ZFP532
EPOP,TGIF1
EPOP,SORD
EPOP,ADAM23
EPOP,SOAT1
EPOP,ZYX
EPOP,LGALS3
EPOP,COMMD3
EPOP,TMED2
EPOP,TCF12
EPOP,MOV10
EPOP,ANO10
EPOP,RXRA
EPOP,RPN2
EPOP,RANBP17
EPOP,MAX
EPOP,FUT8
ESRRB,MED23
ESRRB,PHF5A
ESRRB,MTF2
ESRRB,SPP1
ESRRB,ADGRA2
ESRRB,GMNN
ESRRB,FABP3
ESRRB,PHC1
ESRRB,TFRC
ESRRB,MKRN1
ESRRB,UPP1
ESRRB,LRRC34
ESRRB,ARF1
ESRRB,CALU
ESRRB,IGFBP2
ESRRB,RIF1
ESRRB,NR5A2
ESRRB,ZFP42
ESRRB,PRDM14
ESRRB,SLC25A4
ESRRB,MYLPF
ESRRB,GOT1
ESRRB,ACP6
ESRRB,CST3
ESRRB,MAP1A
ESRRB,SLC15A1
ESRRB,SUMO2
ESRRB,MYMX
ESRRB,MSH6
ESRRB,PCOLCE
ESRRB,WDR82
ESRRB,NFYC
ESRRB,PDK1
ESRRB,TDGF1
ESRRB,UBA2
ESRRB,RRN3
ESRRB,OPLAH
ESRRB,RBPJ
ESRRB,FBLIM1
ESRRB,CLTC
ESRRB,NR0B1
ESRRB,SERBP1
ESRRB,CBX7
ESRRB,COBLL1
ESRRB,DGCR8
ESRRB,CBFA2T2
ESRRB,DPPA2
ESRRB,RBPMS2
ESRRB,RARA
ESRRB,MED26
ESRRB,HSPA4
ESRRB,PRKAA2
ESRRB,MAPK8
ESRRB,SFRP1
ESRRB,RASGRP2
ESRRB,OGT
ESRRB,JUN
ESRRB,BAZ1B
ESRRB,POU5F1
ESRRB,2410141K09RIK
ESRRB,GABBR1
ESRRB,SLC16A1
ESRRB,FGFR4
ESRRB,SMARCA5
ESRRB,KANSL3
ESRRB,SAP30
ESRRB,FKBP5
ESRRB,OAT
ESRRB,CBX1
ESRRB,NANOG
ESRRB,HSPB1
ESRRB,GNA12
ESRRB,SEC11A
ESRRB,CAR2
ESRRB,NOTCH4
ESRRB,TPD52
ESRRB,MBD3
ESRRB,ERF
ESRRB,ETV1
ESRRB,TCF15
ESRRB,ZIC3
ESRRB,TMEM150A
ESRRB,PIPOX
ESRRB,CALR
ESRRB,TCEA3
ESRRB,HIRA
ESRRB,ZFP819
ESRRB,ZFP532
ESRRB,KHDC3
ESRRB,ZFP57
ESRRB,DUSP27
ESRRB,USP16
ESRRB,DCLK2
ESRRB,PLOD1
ESRRB,BRD2
ESRRB,TDH
ESRRB,GLI1
ESRRB,CBX5
ESRRB,COPG1
ESRRB,BMPER
ESRRB,ETV4
ESRRB,SRSF2
ESRRB,RDM1
ESRRB,KDM4A
ESRRB,SRI
ESRRB,E4F1
ESRRB,SLC7A3
ESRRB,QSOX1
ESRRB,SEPT1
ESRRB,HNF1B
ESRRB,EPAS1
ESRRB,ZMYND8
ESRRB,TSPAN9
ESRRB,ZFP710
ESRRB,MDN1
ESRRB,TXNDC12
ESRRB,HDAC1
ESRRB,SLC35F5
ESRRB,PDIA3
ESRRB,HSD17B14
ESRRB,DUSP9
ESRRB,HELB
ESRRB,ST5
ESRRB,RBBP7
ESRRB,RNF2
ESRRB,REEP5
ESRRB,GDPD5
ESRRB,EDEM1
ESRRB,MBD2
ESRRB,TCF3
ESRRB,ARF4
ESRRB,PARD6B
ESRRB,BCLAF3
ESRRB,ATP6V0E
ESRRB,PATJ
ESRRB,TBRG1
ESRRB,ZFP428
ESRRB,GATA6
ESRRB,OTX2
ESRRB,STAG1
ESRRB,RETREG1
ESRRB,SSR1
ESRRB,ARPC5
ESRRB,SUMO1
ESRRB,IFITM1
ESRRB,ELL2
ESRRB,VSIR
ESRRB,TMEM144
ESRRB,CTSL
ESRRB,SORD
ESRRB,ADAM19
ESRRB,SALL4
ESRRB,SAP18
ESRRB,PML
ESRRB,PRDM15
ESRRB,SELENOW
ESRRB,BMI1
ESRRB,FAM114A1
ESRRB,NASP
ESRRB,APOBEC3
ESRRB,TGIF1
ESRRB,GFPT2
ESRRB,F3
ESRRB,GATA4
ESRRB,POLE4
ESRRB,MED12
ESRRB,TMED10
ESRRB,DPY30
ESRRB,ERAS
ESRRB,SERPING1
ESRRB,RFFL
ESRRB,GALNT7
ESRRB,RAP1GDS1
ESRRB,KAT6B
ESRRB,FGF10
ESRRB,TFE3
ESRRB,KCTD10
ESRRB,TALDO1
ESRRB,GCNT2
ESRRB,NR4A1
ESRRB,LAMA1
ESRRB,KLF4
ESRRB,CDH6
ESRRB,1700061G19RIK
ESRRB,NFYB
ESRRB,SEC24A
ESRRB,RARG
ESRRB,MYH9
ESRRB,GSTA4
ESRRB,TIMP3
ESRRB,RPP25
ESRRB,XRCC5
ESRRB,DNAJC10
ESRRB,LRPAP1
ESRRB,PRDX1
ESRRB,PHRF1
ESRRB,DCTPP1
ESRRB,LRRC2
ESRRB,NCOR1
ESRRB,TMED9
ESRRB,PRKCE
ESRRB,AMPD2
ESRRB,IER2
ESRRB,TCL1
ESRRB,RCN3
ESRRB,TAX1BP3
ESRRB,SUPT5
ESRRB,NCAPD3
ESRRB,SET
ESRRB,ITPK1
ESRRB,ZFHX3
ESRRB,SRSF1
ESRRB,SURF4
ESRRB,KMT2C
ESRRB,CHCHD10
ESRRB,LAMB1
ESRRB,COLGALT1
ESRRB,KAT8
ESRRB,IRF2BPL
ESRRB,2200002D01RIK
ESRRB,RANBP17
ESRRB,STX3
ESRRB,PTPN21
ESRRB,AEBP2
ESRRB,TCN2
ESRRB,NIPSNAP1
ESRRB,GNS
ESRRB,ZBTB2
ESRRB,MSH2
ESRRB,DPF2
ESRRB,SMAD1
ESRRB,LAMP1
ESRRB,ZFP143
ESRRB,KDELR2
ESRRB,GGA2
ESRRB,GABARAP
ESRRB,NMNAT2
EZH2,BMI1
EZH2,ESRRB
EZH2,FGF3
EZH2,IHH
EZH2,FHDC1
EZH2,PTH1R
EZH2,BMP1
EZH2,COL27A1
EZH2,ADGRA2
EZH2,TGFBR3
EZH2,PDGFRA
EZH2,ANO10
EZH2,GNAS
EZH2,BMPER
EZH2,COL4A2
EZH2,COL4A1
EZH2,FST
EZH2,MSX2
EZH2,ZIC2
EZH2,SFRP1
EZH2,HNF1B
EZH2,CPD
EZH2,SLC39A8
EZH2,GPC6
EZH2,CHST15
EZH2,CRTC3
EZH2,SPOCK1
EZH2,GDPD5
EZH2,LRP2
EZH2,P4HA2
EZH2,APP
EZH2,L3MBTL3
EZH2,SHTN1
EZH2,P3H2
EZH2,CDH6
EZH2,NOTUM
EZH2,ARHGEF28
EZH2,FOXA2
EZH2,DTX1
EZH2,PHF19
EZH2,PARVA
EZH2,COBLL1
EZH2,SPNS2
EZH2,PRKCE
EZH2,TIMP2
EZH2,ARHGAP29
EZH2,AFF3
EZH2,ANK
EZH2,STARD10
EZH2,PDE4DIP
EZH2,ZFHX3
EZH2,FAM114A1
EZH2,MAN1A
EZH2,HS3ST1
EZH2,JUN
EZH2,LYN
EZH2,FRMD4A
EZH2,BAZ1A
EZH2,ABHD5
EZH2,CTDSPL
EZH2,KHDC3
EZH2,SH3PXD2B
EZH2,MCAM
EZH2,ENOX1
EZH2,DRAM1
EZH2,CDK8
EZH2,CBX2
EZH2,GSN
EZH2,PHLDB2
EZH2,PTPN14
EZH2,TYRO3
EZH2,FGFR1
EZH2,CEMIP
EZH2,UTF1
EZH2,RXRA
EZH2,GATA4
EZH2,TET3
EZH2,OBSL1
EZH2,EPAS1
EZH2,FGFR4
EZH2,KDELR3
EZH2,OTX2
EZH2,MRAS
EZH2,GALNT7
EZH2,SETD1A
EZH2,NMNAT2
EZH2,HSPB1
EZH2,AMFR
EZH2,FGF4
EZH2,PRDM14
EZH2,MAPKAPK2
EZH2,PTPN21
EZH2,CAR2
EZH2,CBX8
EZH2,KLF2
EZH2,SMARCA5
EZH2,SMARCA2
EZH2,LAMB1
EZH2,GHR
EZH2,EMP2
EZH2,RBPMS2
EZH2,TIMP3
EZH2,RASGRP2
EZH2,FGF10
EZH2,SNX7
EZH2,DNMT3B
EZH2,SLC7A6
EZH2,TCF12
EZH2,ME1
EZH2,EPOP
EZH2,SMAD3
EZH2,TCF15
EZH2,ARHGEF5
EZH2,RAP1GDS1
EZH2,DCLK2
EZH2,CLCN5
EZH2,KANSL3
EZH2,PXDN
EZH2,MAFK
EZH2,SELENON
EZH2,MFSD1
EZH2,EVA1A
EZH2,BNC2
EZH2,PDIA5
EZH2,SOX17
EZH2,SEMA4C
EZH2,SETD7
EZH2,HDLBP
EZH2,SLC39A7
EZH2,PARD6B
EZH2,ADAM10
EZH2,ZYX
EZH2,SMYD2
EZH2,TENM4
EZH2,GLDC
EZH2,ZCCHC24
EZH2,KLF4
EZH2,P3H4
EZH2,P3H1
EZH2,ARPC5
EZH2,QSOX1
EZH2,PATJ
EZH2,HSPA4
EZH2,PRDX1
EZH2,LAMP1
EZH2,KLF5
EZH2,PCOLCE2
EZH2,DAP
EZH2,RETREG1
EZH2,ETV4
EZH2,ADNP
EZH2,TPM4
EZH2,BEND5
EZH2,BAG2
EZH2,CD63
EZH2,MAN1A2
EZH2,SLC25A4
EZH2,COMMD3
EZH2,RRAS2
EZH2,CHD7
EZH2,RBMXL2
EZH2,TBX3
EZH2,RARG
EZH2,LY75
EZH2,LAMA1
EZH2,PLOD2
EZH2,TPD52
EZH2,RPN2
EZH2,SALL4
EZH2,NFYC
EZH2,PRKAA2
EZH2,TMEM150A
EZH2,NFXL1
EZH2,TMEM9B
EZH2,F3
EZH2,MAP1A
EZH2,ITGAV
EZH2,STX3
EZH2,DOCK5
EZH2,MVB12B
EZH2,EFEMP2
EZH2,PTP4A1
EZH2,GORASP2
EZH2,RANBP17
EZH2,GABBR1
EZH2,P4HA1
EZH2,BMPR2
EZH2,REEP5
EZH2,ELL2
EZH2,SETDB1
EZH2,PDIA3
EZH2,LTBP4
EZH2,FABP3
EZH2,B2M
EZH2,LRRC58
EZH2,RAB11A
EZH2,CDC42SE2
EZH2,DAB2
EZH2,DNAJC3
EZH2,DARS
EZH2,CALM1
EZH2,ASPH
EZH2,FGD1
EZH2,CKAP4
EZH2,COTL1
EZH2,HDAC2
EZH2,GNG10
EZH2,GXYLT1
EZH2,SUPT5
EZH2,GATA6
EZH2,RAB3IL1
EZH2,CDC73
EZH2,PDCD6IP
EZH2,CCDC88C
EZH2,ZFP143
EZH2,SOAT1
EZH2,EDEM1
EZH2,TFRC
EZH2,INO80
EZH2,SELENOS
EZH2,ARL8A
EZH2,FBRSL1
EZH2,LDLRAP1
EZH2,KMT2D
EZH2,PHRF1
EZH2,TCEA3
EZH2,CLTC
EZH2,GTF2B
EZH2,BASP1
EZH2,NELFA
EZH2,COPB1
EZH2,OAT
EZH2,SMAD1
EZH2,KDELC2
EZH2,KAT6B
EZH2,ALPL
EZH2,SRI
EZH2,ITGA6
EZH2,GFPT1
EZH2,VAMP3
EZH2,STAT3
EZH2,EP400
EZH2,PSEN1
EZH2,RYBP
EZH2,PLEKHF2
EZH2,VSIR
EZH2,SRSF2
EZH2,KDM2A
EZH2,MTF2
EZH2,LGALS3
EZH2,RDM1
EZH2,SEC24A
EZH2,LRRC59
EZH2,MARC2
EZH2,KDM1A
EZH2,ILDR1
EZH2,SLC35F5
EZH2,NSL1
EZH2,RRBP1
EZH2,HSP90AA1
EZH2,ADAM19
EZH2,IGFBP2
EZH2,CALR
EZH2,JAM2
EZH2,RPP25
EZH2,FNDC3B
EZH2,DR1
EZH2,RRN3
EZH2,POFUT2
EZH2,SARAF
EZH2,CREBBP
EZH2,PHF5A
EZH2,BAZ1B
EZH2,ACTL6A
EZH2,ACBD3
EZH2,B4GALNT4
EZH2,SS18
EZH2,SETX
EZH2,LAMC1
EZH2,GNS
EZH2,AEBP2
EZH2,EP300
EZH2,ETV5
EZH2,ALDH2
EZH2,ITGB1
EZH2,B4GALT1
EZH2,TRAM1
EZH2,SLC16A1
EZH2,SAP30
EZH2,TSPAN9
EZH2,TMEM165
EZH2,GLI2
EZH2,NODAL
EZH2,TET1
EZH2,TMEM30A
EZH2,KDM2B
EZH2,RAF1
EZH2,FBXW8
EZH2,NPM1
EZH2,SAP18
EZH2,USP28
EZH2,SUMO2
EZH2,DDOST
EZH2,SOD1
EZH2,GSR
EZH2,RFFL
EZH2,NR4A1
EZH2,ARPC2
EZH2,CDC5L
EZH2,TMOD3
EZH2,CREB3
EZH2,UBA2
EZH2,SEC24D
EZH2,SERBP1
EZH2,E4F1
EZH2,MSH6
EZH2,SMAD2
EZH2,SMARCC1
EZH2,MAPK8
EZH2,USP16
EZH2,TXNDC5
EZH2,HAP1
EZH2,ARFIP1
EZH2,XPNPEP1
EZH2,SMC3
EZH2,EXT2
EZH2,BRD9
EZH2,CNOT3
EZH2,PURB
EZH2,TAF3
EZH2,KMT2C
EZH2,COLGALT1
EZH2,SNX2
EZH2,RNF138
EZH2,MORC3
EZH2,TTC39B
EZH2,DROSHA
EZH2,RAD23B
EZH2,BTAF1
EZH2,SHF
EZH2,GMNN
EZH2,ADAM23
EZH2,MSL1
EZH2,NUP210
EZH2,TLE4
EZH2,H13
EZH2,NCOR1
EZH2,CPOX
EZH2,FUT8
EZH2,CLN6
EZH2,ZFP710
EZH2,TBRG1
EZH2,ERP29
EZH2,P4HB
EZH2,CTSL
EZH2,DPY30
EZH2,TM9SF3
EZH2,HIP1
EZH2,FBXO22
EZH2,SUMO1
EZH2,MPRIP
EZH2,IRF2BPL
EZH2,RCOR1
EZH2,POLE4
EZH2,MSH2
EZH2,GNPTAB
EZH2,DNAJC10
EZH2,KDM4C
EZH2,GTF3C1
EZH2,ARF4
EZH2,DERL1
EZH2,ZFP57
EZH2,TEX264
EZH2,PHC1
EZH2,GNAI3
EZH2,MKRN1
EZH2,DUSP9
EZH2,MED23
EZH2,EED
EZH2,SRSF1
EZH2,IER2
EZH2,N4BP3
EZH2,RER1
EZH2,GGA2
EZH2,ARF1
EZH2,NCAPG
EZH2,RAB2A
EZH2,MYCN
EZH2,NCAPD3
EZH2,MOV10
EZH2,CBX7
EZH2,ARID3A
EZH2,SMARCAD1
EZH2,PPIB
EZH2,IKBIP
EZH2,APAF1
EZH2,MYH9
EZH2,GLIPR2
EZH2,SIK1
EZH2,GCNT1
EZH2,DICER1
EZH2,FUT9
EZH2,SELENOM
EZH2,RNF2
EZH2,FAM129B
EZH2,CDK9
EZH2,HDAC3
EZH2,ZBTB44
EZH2,TMED10
EZH2,ZFYVE21
EZH2,MBD2
EZH2,SSR1
EZH2,LMNB1
EZH2,KRT8
EZH2,CTCF
EZH2,SUPT16
EZH2,SDCBP
EZH2,CDC16
EZH2,PCGF2
EZH2,CBX1
EZH2,TMED3
EZH2,NID1
EZH2,NFYA
EZH2,KCTD10
EZH2,XBP1
EZH2,ZFP322A
EZH2,PLOD1
EZH2,GLO1
EZH2,PDK1
EZH2,MSL3
EZH2,MSL2
EZH2,SH3GLB1
EZH2,CREB3L2
EZH2,CALU
EZH2,TAX1BP3
EZH2,NRF1
EZH2,YY1
EZH2,CTBP2
EZH2,DGCR8
EZH2,HIRA
EZH2,AP2A2
EZH2,ZFP428
EZH2,THAP11
EZH2,ATF7IP
EZH2,BRD4
EZH2,KDELR2
EZH2,SALL1
EZH2,SMARCA4
EZH2,PARP1
EZH2,FKBP5
EZH2,ERF
EZH2,MED26
EZH2,TMED2
EZH2,CHD1
EZH2,NIPBL
EZH2,SEC23A
EZH2,TDG
EZH2,TNKS
EZH2,UPP1
EZH2,FN1
EZH2,ARID1A
EZH2,ZFP384
EZH2,NASP
EZH2,ITPK1
EZH2,HDAC1
EZH2,RIF1
EZH2,DTX3L
EZH2,FRS2
EZH2,ATP6V0A1
EZH2,COBL
EZH2,TCF3
EZH2,PWP1
EZH2,CHCHD10
EZH2,MYBL2
EZH2,CBFA2T2
EZH2,SUZ12
EZH2,MOB3B
EZH2,TRIM28
EZH2,RPN1
EZH2,E2F1
EZH2,WDR82
EZH2,TET2
EZH2,PITPNC1
EZH2,GNB2
EZH2,HSP90AB1
EZH2,TGIF2
EZH2,STT3A
EZH2,GNA12
EZH2,ILK
EZH2,GALK1
EZH2,PTOV1
EZH2,RBPJ
EZH2,CHMP4B
EZH2,FKBP9
EZH2,ANP32A
EZH2,KDM5B
EZH2,UBTF
EZH2,WDR5
EZH2,STAG1
EZH2,NACC1
EZH2,PRDM15
EZH2,LEO1
EZH2,TAF2
EZH2,DDX21
EZH2,YEATS4
EZH2,NR0B1
EZH2,MED1
EZH2,APEX1
EZH2,ATP6V0E
EZH2,TGIF1
EZH2,REST
EZH2,CTR9
EZH2,PCBD1
EZH2,CTSZ
EZH2,GFPT2
EZH2,PLOD3
EZH2,TRH
EZH2,CARHSP1
EZH2,ANXA4
EZH2,TMEM59
EZH2,WDR11
EZH2,PKNOX1
EZH2,MBD3
EZH2,HMGA1B
EZH2,HMGA1
EZH2,TGOLN1
EZH2,SELENOW
EZH2,EPHA1
EZH2,FBLIM1
EZH2,BAZ2A
EZH2,ZFP217
EZH2,VAMP8
EZH2,MYMX
EZH2,AKT1
EZH2,ZIC3
EZH2,PDIA6
EZH2,ELL3
EZH2,EHMT2
EZH2,GGTA1
EZH2,SEC11A
EZH2,SORD
EZH2,PAF1
EZH2,RARA
EZH2,TDH
EZH2,LPAR2
EZH2,SLC15A1
EZH2,MYLPF
EZH2,VKORC1
EZH2,TALDO1
EZH2,SET
EZH2,NCOR2
EZH2,UBQLN2
EZH2,HSPG2
EZH2,SIN3A
EZH2,KLHDC3
EZH2,ELOB
EZH2,DUSP6
EZH2,RUVBL1
EZH2,CST3
EZH2,TMED9
EZH2,GPX3
EZH2,EIF2S2
EZH2,MEN1
EZH2,ARF5
EZH2,TUBB2B
EZH2,PRSS35
EZH2,CRYAB
EZH2,KMT2B
EZH2,SSRP1
EZH2,BCLAF3
FGFR1,RDM1
FGFR1,CALM1
FGFR1,STARD10
FGFR1,HSP90AA1
FGFR1,PRDX1
FGFR1,SLC25A4
FGFR1,P4HA1
FGFR1,SRSF2
FGFR1,HSP90AB1
FGFR1,SLC16A1
FGFR1,IER2
FGFR1,IMPDH2
FGFR1,NPM1
FGFR1,CBX3
FGFR1,CALR
FGFR1,GTF2B
FGFR1,TFRC
FGFR1,CMKLR1
FGFR1,KLF2
FGFR1,CTSL
FGFR1,ZCCHC24
FGFR1,BSG
FGFR1,P4HB
FGFR1,OAT
FGFR1,ZFP57
FGFR1,GNPTAB
FGFR1,DDB1
FGFR1,L3MBTL3
FGFR1,GFPT2
FGFR1,TET3
FGFR1,GCNT1
FGFR1,APPBP2
FGFR1,HEXIM1
FGFR1,KDM5B
FGFR1,TMED9
FGFR1,ASPH
FGFR1,GHR
FGFR1,BTAF1
FGFR1,MSH2
FGFR1,EP400
FGFR1,SMARCA5
FGFR1,GORASP2
FGFR1,SOD1
FGFR1,NFYC
FGFR1,TFCP2L1
FGFR1,PRDM14
FGFR1,FUT8
FGFR1,CLTC
FGFR1,HDLBP
FGFR1,CALU
FGFR1,YEATS4
FGFR1,TUBB2B
FGFR1,PSEN1
FGFR1,PDIA3
FGFR1,NASP
FGFR1,CARHSP1
FGFR1,UBA2
FGFR1,GLO1
FGFR1,CBX7
FGFR1,ABHD5
FGFR1,TRIM28
FGFR1,MORC3
FGFR1,GTF3C1
FGFR1,JARID2
FGFR1,CDC5L
FGFR1,RAF1
FGFR1,SELENOS
FGFR1,DCTPP1
FGFR1,PNP
FGFR1,SLC39A8
FGFR1,ERP29
FGFR1,SS18
FGFR1,TMEM165
FGFR1,IGFBP2
FGFR1,HAP1
FGFR1,HSPB1
FGFR1,COTL1
FGFR1,SMARCC1
FGFR1,PRKCE
FGFR1,CTSD
FGFR1,ARHGAP29
FGFR1,SERBP1
FGFR1,FN1
FGFR1,DPY30
FGFR1,MARC2
FGFR1,GNAI3
FGFR1,DARS
FGFR1,MED26
FGFR1,EZH2
FGFR1,MTF2
FGFR1,DGCR8
FGFR1,NCOR1
FGFR1,SMC3
FGFR1,POLE4
FGFR1,CDC42SE2
FGFR1,SRSF1
FGFR1,NRF1
FGFR1,ATP6V0A1
FGFR1,HSPA4
FGFR1,RAB11A
FGFR1,POFUT2
FGFR1,DAB2
FGFR1,KLF5
FGFR1,RTN3
FGFR1,MBD3
FGFR1,BMPR2
FGFR1,RRAS2
FGFR1,YY1
FGFR1,SARAF
FGFR1,HMGA1B
FGFR1,HMGA1
FGFR1,JUN
FGFR1,ALPL
FGFR1,ETV4
FGFR1,GXYLT1
FGFR1,E4F1
FGFR1,PDE4DIP
FGFR1,FBXO22
FGFR1,APEX1
FGFR1,NODAL
FGFR1,DR1
FGFR1,CBX2
FGFR1,SUPT5
FGFR1,SELENOW
FGFR1,KANSL3
FGFR1,TCF15
FGFR1,RAB2A
FGFR1,COPG1
FGFR1,DDX21
FGFR1,RAP1GDS1
FGFR1,KDM4A
FGFR1,GGA2
FGFR1,TMOD3
FGFR1,RRN3
FGFR1,IKBIP
FGFR1,APAF1
FGFR1,NCAPG
FGFR1,DDOST
FGFR1,ATP6V0E
FGFR1,TGOLN1
FGFR1,GOT1
FGFR1,MYDGF
FGFR1,SEC24A
FGFR1,CBX5
FGFR1,EED
FGFR1,SEC11A
FGFR1,CBX1
FGFR1,ZFP532
FGFR1,RBMXL2
FGFR1,PDK1
FGFR1,NCAPH2
FGFR1,LMF2
FGFR1,HDAC1
FGFR1,CPD
FGFR1,MAPK8
FGFR1,ARF4
FGFR1,TBP
FGFR1,SURF4
FGFR1,ARPC2
FGFR1,SUPT6
FGFR1,NIPBL
FGFR1,KDM4C
FGFR1,KDELR2
FGFR1,B2M
FGFR1,P3H1
FGFR1,RANBP17
FGFR1,PARVA
FGFR1,PLOD2
FGFR1,PAF1
FGFR1,H13
FGFR1,ZBTB2
FGFR1,INO80
FGFR1,ARF1
FGFR1,NELFA
FGFR1,LRRC59
FGFR1,ADNP
FGFR1,PTP4A1
FGFR1,SMAD1
FGFR1,FRMD4A
FGFR1,FLRT3
FGFR1,MED1
FGFR1,ASS1
FGFR1,ARPC5
FGFR1,NCAPD3
FGFR1,PDGFRA
FGFR1,KDM1A
FGFR1,EDEM1
FGFR1,RPP25
FGFR1,TRAM1
FGFR1,SOAT1
FGFR1,KRT17
FGFR1,HNRNPL
FGFR1,RAD23B
FGFR1,MYL6
FGFR1,FGF4
FGFR1,LRRC2
FGFR1,ZFP322A
FGFR1,SAP18
FGFR1,ACBD3
FGFR1,TMEM30A
FGFR1,PHRF1
FGFR1,LRPAP1
FGFR1,TALDO1
FGFR1,ZFP428
FGFR1,EIF2S2
FGFR1,SPARC
FGFR1,SSRP1
FGFR1,SUMO1
FGFR1,SLC35F5
FGFR1,CHD1
FGFR1,SET
FGFR1,WDR82
FGFR1,BAZ1B
FGFR1,ZBTB44
FGFR1,SSR1
FGFR1,SDCBP
FGFR1,LAMP1
FGFR1,ETV5
FGFR1,RYBP
FGFR1,UBQLN2
FGFR1,TDG
FGFR1,PDIA5
FGFR1,PPIB
FGFR1,SETD1A
FGFR1,PKNOX1
FGFR1,HIRA
FGFR1,MFSD1
FGFR1,MSH6
FGFR1,COL18A1
FGFR1,PDIA6
FGFR1,AP2A2
FGFR1,TAF2
FGFR1,COPA
FGFR1,PXDN
FGFR1,KDELC2
FGFR1,MYBL2
FGFR1,PHF5A
FGFR1,IFI30
FGFR1,TBX3
FGFR1,HSPG2
FGFR1,CHD4
FGFR1,RBBP7
FGFR1,TIMP3
FGFR1,OSTC
FGFR1,NSL1
FGFR1,MAN1A2
FGFR1,CDK7
FGFR1,MYH9
FGFR1,DROSHA
FGFR1,PITPNC1
FGFR1,FZD5
FGFR1,SMARCA4
FGFR1,ERF
FGFR1,ADAM10
FGFR1,SUMO2
FGFR1,ADAM19
FGFR1,PLEKHF2
FGFR1,CTR9
FGFR1,DNAJC10
FGFR1,SETX
FGFR1,HDAC2
FGFR1,CDC16
FGFR1,B4GALT1
FGFR1,TMED3
FGFR1,RER1
FGFR1,BRD4
FGFR1,STAG1
FGFR1,DNAJC3
FGFR1,VAMP3
FGFR1,RBBP5
FGFR1,VKORC1
FGFR1,SMAD2
FGFR1,MDN1
FGFR1,DPF2
FGFR1,KDM5A
FGFR1,USP28
FGFR1,GLDC
FGFR1,DKC1
FGFR1,XPNPEP1
FGFR1,XBP1
FGFR1,EP300
FGFR1,ANXA4
FGFR1,EPOP
FGFR1,HS3ST1
FGFR1,SAP30
FGFR1,PARP1
FGFR1,CDC73
FGFR1,STT3A
FGFR1,FNDC3B
FGFR1,TLE4
FGFR1,TMEM214
FGFR1,ITGA6
FGFR1,USP16
FGFR1,QSOX1
FGFR1,MYMX
FGFR1,KAT8
FGFR1,DUSP6
FGFR1,CST3
FGFR1,PDCD6IP
FGFR1,ELL2
FGFR1,CTSZ
FGFR1,RARA
FGFR1,FBXW8
FGFR1,DAXX
FGFR1,RPN1
FGFR1,ZFYVE21
FGFR1,HELB
FGFR1,MSL2
FGFR1,FRS2
FGFR1,FOXH1
FGFR1,LY75
FGFR1,PURB
FGFR1,AARS
FGFR1,MCM2
FGFR1,TAX1BP3
FGFR1,NFYB
FGFR1,ZC3H11A
FGFR1,SNURF
FGFR1,SNRPN
FGFR1,IRF2BPL
FGFR1,KDELR1
FGFR1,ITGB1
FGFR1,CPOX
FGFR1,GFPT1
FGFR1,RRBP1
FGFR1,ZFP384
FGFR1,NFYA
FGFR1,SLC7A6
FGFR1,MKRN1
FGFR1,WDR5
FGFR1,GALNT7
FGFR1,TBRG1
FGFR1,SETDB1
FGFR1,ZFP217
FGFR1,OBSL1
FGFR1,MPHOSPH8
FGFR1,EPAS1
FGFR1,ARFGAP1
FGFR1,ITGAV
FGFR1,CDK8
FGFR1,SH3GLB1
FGFR1,PARD6B
FGFR1,P4HA2
FGFR1,CREB3L2
FGFR1,TMBIM6
FGFR1,UPP1
FGFR1,TMED10
FGFR1,SOX2
FGFR1,FKBP5
FGFR1,SSR3
FGFR1,MBD2
FGFR1,F3
FGFR1,PRDX4
FGFR1,PLA2G15
FGFR1,LAMA1
FGFR1,NID1
FGFR1,NR4A1
FGFR1,BASP1
FGFR1,DERL1
FGFR1,STAT3
FGFR1,RBPJ
FGFR1,KMT2C
FGFR1,KDM2A
FGFR1,CDH6
FGFR1,SMARCAD1
FGFR1,GMNN
FGFR1,SPNS2
FGFR1,VSIR
FGFR1,TXNDC12
FGFR1,TTC39B
FGFR1,SLC39A7
FGFR1,ACTL6A
FGFR1,KLHDC3
FGFR1,KDM6A
FGFR1,EXT2
FGFR1,SUZ12
FGFR1,RAD21
FGFR1,KMT2D
FGFR1,GDPD5
FGFR1,CREB3
FGFR1,ALDH2
FGFR1,BAG2
FGFR1,TAF3
FGFR1,SLC39A1
FGFR1,ZFP710
FGFR1,IFITM2
FGFR1,NFXL1
FGFR1,LAMB1
FGFR1,SUPT16
FGFR1,MTA2
FGFR1,MAN1A
FGFR1,SMAD3
FGFR1,MOB3B
FGFR1,BCLAF3
FGFR1,ELL
FGFR1,MCRS1
FGFR1,MAPKAPK2
FGFR1,MAX
FGFR1,SNX2
FGFR1,ACP6
FGFR1,OSBP
FGFR1,UHRF1
FGFR1,GLIPR2
FGFR1,SMC1A
FGFR1,GNB2
FGFR1,ZIC3
FGFR1,WDR11
FGFR1,LPAR2
FGFR1,L1TD1
FGFR1,PATJ
FGFR1,ELL3
FGFR1,SEC23A
FGFR1,SSR4
FGFR1,RNF2
FGFR1,KCTD10
FGFR1,MMGT1
FGFR1,ZFP143
FGFR1,APP
FGFR1,TMEM9B
FGFR1,SEMA4C
FGFR1,XRCC5
FGFR1,FGD1
FGFR1,CERS4
FGFR1,NUCB1
FGFR1,MED23
FGFR1,DAP
FGFR1,UTF1
FGFR1,COMMD3
FGFR1,SELENOM
FGFR1,GNS
FGFR1,KAT6B
FGFR1,PFKP
FGFR1,LMNB1
FGFR1,NONO
FGFR1,E2F4
FGFR1,METTL3
FGFR1,ARHGAP1
FGFR1,TGIF2
FGFR1,UTP14A
FGFR1,RUVBL2
FGFR1,GLI2
FGFR1,SORD
FGFR1,BRD9
FGFR1,RCN3
FGFR1,AGPAT4
FGFR1,KAT5
FGFR1,PWP1
FGFR1,MBNL2
FGFR1,MYLPF
FGFR1,E2F1
FGFR1,TM9SF3
FGFR1,LRP2
FGFR1,DICER1
FGFR1,GNA12
FGFR1,CTCF
FGFR1,AMPD2
FGFR1,TCN2
FGFR1,TDGF1
FGFR1,PLAT
FGFR1,MED12
FGFR1,MEN1
FGFR1,MAP1A
FGFR1,ARFIP1
FGFR1,KRTCAP2
FGFR1,NAA10
FGFR1,COPB1
FGFR1,ZFX
FGFR1,VAMP8
FGFR1,FABP3
FGFR1,CD63
FGFR1,MAFK
FGFR1,SERPINH1
FGFR1,TIMP2
FGFR1,RBPMS2
FGFR1,SETD7
FGFR1,LYN
FGFR1,PRDM15
FGFR1,ILK
FGFR1,SNX7
FGFR1,PHLDB2
FGFR1,TMEM150A
FGFR1,CNOT3
FGFR1,BMP1
FGFR1,ARID1A
FGFR1,RFFL
FGFR1,TAF1
FGFR1,TRP53
FGFR1,TMEM144
FGFR1,DUSP9
FGFR1,TNKS
FGFR1,HIRIP3
FGFR1,PRKAA2
FGFR1,COLGALT1
FGFR1,DMAP1
FGFR1,ZYX
FGFR1,ZFP979
FGFR1,SIRT6
FGFR1,PLOD1
FGFR1,HTATSF1
FGFR1,PTPN21
FGFR1,FXYD6
FGFR1,UBTF
FGFR1,NIPSNAP1
FGFR1,SERPING1
FGFR1,CDK9
FGFR1,N4BP3
FGFR1,HIP1
FGFR1,CXXC1
FGFR1,ANP32A
FGFR1,ALG13
FGFR1,LRRC58
FGFR1,MSL1
FGFR1,ATRX
FGFR1,TCOF1
FGFR1,FGF10
FGFR1,DCLK2
FGFR1,BRD2
FGFR1,ADAM23
FGFR1,MPRIP
FGFR1,LAMC1
FGFR1,GALK1
FGFR1,TMEM59
FGFR1,LDLRAP1
FGFR1,KMT2B
FGFR1,PHC1
FGFR1,CBX8
FGFR1,RETREG1
GABBR1,SOAT1
GABBR1,MED23
GABBR1,SARAF
GABBR1,E4F1
GABBR1,OAT
GABBR1,FBXW8
GABBR1,SELENOS
GABBR1,ATP6V0E
GABBR1,TAF2
GABBR1,DAP
GABBR1,COPB1
GABBR1,KAT8
GABBR1,SDCBP
GABBR1,GNA12
GABBR1,DMAP1
GABBR1,PDCD6IP
GABBR1,MFSD1
GABBR1,PLA2G15
GABBR1,PDIA6
GABBR1,PWP1
GABBR1,GALK1
GABBR1,ARHGAP29
GABBR1,CST3
GABBR1,ASPH
GABBR1,CHMP4B
GABBR1,COTL1
GABBR1,MAPK8
GABBR1,CREB3L2
GABBR1,CDC16
GABBR1,RFFL
GABBR1,TMEM30A
GABBR1,TMEM214
GABBR1,ATP6V0A1
GABBR1,NIPSNAP1
GABBR1,XRCC5
GABBR1,TRAM1
GABBR1,SSR1
GABBR1,MAFK
GABBR1,EXT2
GABBR1,TBRG1
GABBR1,H13
GABBR1,TMOD3
GABBR1,OSTC
GABBR1,GTF2B
GABBR1,DARS
GABBR1,XPNPEP1
GABBR1,STAT3
GABBR1,GNS
GABBR1,TXNDC5
GABBR1,BAG2
GABBR1,POFUT2
GABBR1,DERL1
GABBR1,DNAJC3
GABBR1,HEATR1
GABBR1,NFXL1
GABBR1,FBRSL1
GABBR1,LY75
GABBR1,CDC42SE2
GABBR1,TFRC
GABBR1,KAT5
GABBR1,GMNN
GABBR1,MYDGF
GABBR1,MARC2
GABBR1,CBFA2T2
GABBR1,PDIA5
GABBR1,HDAC1
GABBR1,QSOX1
GABBR1,WDR11
GABBR1,LEO1
GABBR1,ME1
GABBR1,VAMP3
GABBR1,RTN3
GABBR1,RAB2A
GABBR1,SNX2
GABBR1,DNAJC10
GABBR1,P4HA1
GABBR1,DPF2
GABBR1,GLDC
GABBR1,CPOX
GABBR1,TCOF1
GABBR1,DCTPP1
GABBR1,ZFP322A
GABBR1,HDLBP
GABBR1,GGA2
GABBR1,FGFR4
GABBR1,PSEN1
GABBR1,CALU
GABBR1,ACTL6A
GABBR1,COLGALT1
GABBR1,GNAI3
GABBR1,VKORC1
GABBR1,TTC39B
GABBR1,PPIB
GABBR1,LRRC59
GABBR1,ANO10
GABBR1,EDEM1
GABBR1,MSH2
GABBR1,MTF2
GABBR1,CARHSP1
GABBR1,USP16
GABBR1,SEC11A
GABBR1,NSL1
GABBR1,PHRF1
GABBR1,KDELC2
GABBR1,GHR
GABBR1,ACBD3
GABBR1,TMED9
GABBR1,KDELR2
GABBR1,CTR9
GABBR1,OSBP
GABBR1,LAMP1
GABBR1,P4HA2
GABBR1,MDN1
GABBR1,ITGB1
GABBR1,GLIPR2
GABBR1,MED1
GABBR1,MPHOSPH8
GABBR1,PATJ
GABBR1,EP400
GABBR1,GNPTAB
GABBR1,YEATS4
GABBR1,IKBIP
GABBR1,APAF1
GABBR1,ADAM10
GABBR1,ALPL
GABBR1,GNG10
GABBR1,IMPDH2
GABBR1,TMBIM6
GABBR1,PTOV1
GABBR1,DDOST
GABBR1,TMED10
GABBR1,SMYD2
GABBR1,CPD
GABBR1,TMEM9B
GABBR1,REEP5
GABBR1,CXXC1
GABBR1,MEN1
GABBR1,GXYLT1
GABBR1,HIP1
GABBR1,RNF2
GABBR1,SH3PXD2B
GABBR1,SMARCC1
GABBR1,SMAD1
GABBR1,POLE4
GABBR1,PNP
GABBR1,FBXO22
GABBR1,NELFA
GABBR1,GSR
GABBR1,DR1
GABBR1,RPN2
GABBR1,CTSL
GABBR1,TPD52
GABBR1,SMC3
GABBR1,TNKS
GABBR1,COPA
GABBR1,ELL3
GABBR1,GORASP2
GABBR1,LAMA1
GABBR1,PRDX4
GABBR1,ZFHX3
GABBR1,CDK7
GABBR1,NFYC
GABBR1,KDM1A
GABBR1,CBX2
GABBR1,HDAC2
GABBR1,SETX
GABBR1,PDIA3
GABBR1,RANBP17
GABBR1,F3
GABBR1,ADAM23
GABBR1,ALDH2
GABBR1,RETREG1
GABBR1,SAP18
GABBR1,RPN1
GABBR1,KANSL3
GABBR1,CTSD
GABBR1,RAB11A
GABBR1,HELB
GABBR1,SURF4
GABBR1,ABHD5
GABBR1,ZFP819
GABBR1,ARPC2
GABBR1,RAB3IL1
GABBR1,LRPAP1
GABBR1,ARPC5
GABBR1,MAP1A
GABBR1,SSR3
GABBR1,AP2A2
GABBR1,SUPT5
GABBR1,SEC23A
GABBR1,ARFGAP1
GABBR1,AMFR
GABBR1,XBP1
GABBR1,ACP6
GABBR1,NUCB1
GABBR1,SLC25A4
GABBR1,GLO1
GABBR1,MBD2
GABBR1,TMED3
GABBR1,TFCP2L1
GABBR1,NFYB
GABBR1,MORC3
GABBR1,STT3A
GABBR1,BTAF1
GABBR1,SRI
GABBR1,PAFAH1B3
GABBR1,ITGA6
GABBR1,TDG
GABBR1,STARD10
GABBR1,STX3
GABBR1,RRN3
GABBR1,FRS2
GABBR1,BSG
GABBR1,PDK1
GABBR1,ADGRA2
GABBR1,BMP1
GABBR1,ITGAV
GABBR1,ASS1
GABBR1,BRD9
GABBR1,TIMP3
GABBR1,SIK1
GABBR1,CRTC3
GABBR1,ZFP281
GABBR1,ZCCHC24
GABBR1,TAF3
GABBR1,SEC24A
GABBR1,NCAPG
GABBR1,SLC7A6
GABBR1,CERS4
GABBR1,USP28
GABBR1,TEX264
GABBR1,CDK8
GABBR1,TCF3
GABBR1,NASP
GABBR1,AARS
GABBR1,ZFP143
GABBR1,SETDB1
GABBR1,P3H1
GABBR1,DROSHA
GABBR1,GCNT1
GABBR1,CALR
GABBR1,ARF4
GABBR1,ZFYVE21
GABBR1,FKBP5
GABBR1,SUMO2
GABBR1,UBA2
GABBR1,LRRC58
GABBR1,BEND5
GABBR1,GLMP
GABBR1,SNX7
GABBR1,APPBP2
GABBR1,MAX
GABBR1,METTL3
GABBR1,SLC9A6
GABBR1,RAD21
GABBR1,ELL2
GABBR1,TSPAN9
GABBR1,MMGT1
GABBR1,TMEM165
GABBR1,SUZ12
GABBR1,KDELR1
GABBR1,ELOB
GABBR1,CLN6
GABBR1,ARF1
GABBR1,TMED2
GABBR1,RBBP5
GABBR1,RAP1GDS1
GABBR1,SS18
GABBR1,SLC35F5
GABBR1,GSN
GABBR1,DGCR8
GABBR1,MTA2
GABBR1,DTX3L
GABBR1,SPOCK1
GABBR1,TALDO1
GABBR1,TM9SF3
GABBR1,LDLRAP1
GABBR1,CAR2
GABBR1,SELENOW
GABBR1,CD63
GABBR1,RRBP1
GABBR1,ILK
GABBR1,DDB1
GABBR1,PTP4A1
GABBR1,B4GALT1
GABBR1,TAX1BP3
GABBR1,SLC39A1
GABBR1,PARD6B
GABBR1,SH3GLB1
GABBR1,CDC73
GABBR1,PKNOX1
GABBR1,COPG1
GABBR1,PRKAA2
GABBR1,PRDM15
GABBR1,PLOD2
GABBR1,NCAPH2
GABBR1,LMF2
GABBR1,NONO
GABBR1,ZFP459
GABBR1,TGFBR3
GABBR1,SMAD2
GABBR1,RRAS2
GABBR1,WDR82
GABBR1,FAM114A1
GABBR1,TIMP2
GABBR1,KDM2B
GABBR1,MAPKAPK2
GABBR1,GFPT2
GABBR1,EZH2
GABBR1,ZFP57
GABBR1,ARHGEF28
GABBR1,GPX3
GABBR1,SOD1
GABBR1,FAM129B
GABBR1,AFF3
GABBR1,SLC16A1
GABBR1,HAP1
GABBR1,TPM4
GABBR1,CKAP4
GABBR1,MAN1A2
GABBR1,RER1
GABBR1,FUT9
GABBR1,CCDC88C
GABBR1,P3H2
GABBR1,RAD23B
GABBR1,DDX21
GABBR1,FRMD4A
GABBR1,SEC24D
GABBR1,ETV5
GABBR1,EPHA1
GABBR1,ZFP217
GABBR1,BAZ1B
GABBR1,TYRO3
GABBR1,KDM4C
GABBR1,NID1
GABBR1,MYH9
GABBR1,PTPN14
GABBR1,SUPT6
GABBR1,ERP29
GABBR1,TMEM59
GABBR1,DKC1
GABBR1,ADNP
GABBR1,GTF3C1
GABBR1,LYN
GABBR1,PCOLCE2
GABBR1,ANK
GABBR1,ZBTB44
GABBR1,FN1
GABBR1,RAF1
GABBR1,ARF5
GABBR1,MBNL2
GABBR1,CLCN5
GABBR1,CNOT3
GABBR1,HSPA4
GABBR1,ENOX1
GABBR1,ARL8A
GABBR1,SHTN1
GABBR1,DOCK5
GABBR1,VSIR
GABBR1,PRDX1
GABBR1,ZFP384
GABBR1,GFPT1
GABBR1,HSPG2
GABBR1,ARFIP1
GABBR1,SMARCAD1
GABBR1,SUMO1
GABBR1,E2F1
GABBR1,RIF1
GABBR1,TCF12
GABBR1,PARVA
GABBR1,PHF5A
GABBR1,PAF1
GABBR1,SORD
GABBR1,DRAM1
GABBR1,ANXA4
GABBR1,PHF19
GABBR1,ELL
GABBR1,CBX1
GABBR1,BCLAF3
GABBR1,B4GALNT4
GABBR1,PXDN
GABBR1,KCTD10
GABBR1,DNMT3B
GABBR1,ADAM19
GABBR1,MOV10
GABBR1,RUVBL2
GABBR1,FNDC3B
GABBR1,DPY30
GABBR1,KLHDC3
GABBR1,DICER1
GABBR1,KDM4A
GABBR1,KDM5A
GABBR1,CEMIP
GABBR1,SUPT16
GABBR1,FHDC1
GABBR1,ILDR1
GABBR1,DAB2
GABBR1,MPRIP
GABBR1,SFRP1
GABBR1,ZC3H11A
GABBR1,SHF
GABBR1,RXRA
GABBR1,P4HB
GABBR1,SSRP1
GABBR1,HSPB1
GABBR1,BMPER
GABBR1,PLOD3
GABBR1,NFYA
GABBR1,DCLK2
GABBR1,COL4A2
GABBR1,COL4A1
GABBR1,B2M
GABBR1,CHD4
GABBR1,SIRT6
GABBR1,RNF138
GABBR1,PLOD1
GABBR1,RBMXL2
GABBR1,PARP1
GABBR1,TBP
GABBR1,TET2
GABBR1,NCAPD3
GABBR1,CTSZ
GABBR1,SMARCA4
GABBR1,2410141K09RIK
GABBR1,SPNS2
GABBR1,MVB12B
GABBR1,EIF2S2
GABBR1,ZYX
GABBR1,NPM1
GABBR1,ZFP428
GABBR1,ARHGAP1
GABBR1,AEBP2
GABBR1,GDPD5
GABBR1,DPPA4
GABBR1,LRP2
GABBR1,CDH6
GABBR1,ARID3A
GABBR1,FKBP9
GABBR1,AMPD2
GABBR1,MYLPF
GABBR1,HS3ST1
GABBR1,SELENOM
GABBR1,RDM1
GABBR1,PHLDB2
GABBR1,MRAS
GABBR1,FUT8
GABBR1,ARHGEF5
GABBR1,APP
GABBR1,RBBP7
GABBR1,RUVBL1
GABBR1,MSL2
GABBR1,KLF5
GABBR1,SELENON
GABBR1,LAMC1
GABBR1,BRD4
GABBR1,UHRF1
GABBR1,MBD3
GABBR1,PURB
GABBR1,CLTC
GABBR1,HSP90AA1
GABBR1,EED
GABBR1,PLEKHF2
GABBR1,MYL6
GABBR1,WDR46
GABBR1,CDK9
GABBR1,NRF1
GABBR1,MOB3B
GABBR1,GALNT7
GABBR1,PTPN21
GABBR1,KMT2B
GABBR1,NMNAT2
GABBR1,NAA10
GABBR1,MAN1A
GABBR1,FGFR1
GABBR1,TGOLN1
GABBR1,BASP1
GABBR1,MED26
GABBR1,MED12
GABBR1,CHD1
GABBR1,APEX1
GABBR1,EMP2
GABBR1,STAG1
GABBR1,SRSF1
GABBR1,COL18A1
GABBR1,RYBP
GABBR1,HTATSF1
GABBR1,ATRX
GABBR1,APOBEC3
GABBR1,KDM2A
GABBR1,AGPAT4
GABBR1,TMEM150A
GABBR1,BAZ1A
GABBR1,TCF15
GABBR1,EP300
GABBR1,BMPR2
GABBR1,CALM1
GABBR1,PRSS35
GABBR1,KMT2C
GABBR1,COBL
GABBR1,WDR5
GABBR1,TLE4
GABBR1,SEMA4C
GABBR1,SAP30
GABBR1,CDC5L
GABBR1,RPP25
GABBR1,PDE4DIP
GABBR1,BNC2
GABBR1,CTCF
GABBR1,LPAR2
GABBR1,KDELR3
GABBR1,COL27A1
GABBR1,L1TD1
GABBR1,SETD1A
GABBR1,KMT2D
GABBR1,FGF10
GABBR1,AKT1
GABBR1,KRTCAP2
GABBR1,COBLL1
GABBR1,PFKP
GABBR1,MSH6
GABBR1,RBPJ
GABBR1,NR4A1
GABBR1,MSX2
GABBR1,SERBP1
GABBR1,GNB2
GABBR1,TAF1
GABBR1,SMARCA5
GABBR1,ESRRB
GABBR1,NUP210
GABBR1,E2F4
GABBR1,MCAM
GABBR1,SETD7
GABBR1,KHDC3
GABBR1,IGFBP2
GABBR1,HIRIP3
GABBR1,CBX8
GABBR1,ZBTB2
GABBR1,INO80
GABBR1,CTDSPL
GABBR1,CREBBP
GABBR1,JAM2
GABBR1,HIRA
GABBR1,UTF1
GABBR1,RARA
GABBR1,HDAC3
GABBR1,PHC1
GABBR1,PLA2G1B
GABBR1,CHD7
GABBR1,USP7
GABBR1,RCOR1
GABBR1,TDH
GABBR1,SMC1A
GABBR1,RARG
GABBR1,NCOR2
GABBR1,P3H4
GABBR1,LMNB1
GABBR1,SMAD3
GABBR1,SLC39A8
GABBR1,LAMB1
GABBR1,SMARCA2
GABBR1,GDF3
GABBR1,EPAS1
GABBR1,FXYD6
GABBR1,MKRN1
GABBR1,NR0B1
GABBR1,SNURF
GABBR1,SNRPN
GABBR1,CREB3
GABBR1,UPP1
GABBR1,FBLIM1
GABBR1,UTP14A
GABBR1,MCRS1
GABBR1,OBSL1
GABBR1,FGD1
GABBR1,ITPK1
GABBR1,PITPNC1
GABBR1,ALG13
GABBR1,KAT6B
GABBR1,UBQLN2
GABBR1,GNAS
GABBR1,TCEA3
GABBR1,NIPBL
GABBR1,EFEMP2
GABBR1,TMEM144
GABBR1,RBPMS2
GABBR1,KDM6A
GABBR1,FGF4
GABBR1,OGT
GABBR1,TXNDC12
GABBR1,SSR4
GABBR1,NODAL
GABBR1,FST
GABBR1,COMMD3
GABBR1,DAXX
GABBR1,MYBL2
GABBR1,GOT1
GABBR1,KDM5B
GABBR1,IFITM2
GABBR1,SRSF2
GABBR1,TCN2
GABBR1,FGF3
GABBR1,THAP11
GABBR1,MYMX
GABBR1,YY1
GABBR1,LRRC34
GABBR1,NCOR1
GABBR1,CHST15
GABBR1,SLC7A3
GABBR1,PRKCE
GABBR1,PTH1R
GABBR1,MSL1
GABBR1,TUBB2B
GABBR1,STAG2
GABBR1,FLRT3
GABBR1,HSP90AB1
GABBR1,PLAT
GABBR1,TET3
GABBR1,ETV4
GABBR1,SLC39A7
GABBR1,TGIF2
GABBR1,TENM4
GABBR1,LGALS3
GABBR1,TFE3
GABBR1,GGTA1
GABBR1,NOTUM
GABBR1,CBX3
GABBR1,N4BP3
GABBR1,MSL3
GABBR1,HNRNPL
GABBR1,ATF7IP
GABBR1,ZFX
GABBR1,PCBD1
GABBR1,REST
GABBR1,KLF2
GABBR1,EVA1A
GABBR1,GATA4
GABBR1,FABP3
GABBR1,BAZ2A
GABBR1,TRIM28
GABBR1,BMI1
GABBR1,NACC1
GABBR1,GLI2
GABBR1,ZFP979
GABBR1,GABARAP
GABBR1,HCFC1
GABBR1,GPC6
GABBR1,CHCHD10
GABBR1,DTX1
GABBR1,TRP53
GABBR1,ERAS
GABBR1,L3MBTL3
GABBR1,MCM2
GABBR1,EPOP
GABBR1,DUSP6
GABBR1,ZFP990
GABBR1,PDGFRA
GABBR1,CBX7
GABBR1,ZFP42
GABBR1,ST5
GABBR1,EHMT2
GABBR1,SALL4
GABBR1,JUN
GABBR1,RCC2
GABBR1,TRH
GABBR1,RASGRP2
GABBR1,GCNT2
GABBR1,IHH
GABBR1,ETV1
GABBR1,ERF
GABBR1,ZFP710
GABBR1,GSTA4
GABBR1,HEXIM1
GABBR1,HSF2BP
GABBR1,NANOG
GABBR1,LAMB2
GABBR1,PIPOX
GABBR1,POU5F1
GABBR1,SOX2
GABBR1,CBX5
GABBR1,FOXA2
GABBR1,CTBP2
GABBR1,RCN3
GABBR1,HMGA1B
GABBR1,HMGA1
GABBR1,UBTF
GABBR1,ZIC2
GABBR1,SIN3A
GABBR1,PML
GABBR1,FZD5
GABBR1,VAMP8
GABBR1,SLC15A1
GABBR1,IRF2BPL
GABBR1,SPARC
GABBR1,IFI30
GABBR1,SET
GABBR1,ZFP532
GABBR1,NR5A2
GABBR1,TET1
GABBR1,DUSP9
GABBR1,GATA6
GABBR1,SERPING1
GABBR1,DPPA2
GABBR1,TBX3
GABBR1,SPP1
GABBR1,PCGF2
GABBR1,SERPINH1
GABBR1,IFITM1
GABBR1,KLF4
GABBR1,OTX2
GABBR1,LTBP4
GABBR1,TDGF1
GABBR1,IER2
GABBR1,MYC
GABBR1,ZIC3
GABBR1,JARID2
GABBR1,KRT8
GABBR1,GLI1
GABBR1,CMKLR1
GABBR1,ANP32A
GABBR1,TGIF1
GABBR1,TCL1
GABBR1,MYCN
GABBR1,ARID1A
GABBR1,2200002D01RIK
GABBR1,SALL1
GABBR1,OOEP
GABBR1,ZMYND8
GABBR1,CRYAB
GABBR1,CCND1
GABBR1,FOXH1
GABBR1,OPLAH
GABBR1,PRDM14
GABBR1,PCOLCE
GABBR1,NOTCH4
GABBR1,HNF1B
GABBR1,BRD2
GABBR1,AU018091
GABBR1,KDM6B
GABBR1,DUSP27
GABBR1,SRGN
GABBR1,FAM25C
GABBR1,BMP4
GABBR1,NOS3
GABBR1,SEPT1
GABBR1,KRT17
GABBR1,GPA33
GABBR1,HKDC1
GATA4,GOT1
GATA4,TCF3
GATA4,SRSF1
GATA4,CPOX
GATA4,RDM1
GATA4,NUCB1
GATA4,VKORC1
GATA4,DERL1
GATA4,ARID1A
GATA4,SARAF
GATA4,MED26
GATA4,ELL2
GATA4,PLA2G15
GATA4,SERBP1
GATA4,PHF5A
GATA4,BRD9
GATA4,CLTC
GATA4,SELENOM
GATA4,DPY30
GATA4,SMARCA5
GATA4,INO80
GATA4,CBX3
GATA4,SLC16A1
GATA4,ZCCHC24
GATA4,UPP1
GATA4,PTP4A1
GATA4,SEC24A
GATA4,MTF2
GATA4,TAF3
GATA4,ARF4
GATA4,IMPDH2
GATA4,HDLBP
GATA4,TRIM28
GATA4,STT3A
GATA4,RAD21
GATA4,EZH2
GATA4,PDIA5
GATA4,HSPA4
GATA4,SLC39A8
GATA4,CBX5
GATA4,CALU
GATA4,E4F1
GATA4,VAMP3
GATA4,DNAJC10
GATA4,CBX2
GATA4,NELFA
GATA4,DUSP6
GATA4,SETD1A
GATA4,H13
GATA4,SEC23A
GATA4,RPN2
GATA4,MDN1
GATA4,SAP30
GATA4,SPNS2
GATA4,TFRC
GATA4,TLE4
GATA4,EP400
GATA4,HELB
GATA4,NCAPD3
GATA4,APEX1
GATA4,ATF7IP
GATA4,RAD23B
GATA4,SUZ12
GATA4,RRN3
GATA4,SMAD1
GATA4,GLO1
GATA4,FBXO22
GATA4,SEC11A
GATA4,CDC42SE2
GATA4,MPHOSPH8
GATA4,DDX21
GATA4,KDELR2
GATA4,PDIA3
GATA4,MARC2
GATA4,KLF2
GATA4,POFUT2
GATA4,XBP1
GATA4,MBD3
GATA4,FBRSL1
GATA4,GFPT1
GATA4,FHDC1
GATA4,ZBTB44
GATA4,TMOD3
GATA4,TMEM214
GATA4,SETX
GATA4,P4HB
GATA4,DROSHA
GATA4,ARF1
GATA4,RFFL
GATA4,IKBIP
GATA4,APAF1
GATA4,P3H2
GATA4,RPN1
GATA4,HIRA
GATA4,RANBP17
GATA4,TGIF2
GATA4,COLGALT1
GATA4,CREB3L2
GATA4,TMED10
GATA4,APPBP2
GATA4,CCDC88C
GATA4,KDELC2
GATA4,PXDN
GATA4,SERPINH1
GATA4,SDCBP
GATA4,COPB1
GATA4,TXNDC5
GATA4,APP
GATA4,GNA12
GATA4,PHC1
GATA4,GGA2
GATA4,ETV4
GATA4,ARPC5
GATA4,SOD1
GATA4,SETD7
GATA4,GPC6
GATA4,LMNB1
GATA4,P3H4
GATA4,FGFR1
GATA4,KLF5
GATA4,PWP1
GATA4,LAMA1
GATA4,ADAM10
GATA4,ITGAV
GATA4,P3H1
GATA4,CDC16
GATA4,TMEM165
GATA4,PITPNC1
GATA4,MYL6
GATA4,SRSF2
GATA4,RCOR1
GATA4,ZFHX3
GATA4,CPD
GATA4,PIPOX
GATA4,PDGFRA
GATA4,NCOR1
GATA4,ZFP57
GATA4,TPD52
GATA4,NOTUM
GATA4,SH3PXD2B
GATA4,CRTC3
GATA4,2410141K09RIK
GATA4,MYH9
GATA4,MKRN1
GATA4,BRD4
GATA4,HS3ST1
GATA4,GSR
GATA4,TPM4
GATA4,CREBBP
GATA4,DCLK2
GATA4,SH3GLB1
GATA4,IGFBP2
GATA4,PFKP
GATA4,B4GALNT4
GATA4,CBX8
GATA4,MAN1A
GATA4,LRRC58
GATA4,TIMP2
GATA4,RIF1
GATA4,GLDC
GATA4,PCGF2
GATA4,ARL8A
GATA4,ZIC2
GATA4,RPP25
GATA4,LRP2
GATA4,FUT9
GATA4,PCOLCE2
GATA4,N4BP3
GATA4,COL18A1
GATA4,GNPTAB
GATA4,SHTN1
GATA4,COL27A1
GATA4,PDE4DIP
GATA4,SPP1
GLI1,KANSL3
GLI1,KDM4C
GLI1,SOD1
GLI2,KANSL3
GLI2,KDM4C
GLI2,ATP6V0E
GMNN,ARHGAP29
GTF2B,RDM1
GTF2B,CTSL
GTF2B,HSP90AA1
GTF2B,PRDX1
GTF2B,SRSF2
GTF2B,SLC25A4
GTF2B,PNP
GTF2B,KLF2
GTF2B,PHF5A
GTF2B,HEXIM1
GTF2B,SMC3
GTF2B,SOD1
GTF2B,NPM1
GTF2B,CALR
GTF2B,CALM1
GTF2B,P4HB
GTF2B,KDM4C
GTF2B,IER2
GTF2B,KLF4
GTF2B,NSL1
GTF2B,NASP
GTF2B,P4HA1
GTF2B,HSP90AB1
GTF2B,SLC16A1
GTF2B,HSPB1
GTF2B,CBX5
GTF2B,SRSF1
GTF2B,TRIM28
GTF2B,HMGA1B
GTF2B,HMGA1
GTF2B,CBX3
GTF2B,CLTC
GTF2B,PTP4A1
GTF2B,JUN
GTF2B,EPAS1
GTF2B,SERBP1
GTF2B,HAP1
GTF2B,NRF1
GTF2B,PDIA3
GTF2B,TFCP2L1
GTF2B,MTF2
GTF2B,GSTA4
GTF2B,RAF1
GTF2B,SET
GTF2B,SAP18
GTF2B,TFRC
GTF2B,XBP1
GTF2B,FABP3
GTF2B,SOX2
GTF2B,KDM6A
GTF2B,B2M
GTF2B,BSG
GTF2B,APPBP2
GTF2B,ERP29
GTF2B,MBNL2
GTF2B,ASPH
GTF2B,FN1
GTF2B,HDLBP
GTF2B,ZBTB44
GTF2B,CDC5L
GTF2B,ZC3H11A
GTF2B,GFPT2
GTF2B,RTN3
GTF2B,SUMO2
GTF2B,PLOD1
GTF2B,UBA2
GTF2B,HSPA4
GTF2B,DDB1
GTF2B,SHF
GTF2B,OAT
GTF2B,MORC3
GTF2B,EP400
GTF2B,SMARCC1
GTF2B,EIF2S2
GTF2B,TXNDC12
GTF2B,EZH2
GTF2B,NCOR1
GTF2B,BTAF1
GTF2B,KDM5B
GTF2B,SUMO1
GTF2B,ASS1
GTF2B,POLE4
GTF2B,TMBIM6
GTF2B,NR4A1
GTF2B,RPN1
GTF2B,MED23
GTF2B,DPY30
GTF2B,PPIB
GTF2B,DDX21
GTF2B,RRN3
GTF2B,MED26
GTF2B,CDC16
GTF2B,GORASP2
GTF2B,UTP14A
GTF2B,ARF1
GTF2B,NFYC
GTF2B,ATP6V0A1
GTF2B,YEATS4
GTF2B,DDOST
GTF2B,TMED9
GTF2B,BMPR2
GTF2B,TLE4
GTF2B,GLO1
GTF2B,ETV5
GTF2B,RBBP7
GTF2B,FBXO22
GTF2B,MYL6
GTF2B,MPHOSPH8
GTF2B,GNAI3
GTF2B,CDC42SE2
GTF2B,KDM5A
GTF2B,RBBP5
GTF2B,FBRSL1
GTF2B,SSR3
GTF2B,CDC73
GTF2B,MSH2
GTF2B,WDR82
GTF2B,XRCC5
GTF2B,SUPT5
GTF2B,PLEKHF2
GTF2B,NELFA
GTF2B,RBMXL2
GTF2B,PAF1
GTF2B,ZFP143
GTF2B,PITPNC1
GTF2B,TBRG1
GTF2B,COPA
GTF2B,MSH6
GTF2B,BRD4
GTF2B,ZFP42
GTF2B,PRDX4
GTF2B,L1TD1
GTF2B,SMAD1
GTF2B,DUSP6
GTF2B,ARPC5
GTF2B,DNAJC3
GTF2B,IMPDH2
GTF2B,MYBL2
GTF2B,GOT1
GTF2B,TMEM165
GTF2B,GFPT1
GTF2B,STAG1
GTF2B,DGCR8
GTF2B,MAN1A
GTF2B,WDR11
GTF2B,ELL2
GTF2B,CST3
GTF2B,TBX3
GTF2B,PURB
GTF2B,ARFGAP1
GTF2B,SEC24A
GTF2B,TRP53
GTF2B,SMARCA4
GTF2B,ITGB1
GTF2B,KAT8
GTF2B,ARF4
GTF2B,JARID2
GTF2B,RBPJ
GTF2B,TMEM30A
GTF2B,TMEM214
GTF2B,OGT
GTF2B,DR1
GTF2B,TUBB2B
GTF2B,KDELR2
GTF2B,KMT2D
GTF2B,SNX2
GTF2B,SELENOW
GTF2B,ZFP217
GTF2B,RAD21
GTF2B,SS18
GTF2B,RRBP1
GTF2B,CALU
GTF2B,B4GALT1
GTF2B,ARHGAP29
GTF2B,ARPC2
GTF2B,SSRP1
GTF2B,CBX1
GTF2B,NFYB
GTF2B,EED
GTF2B,NCAPG
GTF2B,PLOD2
GTF2B,MYMX
GTF2B,RRAS2
GTF2B,YY1
GTF2B,RAD23B
GTF2B,LRPAP1
GTF2B,WDR5
GTF2B,RYBP
GTF2B,LRRC58
GTF2B,FNDC3B
GTF2B,MSL2
GTF2B,LAMP1
GTF2B,HNRNPL
GTF2B,GTF3C1
GTF2B,ALDH2
GTF2B,CARHSP1
GTF2B,KDM1A
GTF2B,DMAP1
GTF2B,E4F1
GTF2B,MFSD1
GTF2B,TGOLN1
GTF2B,SSR1
GTF2B,PSEN1
GTF2B,CDK7
GTF2B,DNAJC10
GTF2B,MARC2
GTF2B,ZFP428
GTF2B,MBD3
GTF2B,TAF3
GTF2B,TMED10
GTF2B,TIMP3
GTF2B,FKBP5
GTF2B,CTR9
GTF2B,IGFBP2
GTF2B,SLC39A7
GTF2B,SURF4
GTF2B,ERF
GTF2B,SMARCAD1
GTF2B,SMARCA5
GTF2B,AGPAT4
GTF2B,GNAS
GTF2B,HDAC1
GTF2B,GSR
GTF2B,PDK1
GTF2B,TAX1BP3
GTF2B,ZFP322A
GTF2B,NANOG
GTF2B,MYH9
GTF2B,PDIA6
GTF2B,SIRT6
GTF2B,ARID1A
GTF2B,MDN1
GTF2B,LRRC59
GTF2B,KANSL3
GTF2B,NIPBL
GTF2B,USP7
GTF2B,SPARC
GTF2B,ATRX
GTF2B,SELENOS
GTF2B,SIK1
GTF2B,ITGAV
GTF2B,TM9SF3
GTF2B,FBXW8
GTF2B,CPOX
GTF2B,HDAC2
GTF2B,BRD9
GTF2B,LMNB1
GTF2B,STT3A
GTF2B,ZFP532
GTF2B,FGF4
GTF2B,UBQLN2
GTF2B,CHD4
GTF2B,PARP1
GTF2B,CTSD
GTF2B,MKRN1
GTF2B,LAMC1
GTF2B,METTL3
GTF2B,COTL1
GTF2B,DPF2
GTF2B,PTPN21
GTF2B,DERL1
GTF2B,INO80
GTF2B,ZBTB2
GTF2B,OSBP
GTF2B,MAPK8
GTF2B,HIRA
GTF2B,MED1
GTF2B,PFKP
GTF2B,CREB3L2
GTF2B,STAT3
GTF2B,SAP30
GTF2B,KDM2A
GTF2B,SUPT16
GTF2B,GNB2
GTF2B,TAF2
GTF2B,SEC11A
GTF2B,RBPMS2
GTF2B,DARS
GTF2B,APEX1
GTF2B,SUZ12
GTF2B,BAZ1B
GTF2B,TDH
GTF2B,MCM2
GTF2B,EP300
GTF2B,DCTPP1
GTF2B,TIMP2
GTF2B,COPG1
GTF2B,KLF5
GTF2B,TRAM1
GTF2B,ZYX
GTF2B,SMAD3
GTF2B,TET2
GTF2B,RNF2
GTF2B,SETX
GTF2B,PDIA5
GTF2B,IFI30
GTF2B,TDG
GTF2B,FUT8
GTF2B,ADNP
GTF2B,MCRS1
GTF2B,CHD1
GTF2B,NFYA
GTF2B,H13
GTF2B,ZFP281
GTF2B,GLDC
GTF2B,RANBP17
GTF2B,PDCD6IP
GTF2B,CNOT3
GTF2B,GMNN
GTF2B,COL18A1
GTF2B,NFXL1
GTF2B,KMT2B
GTF2B,DKC1
GTF2B,XPNPEP1
GTF2B,GGA2
GTF2B,USP16
GTF2B,ITGA6
GTF2B,ACBD3
GTF2B,TDGF1
GTF2B,NONO
GTF2B,AARS
GTF2B,SLC35F5
GTF2B,VAMP3
GTF2B,NCAPD3
GTF2B,E2F1
GTF2B,MAX
GTF2B,2410141K09RIK
GTF2B,SMC1A
GTF2B,ADAM10
GTF2B,RNF138
GTF2B,AEBP2
GTF2B,EDEM1
GTF2B,ARHGAP1
GTF2B,NACC1
GTF2B,TBP
GTF2B,COL4A2
GTF2B,COL4A1
GTF2B,KRT8
GTF2B,SEC23A
GTF2B,RCC2
GTF2B,RIF1
GTF2B,SETDB1
GTF2B,MAFK
GTF2B,SALL1
GTF2B,KCTD10
GTF2B,ACTL6A
GTF2B,IRF2BPL
GTF2B,KAT6B
GTF2B,KDM4A
GTF2B,CDK8
GTF2B,SARAF
GTF2B,TMOD3
GTF2B,MAPKAPK2
GTF2B,AP2A2
GTF2B,FKBP9
GTF2B,RAB2A
GTF2B,CREBBP
GTF2B,CXXC1
GTF2B,COLGALT1
GTF2B,CPD
GTF2B,ATF7IP
GTF2B,RPP25
GTF2B,NUP210
GTF2B,ABHD5
GTF2B,SSR4
GTF2B,P3H1
GTF2B,KDELR1
GTF2B,USP28
GTF2B,MYC
GTF2B,SERPINH1
GTF2B,SPP1
GTF2B,COPB1
GTF2B,ZFP710
GTF2B,CHCHD10
GTF2B,CAR2
GTF2B,HIRIP3
GTF2B,GNS
GTF2B,RPN2
GTF2B,BASP1
GTF2B,SRI
GTF2B,SDCBP
GTF2B,LAMA1
GTF2B,CD63
GTF2B,RUVBL2
GTF2B,TMED3
GTF2B,MAN1A2
GTF2B,RAB11A
GTF2B,IKBIP
GTF2B,APAF1
GTF2B,HELB
GTF2B,ZFX
GTF2B,DROSHA
GTF2B,ATP6V0E
GTF2B,TMED2
GTF2B,TCF12
GTF2B,FRS2
GTF2B,QSOX1
GTF2B,CTCF
GTF2B,FXYD6
GTF2B,PTOV1
GTF2B,ACP6
GTF2B,RUVBL1
GTF2B,IFITM2
GTF2B,ZFP384
GTF2B,KAT5
GTF2B,FGFR1
GTF2B,TET3
GTF2B,MYCN
GTF2B,KMT2C
GTF2B,ARFIP1
GTF2B,GABARAP
GTF2B,COMMD3
GTF2B,TPM4
GTF2B,MPRIP
GTF2B,ELL
GTF2B,NCAPH2
GTF2B,LMF2
GTF2B,GALK1
GTF2B,TXNDC5
GTF2B,CDK9
GTF2B,FRMD4A
GTF2B,HCFC1
GTF2B,FLRT3
GTF2B,PHRF1
GTF2B,DICER1
GTF2B,SLC7A6
GTF2B,POFUT2
GTF2B,GCNT2
GTF2B,HTATSF1
GTF2B,CCND1
GTF2B,RAP1GDS1
GTF2B,UHRF1
GTF2B,RCOR1
GTF2B,HSPG2
GTF2B,SETD1A
GTF2B,PHC1
GTF2B,DCLK2
GTF2B,GDF3
GTF2B,CBFA2T2
GTF2B,NODAL
GTF2B,PIPOX
GTF2B,APP
GTF2B,TCF15
GTF2B,PKNOX1
GTF2B,BAZ1A
GTF2B,TGIF2
GTF2B,GXYLT1
GTF2B,SFRP1
GTF2B,MMGT1
GTF2B,SEMA4C
GTF2B,KDM2B
GTF2B,ALG13
GTF2B,OSTC
GTF2B,MBD2
GTF2B,RER1
GTF2B,TCF3
GTF2B,EPOP
GTF2B,SH3GLB1
GTF2B,AMFR
GTF2B,ALPL
GTF2B,NR0B1
GTF2B,SMAD2
GTF2B,GHR
GTF2B,KDELC2
GTF2B,ZFP57
GTF2B,REST
GTF2B,SNURF
GTF2B,SNRPN
GTF2B,E2F4
GTF2B,DAP
GTF2B,PLA2G15
GTF2B,HEATR1
GTF2B,CBX7
GTF2B,SLC7A3
GTF2B,MYDGF
GTF2B,ILK
GTF2B,TPD52
GTF2B,SNX7
GTF2B,F3
GTF2B,ZFP979
GTF2B,ADAM19
GTF2B,MSL1
GTF2B,PARD6B
GTF2B,STAG2
GTF2B,GDPD5
GTF2B,SLC39A1
GTF2B,PHLDB2
GTF2B,TRH
GTF2B,ETV1
GTF2B,CKAP4
GTF2B,CHMP4B
GTF2B,SETD7
GTF2B,LRRC34
GTF2B,ANK
GTF2B,AMPD2
GTF2B,TTC39B
GTF2B,FZD5
GTF2B,TMEM59
GTF2B,CTBP2
GTF2B,RAB3IL1
GTF2B,TGIF1
GTF2B,BCLAF3
GTF2B,GCNT1
GTF2B,SEC24D
GTF2B,SUPT6
GTF2B,PWP1
GTF2B,CREB3
GTF2B,LRP2
GTF2B,VKORC1
GTF2B,RARA
GTF2B,DTX3L
GTF2B,TAF1
GTF2B,BRD2
GTF2B,LY75
GTF2B,CLCN5
GTF2B,GNA12
GTF2B,LEO1
GTF2B,TMEM9B
GTF2B,GLMP
GTF2B,ME1
GTF2B,VAMP8
GTF2B,ZFYVE21
GTF2B,NAA10
GTF2B,TEX264
GTF2B,ARL8A
GTF2B,TNKS
GTF2B,UBTF
GTF2B,SOAT1
GTF2B,RCN3
GTF2B,FUT9
GTF2B,CCDC88C
GTF2B,NCOR2
GTF2B,DAXX
GTF2B,TCOF1
GTF2B,DAB2
GTF2B,NID1
GTF2B,PRKAA2
GTF2B,UTF1
GTF2B,NR5A2
GTF2B,SPNS2
GTF2B,SERPING1
GTF2B,PLOD3
GTF2B,APOBEC3
GTF2B,ZFP459
GTF2B,COBL
GTF2B,ANO10
GTF2B,TMEM150A
GTF2B,LDLRAP1
GTF2B,FGD1
GTF2B,PTPN14
GTF2B,ZIC3
GTF2B,PCOLCE2
GTF2B,OBSL1
GTF2B,MYLPF
GTF2B,CRTC3
GTF2B,OTX2
GTF2B,GLI2
GTF2B,CHD7
GTF2B,GNPTAB
GTF2B,ANP32A
GTF2B,PRDM15
GTF2B,DOCK5
GTF2B,REEP5
GTF2B,PCGF2
GTF2B,LAMB1
GTF2B,CBX2
GTF2B,KLHDC3
GTF2B,NUCB1
GTF2B,DNMT3B
GTF2B,CLN6
GTF2B,FAM129B
GTF2B,KRTCAP2
GTF2B,TSPAN9
GTF2B,POU5F1
GTF2B,FOXH1
GTF2B,SMYD2
GTF2B,BMI1
GTF2B,N4BP3
GTF2B,ADAM23
GTF2B,MTA2
GTF2B,ZMYND8
GTF2B,MSL3
GTF2B,PML
GTF2B,MEN1
GTF2B,JAM2
GTF2B,SORD
GTF2B,LPAR2
GTF2B,ZCCHC24
GTF2B,EHMT2
GTF2B,ZFP819
GTF2B,LRRC2
GTF2B,GLIPR2
GTF2B,ST5
GTF2B,ARF5
GTF2B,PAFAH1B3
GTF2B,ELOB
GTF2B,MED12
GTF2B,NIPSNAP1
GTF2B,THAP11
GTF2B,MOV10
GTF2B,CHST15
GTF2B,CTSZ
GTF2B,SELENOM
GTF2B,UPP1
GTF2B,PATJ
GTF2B,WDR46
GTF2B,ARID3A
GTF2B,TFE3
GTF2B,BNC2
GTF2B,EXT2
GTF2B,GABBR1
GTF2B,MCAM
GTF2B,HDAC3
GTF2B,ANXA4
GTF2B,BAG2
GTF2B,SH3PXD2B
GTF2B,HIP1
GTF2B,RETREG1
GTF2B,RFFL
GTF2B,IFITM1
GTF2B,TCN2
GTF2B,STX3
GTF2B,ITPK1
GTF2B,GALNT7
GTF2B,GNG10
GTF2B,PCOLCE
GTF2B,ETV4
GTF2B,VSIR
GTF2B,ZIC2
GTF2B,SALL4
GTF2B,DPPA2
GTF2B,2200002D01RIK
GTF2B,DUSP9
GTF2B,FBLIM1
GTF2B,B4GALNT4
GTF2B,ZFHX3
GTF2B,TCL1
GTF2B,MOB3B
GTF2B,SLC15A1
GTF2B,ERAS
GTF2B,GGTA1
GTF2B,TET1
GTF2B,AFF3
GTF2B,BAZ2A
GTF2B,MAP1A
GTF2B,BMP4
GTF2B,DPPA4
GTF2B,SLC9A6
GTF2B,MVB12B
GTF2B,ELL3
GTF2B,RARG
GTF3C1,PTOV1
GTF3C1,HSP90AA1
GTF3C1,SMC3
GTF3C1,LAMP1
GTF3C1,COTL1
GTF3C1,NFYC
GTF3C1,SS18
GTF3C1,SSRP1
GTF3C1,NACC1
GTF3C1,SMARCA5
GTF3C1,TFRC
GTF3C1,GNB2
GTF3C1,NASP
GTF3C1,PHRF1
GTF3C1,CLTC
GTF3C1,RAD23B
GTF3C1,PAFAH1B3
GTF3C1,PRDX1
GTF3C1,POLE4
GTF3C1,KANSL3
GTF3C1,TXNDC12
GTF3C1,PKNOX1
GTF3C1,GSR
GTF3C1,RPN2
GTF3C1,SLC25A4
GTF3C1,EED
GTF3C1,ZFHX3
GTF3C1,ZFP384
GTF3C1,E2F1
GTF3C1,SMARCC1
GTF3C1,CALR
GTF3C1,BRD4
GTF3C1,EP400
GTF3C1,CTCF
GTF3C1,SOD1
GTF3C1,DARS
GTF3C1,COLGALT1
GTF3C1,HDAC2
GTF3C1,AARS
GTF3C1,KMT2B
GTF3C1,MORC3
GTF3C1,RANBP17
GTF3C1,PDK1
GTF3C1,CDC73
GTF3C1,TMEM150A
GTF3C1,TGIF2
GTF3C1,SELENOW
GTF3C1,SRSF2
GTF3C1,HSP90AB1
GTF3C1,CALM1
GTF3C1,EDEM1
GTF3C1,KLHDC3
GTF3C1,TCF15
GTF3C1,RIF1
GTF3C1,BTAF1
GTF3C1,ADNP
GTF3C1,PHC1
GTF3C1,PSEN1
GTF3C1,ITPK1
GTF3C1,PDIA3
GTF3C1,SLC16A1
GTF3C1,WDR5
GTF3C1,SAP30
GTF3C1,GTF2B
GTF3C1,GGA2
GTF3C1,KAT8
GTF3C1,SMARCAD1
GTF3C1,DGCR8
GTF3C1,SETD1A
GTF3C1,MKRN1
GTF3C1,MBD3
GTF3C1,INO80
GTF3C1,BAZ1B
GTF3C1,MTF2
GTF3C1,MED26
GTF3C1,ITGB1
GTF3C1,PPIB
GTF3C1,RER1
GTF3C1,GNS
GTF3C1,FRS2
GTF3C1,TBRG1
GTF3C1,SUPT16
GTF3C1,SUZ12
GTF3C1,SSR1
GTF3C1,FBRSL1
GTF3C1,TRIM28
GTF3C1,GORASP2
GTF3C1,MDN1
GTF3C1,ZFP143
GTF3C1,SARAF
GTF3C1,RPN1
GTF3C1,ACBD3
GTF3C1,NFYA
GTF3C1,CBX1
GTF3C1,KLF5
GTF3C1,KDM4C
GTF3C1,WDR82
GTF3C1,ZFP428
GTF3C1,PDIA5
GTF3C1,NPM1
GTF3C1,SUPT5
GTF3C1,ELL
GTF3C1,HDAC1
GTF3C1,VAMP3
GTF3C1,SUMO1
GTF3C1,RNF2
GTF3C1,ZFP217
GTF3C1,PRDM15
GTF3C1,FKBP5
GTF3C1,GMNN
GTF3C1,REST
GTF3C1,CDC16
GTF3C1,SH3GLB1
GTF3C1,MYBL2
GTF3C1,UBA2
GTF3C1,KDELR2
GTF3C1,COBL
GTF3C1,MAPKAPK2
GTF3C1,AEBP2
GTF3C1,TMEM165
GTF3C1,TSPAN9
GTF3C1,SELENOS
GTF3C1,SETX
GTF3C1,TCF3
GTF3C1,AMFR
GTF3C1,APPBP2
GTF3C1,FGF4
GTF3C1,ZC3H11A
GTF3C1,KMT2C
GTF3C1,APEX1
GTF3C1,MSH6
GTF3C1,DERL1
GTF3C1,EIF2S2
GTF3C1,AP2A2
GTF3C1,RAF1
GTF3C1,RRN3
GTF3C1,ZFP57
GTF3C1,IMPDH2
GTF3C1,NRF1
GTF3C1,RNF138
GTF3C1,TPM4
GTF3C1,POFUT2
GTF3C1,ZBTB44
GTF3C1,IER2
GTF3C1,PWP1
GTF3C1,DDX21
GTF3C1,E2F4
GTF3C1,DDOST
GTF3C1,KDM2B
GTF3C1,TNKS
GTF3C1,FBLIM1
GTF3C1,P4HB
GTF3C1,RFFL
GTF3C1,TMEM9B
GTF3C1,PARD6B
GTF3C1,KLF2
GTF3C1,HNRNPL
GTF3C1,BRD9
GTF3C1,GLIPR2
GTF3C1,KMT2D
GTF3C1,XPNPEP1
GTF3C1,RYBP
GTF3C1,THAP11
GTF3C1,ITGA6
GTF3C1,TET2
GTF3C1,HAP1
GTF3C1,ELOB
GTF3C1,SLC7A6
GTF3C1,TMEM30A
GTF3C1,CCDC88C
GTF3C1,SMARCA4
GTF3C1,HDLBP
GTF3C1,CDC5L
GTF3C1,PLOD3
GTF3C1,GALK1
GTF3C1,TMED10
GTF3C1,HSPA4
GTF3C1,CHMP4B
GTF3C1,CBX7
GTF3C1,MFSD1
GTF3C1,MBD2
GTF3C1,E4F1
GTF3C1,DR1
GTF3C1,OAT
GTF3C1,ZBTB2
GTF3C1,TDG
GTF3C1,EP300
GTF3C1,MYLPF
GTF3C1,RAD21
GTF3C1,SIN3A
GTF3C1,PCOLCE2
GTF3C1,YEATS4
GTF3C1,KDM1A
GTF3C1,TMEM214
GTF3C1,CDC42SE2
GTF3C1,SETDB1
GTF3C1,SHF
GTF3C1,MSH2
GTF3C1,PHF5A
GTF3C1,SRSF1
GTF3C1,MSL2
GTF3C1,SMAD1
GTF3C1,PLEKHF2
GTF3C1,SERBP1
GTF3C1,ARF1
GTF3C1,PARP1
GTF3C1,CREB3
GTF3C1,FKBP9
GTF3C1,RPP25
GTF3C1,MED1
GTF3C1,BSG
GTF3C1,HMGA1B
GTF3C1,HMGA1
GTF3C1,TCF12
GTF3C1,UHRF1
GTF3C1,SURF4
GTF3C1,TAF3
GTF3C1,KDM5A
GTF3C1,ETV5
GTF3C1,GXYLT1
GTF3C1,NCOR1
GTF3C1,NELFA
GTF3C1,COPB1
GTF3C1,TMOD3
GTF3C1,SLC39A7
GTF3C1,MYDGF
GTF3C1,DPY30
GTF3C1,ALPL
GTF3C1,SALL1
GTF3C1,RBPJ
GTF3C1,MAP1A
GTF3C1,F3
GTF3C1,LRRC59
GTF3C1,RAB11A
GTF3C1,ATF7IP
GTF3C1,CDK9
GTF3C1,PDCD6IP
GTF3C1,PTPN21
GTF3C1,CBX3
GTF3C1,SAP18
GTF3C1,NCAPG
GTF3C1,TTC39B
GTF3C1,CD63
GTF3C1,TFCP2L1
GTF3C1,RAB2A
GTF3C1,ARF4
GTF3C1,DDB1
GTF3C1,ARFIP1
GTF3C1,ERP29
GTF3C1,SMAD2
GTF3C1,NR4A1
GTF3C1,ERF
GTF3C1,ADAM23
GTF3C1,ZFP281
GTF3C1,B4GALT1
GTF3C1,CNOT3
GTF3C1,DNMT3B
GTF3C1,CTSD
GTF3C1,H13
GTF3C1,USP7
GTF3C1,NUP210
GTF3C1,SNX2
GTF3C1,TMED2
GTF3C1,STAT3
GTF3C1,USP28
GTF3C1,LAMC1
GTF3C1,MAFK
GTF3C1,CHD1
GTF3C1,CBFA2T2
GTF3C1,RRAS2
GTF3C1,FAM129B
GTF3C1,FGFR1
GTF3C1,RARA
GTF3C1,P4HA1
GTF3C1,GABBR1
GTF3C1,FBXW8
GTF3C1,LRRC58
GTF3C1,CKAP4
GTF3C1,TPD52
GTF3C1,ACTL6A
GTF3C1,CPOX
GTF3C1,RRBP1
GTF3C1,STAG1
GTF3C1,MPHOSPH8
GTF3C1,B4GALNT4
GTF3C1,KAT5
GTF3C1,EZH2
GTF3C1,USP16
GTF3C1,STT3A
GTF3C1,SEC24A
GTF3C1,CBX8
GTF3C1,SET
GTF3C1,TEX264
GTF3C1,SUMO2
GTF3C1,IGFBP2
GTF3C1,ARL8A
GTF3C1,PTPN14
GTF3C1,EPOP
GTF3C1,CLN6
GTF3C1,BNC2
GTF3C1,GALNT7
GTF3C1,LMNB1
GTF3C1,GNA12
GTF3C1,ACP6
GTF3C1,VKORC1
GTF3C1,MAPK8
GTF3C1,GSN
GTF3C1,ARHGAP29
GTF3C1,TM9SF3
GTF3C1,ADAM10
GTF3C1,RARG
GTF3C1,REEP5
GTF3C1,FN1
GTF3C1,EXT2
GTF3C1,CST3
GTF3C1,TXNDC5
GTF3C1,SEC23A
GTF3C1,MED23
GTF3C1,MYH9
GTF3C1,SDCBP
GTF3C1,YY1
GTF3C1,TAF2
GTF3C1,RCOR1
GTF3C1,JARID2
GTF3C1,CDK8
GTF3C1,CAR2
GTF3C1,MAX
GTF3C1,NSL1
GTF3C1,ELL2
GTF3C1,TAX1BP3
GTF3C1,N4BP3
GTF3C1,ARPC5
GTF3C1,RCC2
GTF3C1,P3H1
GTF3C1,SOAT1
GTF3C1,TYRO3
GTF3C1,ILK
GTF3C1,MSL1
GTF3C1,LAMA1
GTF3C1,SIK1
GTF3C1,CTSL
GTF3C1,DICER1
GTF3C1,ME1
GTF3C1,HSPB1
GTF3C1,CPD
GTF3C1,RBBP7
GTF3C1,CHD4
GTF3C1,RBPMS2
GTF3C1,LEO1
GTF3C1,MTA2
GTF3C1,XBP1
GTF3C1,TCEA3
GTF3C1,GLDC
GTF3C1,ALDH2
GTF3C1,UTF1
GTF3C1,MARC2
GTF3C1,KLF4
GTF3C1,MOV10
GTF3C1,KDM2A
GTF3C1,HSPG2
GTF3C1,ETV4
GTF3C1,PATJ
GTF3C1,DNAJC10
GTF3C1,ZFYVE21
GTF3C1,BAG2
GTF3C1,ABHD5
GTF3C1,BEND5
GTF3C1,RTN3
GTF3C1,PTP4A1
GTF3C1,STX3
GTF3C1,RAP1GDS1
GTF3C1,SSR3
GTF3C1,DNAJC3
GTF3C1,COBLL1
GTF3C1,TET3
GTF3C1,ASPH
GTF3C1,SEC24D
GTF3C1,DCLK2
GTF3C1,ATP6V0E
GTF3C1,PURB
GTF3C1,SMYD2
GTF3C1,ADGRA2
GTF3C1,SFRP1
GTF3C1,ZFP532
GTF3C1,ARID1A
GTF3C1,KDM5B
GTF3C1,ARPC2
GTF3C1,TMED9
GTF3C1,NCAPD3
GTF3C1,FUT8
GTF3C1,METTL3
GTF3C1,TMEM59
GTF3C1,SPNS2
GTF3C1,ITGAV
GTF3C1,TALDO1
GTF3C1,NFYB
GTF3C1,MAN1A2
GTF3C1,TRAM1
GTF3C1,GFPT1
GTF3C1,GNPTAB
GTF3C1,GFPT2
GTF3C1,BMPR2
GTF3C1,TBX3
GTF3C1,PAF1
GTF3C1,MVB12B
GTF3C1,BMI1
GTF3C1,CBX2
GTF3C1,CALU
GTF3C1,ZCCHC24
GTF3C1,RBMXL2
GTF3C1,LPAR2
GTF3C1,FGFR4
GTF3C1,FBXO22
GTF3C1,ZYX
GTF3C1,TCOF1
GTF3C1,FHDC1
GTF3C1,KAT6B
GTF3C1,DROSHA
GTF3C1,KDELC2
GTF3C1,CREB3L2
GTF3C1,NFXL1
GTF3C1,ARF5
GTF3C1,STARD10
GTF3C1,BCLAF3
GTF3C1,SETD7
GTF3C1,CTDSPL
GTF3C1,HEATR1
GTF3C1,RASGRP2
GTF3C1,PITPNC1
GTF3C1,GNAI3
GTF3C1,NCOR2
GTF3C1,HIRA
GTF3C1,BAZ1A
GTF3C1,GLO1
GTF3C1,ZFP710
GTF3C1,PDIA6
GTF3C1,ENOX1
GTF3C1,NODAL
GTF3C1,KCTD10
GTF3C1,ASS1
GTF3C1,CTR9
GTF3C1,ARFGAP1
GTF3C1,ZIC2
GTF3C1,TMED3
GTF3C1,PRKAA2
GTF3C1,PHLDB2
GTF3C1,EPHA1
GTF3C1,CHCHD10
GTF3C1,TMBIM6
GTF3C1,PNP
GTF3C1,LRPAP1
GTF3C1,APP
GTF3C1,DAP
GTF3C1,AMPD2
GTF3C1,PLOD2
GTF3C1,P3H4
GTF3C1,BASP1
GTF3C1,TBP
GTF3C1,SALL4
GTF3C1,LDLRAP1
GTF3C1,DAXX
GTF3C1,PCGF2
GTF3C1,FUT9
GTF3C1,ZFX
GTF3C1,WDR46
GTF3C1,SEMA4C
GTF3C1,GNAS
GTF3C1,EPAS1
GTF3C1,FGD1
GTF3C1,FZD5
GTF3C1,TIMP2
GTF3C1,BAZ2A
GTF3C1,ZFP322A
GTF3C1,KDELR3
GTF3C1,CARHSP1
GTF3C1,MPRIP
GTF3C1,ADAM19
GTF3C1,EHMT2
GTF3C1,CBX5
GTF3C1,BMP1
GTF3C1,DOCK5
GTF3C1,COMMD3
GTF3C1,IKBIP
GTF3C1,APAF1
GTF3C1,NOTUM
GTF3C1,CREBBP
GTF3C1,CHD7
GTF3C1,TFE3
GTF3C1,SSR4
GTF3C1,DCTPP1
GTF3C1,CTBP2
GTF3C1,UBTF
GTF3C1,PARVA
GTF3C1,MEN1
GTF3C1,AKT1
GTF3C1,SEC11A
GTF3C1,SOX2
GTF3C1,CXXC1
GTF3C1,NCAPH2
GTF3C1,LMF2
GTF3C1,L1TD1
GTF3C1,SLC35F5
GTF3C1,ATRX
GTF3C1,ANK
GTF3C1,ANO10
GTF3C1,GLI2
GTF3C1,EFEMP2
GTF3C1,CDK7
GTF3C1,CTSZ
GTF3C1,KDELR1
GTF3C1,MRAS
GTF3C1,JUN
GTF3C1,RETREG1
GTF3C1,P4HA2
GTF3C1,HTATSF1
GTF3C1,GOT1
GTF3C1,IRF2BPL
GTF3C1,LGALS3
GTF3C1,CRTC3
GTF3C1,MYCN
GTF3C1,FNDC3B
GTF3C1,ARHGEF5
GTF3C1,OSTC
GTF3C1,SNX7
GTF3C1,GNG10
GTF3C1,TGIF1
GTF3C1,DRAM1
GTF3C1,COL4A2
GTF3C1,COL4A1
GTF3C1,TGOLN1
GTF3C1,PRDX4
GTF3C1,NIPBL
GTF3C1,AFF3
GTF3C1,TET1
GTF3C1,TLE4
GTF3C1,UBQLN2
GTF3C1,MYMX
GTF3C1,QSOX1
GTF3C1,SH3PXD2B
GTF3C1,RAB3IL1
GTF3C1,LY75
GTF3C1,PHF19
GTF3C1,VSIR
GTF3C1,HS3ST1
GTF3C1,SUPT6
GTF3C1,MAN1A
GTF3C1,ZFP819
GTF3C1,JAM2
GTF3C1,ILDR1
GTF3C1,BRD2
GTF3C1,ATP6V0A1
GTF3C1,GLI1
GTF3C1,ELL3
GTF3C1,HIP1
GTF3C1,FGF3
GTF3C1,NR0B1
GTF3C1,SRI
GTF3C1,GHR
GTF3C1,GDPD5
GTF3C1,HDAC3
GTF3C1,LTBP4
GTF3C1,OSBP
GTF3C1,ARID3A
GTF3C1,SMAD3
GTF3C1,MCAM
GTF3C1,HELB
GTF3C1,MED12
GTF3C1,CHST15
GTF3C1,COL18A1
GTF3C1,GGTA1
GTF3C1,SLC39A8
GTF3C1,TGFBR3
GTF3C1,PTH1R
GTF3C1,PDE4DIP
GTF3C1,RUVBL1
GTF3C1,CLCN5
GTF3C1,TDH
GTF3C1,FRMD4A
GTF3C1,GCNT1
GTF3C1,FAM114A1
GTF3C1,FABP3
GTF3C1,NID1
GTF3C1,LRP2
GTF3C1,ARHGEF28
GTF3C1,CEMIP
GTF3C1,RXRA
GTF3C1,KHDC3
GTF3C1,ALG13
GTF3C1,SELENON
GTF3C1,FST
GTF3C1,SLC9A6
GTF3C1,FGF10
GTF3C1,OBSL1
GTF3C1,STAG2
GTF3C1,SLC39A1
GTF3C1,MYC
GTF3C1,PRKCE
GTF3C1,PFKP
GTF3C1,2200002D01RIK
GTF3C1,TIMP3
GTF3C1,BMPER
GTF3C1,RDM1
GTF3C1,VAMP8
GTF3C1,LYN
GTF3C1,KDM4A
GTF3C1,KDM6A
GTF3C1,CERS4
GTF3C1,KDM6B
GTF3C1,COPA
GTF3C1,MSX2
GTF3C1,COL27A1
GTF3C1,SMC1A
GTF3C1,ZIC3
GTF3C1,TUBB2B
GTF3C1,RBBP5
GTF3C1,EMP2
GTF3C1,L3MBTL3
GTF3C1,DPF2
GTF3C1,PXDN
GTF3C1,GPC6
GTF3C1,PCBD1
GTF3C1,TENM4
GTF3C1,DUSP9
GTF3C1,SPOCK1
GTF3C1,P3H2
GTF3C1,TCN2
GTF3C1,ZMYND8
GTF3C1,MOB3B
GTF3C1,TRH
GTF3C1,RUVBL2
GTF3C1,WDR11
GTF3C1,NIPSNAP1
GTF3C1,HEXIM1
GTF3C1,EVA1A
GTF3C1,MMGT1
GTF3C1,FXYD6
GTF3C1,ZFP979
GTF3C1,PIPOX
GTF3C1,LAMB2
GTF3C1,COPG1
GTF3C1,NAA10
GTF3C1,MSL3
GTF3C1,CMKLR1
GTF3C1,2410141K09RIK
GTF3C1,ANP32A
GTF3C1,SHTN1
GTF3C1,CCND1
GTF3C1,SIRT6
GTF3C1,XRCC5
GTF3C1,FOXA2
GTF3C1,POU5F1
GTF3C1,NMNAT2
GTF3C1,SPP1
GTF3C1,MYL6
GTF3C1,NOS3
GTF3C1,SELENOM
GTF3C1,PLOD1
GTF3C1,DMAP1
GTF3C1,NONO
GTF3C1,SORD
GTF3C1,KRTCAP2
GTF3C1,ST5
GTF3C1,TRP53
GTF3C1,CDH6
GTF3C1,ANXA4
GTF3C1,SNURF
GTF3C1,SNRPN
GTF3C1,FLRT3
GTF3C1,IHH
GTF3C1,TAF1
GTF3C1,PDGFRA
GTF3C1,AGPAT4
HCFC1,TMOD3
HCFC1,MED23
HCFC1,ZC3H11A
HCFC1,NUCB1
HCFC1,FBXW8
HCFC1,TMEM214
HCFC1,TMED9
HCFC1,TCOF1
HCFC1,NSL1
HCFC1,EIF2S2
HCFC1,KLHDC3
HCFC1,SAP30
HCFC1,NFXL1
HCFC1,NELFA
HCFC1,ZFP384
HCFC1,TLE4
HCFC1,MAX
HCFC1,CDC16
HCFC1,DMAP1
HCFC1,MEN1
HCFC1,WDR46
HCFC1,ACP6
HCFC1,JARID2
HCFC1,CPOX
HCFC1,CXXC1
HCFC1,HIRIP3
HCFC1,SERBP1
HCFC1,CDK9
HCFC1,SSR3
HCFC1,MMGT1
HCFC1,METTL3
HCFC1,PRDM15
HCFC1,TMEM59
HCFC1,KMT2B
HCFC1,TAF3
HCFC1,MDN1
HCFC1,SUPT5
HCFC1,SLC39A7
HCFC1,HEATR1
HCFC1,GORASP2
HCFC1,PTPN21
HCFC1,DDOST
HCFC1,LRRC59
HCFC1,DAXX
HCFC1,CREB3
HCFC1,PLOD3
HCFC1,SIRT6
HCFC1,SETDB1
HCFC1,TMED10
HCFC1,RBBP5
HCFC1,TMED2
HCFC1,CBX1
HCFC1,WDR5
HCFC1,SRSF2
HCFC1,DERL1
HCFC1,GTF2B
HCFC1,WDR11
HCFC1,RUVBL2
HCFC1,ARFGAP1
HCFC1,ARHGAP1
HCFC1,MCRS1
HCFC1,RUVBL1
HCFC1,KAT8
HCFC1,FRS2
HCFC1,TBP
HCFC1,USP16
HCFC1,EP400
HCFC1,RER1
HCFC1,PTOV1
HCFC1,LAMP1
HCFC1,CDK7
HCFC1,SSRP1
HCFC1,RAF1
HCFC1,TNKS
HCFC1,CHMP4B
HCFC1,TGOLN1
HCFC1,NCAPH2
HCFC1,LMF2
HCFC1,BRD9
HCFC1,MFSD1
HCFC1,E2F4
HCFC1,HDLBP
HCFC1,PPIB
HCFC1,GLO1
HCFC1,PWP1
HCFC1,ARF4
HCFC1,COPA
HCFC1,ILK
HCFC1,THAP11
HCFC1,KANSL3
HCFC1,TXNDC12
HCFC1,SUPT16
HCFC1,XRCC5
HCFC1,E4F1
HCFC1,PHF5A
HCFC1,KDM1A
HCFC1,UBA2
HCFC1,SLC35F5
HCFC1,COPB1
HCFC1,HEXIM1
HCFC1,TMEM30A
HCFC1,FBXO22
HCFC1,CDK8
HCFC1,SMARCAD1
HCFC1,RAD21
HCFC1,TAF2
HCFC1,ACBD3
HCFC1,POFUT2
HCFC1,PAF1
HCFC1,ATP6V0A1
HCFC1,PHRF1
HCFC1,PURB
HCFC1,RDM1
HCFC1,DDB1
HCFC1,MED1
HCFC1,KDM5A
HCFC1,CTR9
HCFC1,VAMP3
HCFC1,TAX1BP3
HCFC1,HSPA4
HCFC1,VKORC1
HCFC1,UTP14A
HCFC1,MORC3
HCFC1,ARF1
HCFC1,HIRA
HCFC1,SAP18
HCFC1,NFYA
HCFC1,RRN3
HCFC1,SEC24A
HCFC1,DDX21
HCFC1,TRP53
HCFC1,STT3A
HCFC1,MTF2
HCFC1,SUMO1
HCFC1,COLGALT1
HCFC1,ACTL6A
HCFC1,KAT5
HCFC1,CLTC
HCFC1,INO80
HCFC1,KCTD10
HCFC1,NACC1
HCFC1,DGCR8
HCFC1,DCTPP1
HCFC1,ZFP143
HCFC1,GTF3C1
HCFC1,MYDGF
HCFC1,BTAF1
HCFC1,SSR4
HCFC1,YY1
HCFC1,RAB11A
HCFC1,OSTC
HCFC1,ADNP
HCFC1,HTATSF1
HCFC1,SARAF
HCFC1,GNAI3
HCFC1,NASP
HCFC1,KMT2D
HCFC1,NFYC
HCFC1,EED
HCFC1,SRSF1
HCFC1,RCN3
HCFC1,TRAM1
HCFC1,GNAS
HCFC1,TMEM9B
HCFC1,TCF3
HCFC1,COPG1
HCFC1,DROSHA
HCFC1,OSBP
HCFC1,GOT1
HCFC1,DR1
HCFC1,PSEN1
HCFC1,KMT2C
HCFC1,PDIA3
HCFC1,MED26
HCFC1,DPY30
HCFC1,H13
HCFC1,ARFIP1
HCFC1,KDELR2
HCFC1,CALR
HCFC1,SETD1A
HCFC1,PLA2G15
HCFC1,RPN1
HCFC1,ZBTB2
HCFC1,SUPT6
HCFC1,APPBP2
HCFC1,SEC11A
HCFC1,PDCD6IP
HCFC1,STAT3
HCFC1,RFFL
HCFC1,SMARCA4
HCFC1,MPHOSPH8
HCFC1,NPM1
HCFC1,CDC73
HCFC1,NCOR1
HCFC1,SH3GLB1
HCFC1,SELENOS
HCFC1,BAZ1B
HCFC1,BCLAF3
HCFC1,CDC5L
HCFC1,ARID3A
HCFC1,IMPDH2
HCFC1,CTCF
HCFC1,DARS
HCFC1,NIPBL
HCFC1,ELOB
HCFC1,OGT
HCFC1,PRDX1
HCFC1,PARD6B
HCFC1,ZFP428
HCFC1,SMC3
HCFC1,CALU
HCFC1,FBRSL1
HCFC1,CALM1
HCFC1,SLC25A4
HCFC1,P4HB
HCFC1,ARPC2
HCFC1,DNAJC10
HCFC1,TM9SF3
HCFC1,TCF12
HCFC1,TBRG1
HCFC1,TFRC
HCFC1,AARS
HCFC1,WDR82
HCFC1,PARP1
HCFC1,NCAPG
HCFC1,TMED3
HCFC1,CBX8
HCFC1,PDIA5
HCFC1,POLE4
HCFC1,PDIA6
HCFC1,ARID1A
HCFC1,APEX1
HCFC1,SETX
HCFC1,RAD23B
HCFC1,CPD
HCFC1,RPN2
HCFC1,ZFP281
HCFC1,FGFR1
HCFC1,HSP90AB1
HCFC1,SIK1
HCFC1,LMNB1
HCFC1,EZH2
HCFC1,DPF2
HCFC1,SUZ12
HCFC1,HSP90AA1
HCFC1,KDM5B
HCFC1,KAT6B
HCFC1,GNB2
HCFC1,RIF1
HCFC1,AEBP2
HCFC1,SSR1
HCFC1,ALG13
HCFC1,SURF4
HCFC1,CNOT3
HCFC1,MSL2
HCFC1,ARPC5
HCFC1,AKT1
HCFC1,ATP6V0E
HCFC1,ELL
HCFC1,ERP29
HCFC1,NCAPD3
HCFC1,MBD3
HCFC1,YEATS4
HCFC1,TMBIM6
HCFC1,SEC23A
HCFC1,MBD2
HCFC1,RBPJ
HCFC1,KDM4C
HCFC1,SALL4
HCFC1,ASPH
HCFC1,EXT2
HCFC1,MAPKAPK2
HCFC1,XPNPEP1
HCFC1,KDM4A
HCFC1,HDAC1
HCFC1,SMARCC1
HCFC1,ABHD5
HCFC1,LRRC58
HCFC1,SMARCA5
HCFC1,SOD1
HCFC1,NFYB
HCFC1,ZFP322A
HCFC1,BRD4
HCFC1,USP28
HCFC1,CBX3
HCFC1,SUMO2
HCFC1,PAFAH1B3
HCFC1,HNRNPL
HCFC1,STAG1
HCFC1,HDAC2
HCFC1,GXYLT1
HCFC1,ZFX
HCFC1,MSH2
HCFC1,ZBTB44
HCFC1,P4HA1
HCFC1,DNMT3B
HCFC1,CTSD
HCFC1,NRF1
HCFC1,SELENOW
HCFC1,CBX5
HCFC1,MTA2
HCFC1,AMPD2
HCFC1,BEND5
HCFC1,PKNOX1
HCFC1,RAB2A
HCFC1,GFPT1
HCFC1,ADAM10
HCFC1,IER2
HCFC1,RTN3
HCFC1,RNF2
HCFC1,TMEM150A
HCFC1,MSH6
HCFC1,TMEM165
HCFC1,MYBL2
HCFC1,PNP
HCFC1,E2F1
HCFC1,CDC42SE2
HCFC1,GNS
HCFC1,TRIM28
HCFC1,SELENOM
HCFC1,KDELR1
HCFC1,ETV5
HCFC1,DNAJC3
HCFC1,COMMD3
HCFC1,LRPAP1
HCFC1,PTP4A1
HCFC1,UHRF1
HCFC1,SNX2
HCFC1,EHMT2
HCFC1,RNF138
HCFC1,DUSP6
HCFC1,MCM2
HCFC1,MAPK8
HCFC1,SEMA4C
HCFC1,MAN1A2
HCFC1,TGIF2
HCFC1,MYC
HCFC1,TXNDC5
HCFC1,RRBP1
HCFC1,VSIR
HCFC1,SS18
HCFC1,B4GALT1
HCFC1,MOB3B
HCFC1,QSOX1
HCFC1,NIPSNAP1
HCFC1,AP2A2
HCFC1,ETV4
HCFC1,SETD7
HCFC1,ELL2
HCFC1,DKC1
HCFC1,JUN
HCFC1,RCC2
HCFC1,CHD1
HCFC1,SMAD2
HCFC1,APOBEC3
HCFC1,PLEKHF2
HCFC1,SLC16A1
HCFC1,ASS1
HCFC1,MBNL2
HCFC1,ATRX
HCFC1,GLIPR2
HCFC1,ITPK1
HCFC1,GFPT2
HCFC1,MAP1A
HCFC1,LAMC1
HCFC1,IKBIP
HCFC1,CLN6
HCFC1,APAF1
HCFC1,TUBB2B
HCFC1,ITGB1
HCFC1,GNPTAB
HCFC1,GGA2
HCFC1,RRAS2
HCFC1,SEC24D
HCFC1,FUT8
HCFC1,RAP1GDS1
HCFC1,UBQLN2
HCFC1,ZFP217
HCFC1,GSTA4
HCFC1,SMAD1
HCFC1,DAB2
HCFC1,KLF4
HCFC1,TPD52
HCFC1,ZFHX3
HCFC1,RANBP17
HCFC1,LRP2
HCFC1,PIPOX
HCFC1,TBX3
HCFC1,F3
HCFC1,LAMB2
HCFC1,GLDC
HCFC1,DCLK2
HCFC1,PCOLCE2
HCFC1,ZIC2
HCFC1,FKBP9
HCFC1,PTPN14
HCFC1,MYMX
HCFC1,SERPING1
HCFC1,KDELC2
HCFC1,TET1
HCFC1,NID1
HCFC1,ZFP819
HCFC1,SPOCK1
HCFC1,FABP3
HCFC1,GPC6
HCFC1,FZD5
HCFC1,LAMA1
HCFC1,RPP25
HCFC1,PLOD2
HCFC1,FNDC3B
HCFC1,CRTC3
HCFC1,CD63
HCFC1,KLF2
HCFC1,HSPG2
HCFC1,PHLDB2
HCFC1,TPM4
HCFC1,TFCP2L1
HDAC1,NSL1
HDAC1,CTCF
HDAC1,HEATR1
HDAC1,ADNP
HDAC1,KMT2C
HDAC1,KANSL3
HDAC1,BAZ1B
HDAC1,KDM5B
HDAC1,MDN1
HDAC1,DDOST
HDAC1,STAT3
HDAC1,DDX21
HDAC1,LRRC59
HDAC1,MED23
HDAC1,CALU
HDAC1,RER1
HDAC1,ARHGAP1
HDAC1,INO80
HDAC1,POFUT2
HDAC1,GORASP2
HDAC1,TNKS
HDAC1,DDB1
HDAC1,COLGALT1
HDAC1,PDK1
HDAC1,REST
HDAC1,CDK7
HDAC1,ILK
HDAC1,CDK8
HDAC1,RPN2
HDAC1,VAMP3
HDAC1,EZH2
HDAC1,ATP6V0E
HDAC1,ACBD3
HDAC1,SAP30
HDAC1,TMEM30A
HDAC1,SELENOS
HDAC1,HDAC2
HDAC1,SRSF2
HDAC1,SEC24A
HDAC1,FBXW8
HDAC1,USP16
HDAC1,SMARCAD1
HDAC1,MFSD1
HDAC1,FBRSL1
HDAC1,SMARCA5
HDAC1,HDLBP
HDAC1,TMED2
HDAC1,KDELR2
HDAC1,TCOF1
HDAC1,SMARCC1
HDAC1,TMEM9B
HDAC1,CALR
HDAC1,PSEN1
HDAC1,TAF3
HDAC1,DMAP1
HDAC1,CCDC88C
HDAC1,GTF2B
HDAC1,XPNPEP1
HDAC1,RRN3
HDAC1,TMOD3
HDAC1,PDIA3
HDAC1,TRAM1
HDAC1,H13
HDAC1,WDR46
HDAC1,E2F1
HDAC1,RUVBL2
HDAC1,SH3GLB1
HDAC1,PPIB
HDAC1,COPB1
HDAC1,TEX264
HDAC1,TFRC
HDAC1,LAMP1
HDAC1,PDIA6
HDAC1,SMC3
HDAC1,XRCC5
HDAC1,TCF3
HDAC1,TALDO1
HDAC1,LMNB1
HDAC1,RAB2A
HDAC1,TBP
HDAC1,KDM4C
HDAC1,PKNOX1
HDAC1,STAG1
HDAC1,SPNS2
HDAC1,ITPK1
HDAC1,ACP6
HDAC1,SETX
HDAC1,TMEM214
HDAC1,MED26
HDAC1,TMEM150A
HDAC1,EED
HDAC1,DCLK2
HDAC1,BTAF1
HDAC1,PWP1
HDAC1,APPBP2
HDAC1,GTF3C1
HDAC1,NPM1
HDAC1,ADAM10
HDAC1,ARF4
HDAC1,CTR9
HDAC1,SLC7A6
HDAC1,PNP
HDAC1,SOD1
HDAC1,GNAI3
HDAC1,ARFGAP1
HDAC1,DNMT3B
HDAC1,MAX
HDAC1,MAFK
HDAC1,DERL1
HDAC1,ZBTB44
HDAC1,MAPK8
HDAC1,ERP29
HDAC1,TDG
HDAC1,KAT6B
HDAC1,MED1
HDAC1,LAMC1
HDAC1,RPN1
HDAC1,TTC39B
HDAC1,TET2
HDAC1,CDC16
HDAC1,XBP1
HDAC1,DNAJC3
HDAC1,TMEM165
HDAC1,SSR1
HDAC1,WDR5
HDAC1,NACC1
HDAC1,ZFYVE21
HDAC1,PHRF1
HDAC1,SARAF
HDAC1,ARPC5
HDAC1,FNDC3B
HDAC1,ARL8A
HDAC1,DCTPP1
HDAC1,GSR
HDAC1,OSBP
HDAC1,CBX1
HDAC1,CBX3
HDAC1,DICER1
HDAC1,ATP6V0A1
HDAC1,TXNDC5
HDAC1,GNS
HDAC1,AMFR
HDAC1,CARHSP1
HDAC1,KDM2B
HDAC1,USP28
HDAC1,RRBP1
HDAC1,CDC5L
HDAC1,NR4A1
HDAC1,ERF
HDAC1,DPY30
HDAC1,ANO10
HDAC1,CHMP4B
HDAC1,SLC35F5
HDAC1,GSN
HDAC1,GALNT7
HDAC1,N4BP3
HDAC1,RNF138
HDAC1,PDCD6IP
HDAC1,CHST15
HDAC1,RBPJ
HDAC1,TBRG1
HDAC1,RAB11A
HDAC1,GALK1
HDAC1,P3H1
HDAC1,PDIA5
HDAC1,TGIF2
HDAC1,PLEKHF2
HDAC1,TET3
HDAC1,RTN3
HDAC1,KLHDC3
HDAC1,FRS2
HDAC1,ITGA6
HDAC1,PARD6B
HDAC1,RARA
HDAC1,DR1
HDAC1,KDELC2
HDAC1,ASS1
HDAC1,RIF1
HDAC1,ZFP217
HDAC1,THAP11
HDAC1,MYH9
HDAC1,CDK9
HDAC1,ITGB1
HDAC1,GLIPR2
HDAC1,CBX2
HDAC1,SEC24D
HDAC1,CPOX
HDAC1,RNF2
HDAC1,RFFL
HDAC1,SEMA4C
HDAC1,LY75
HDAC1,FUT8
HDAC1,DAP
HDAC1,ZBTB2
HDAC1,PTOV1
HDAC1,PATJ
HDAC1,PAFAH1B3
HDAC1,TPM4
HDAC1,RBPMS2
HDAC1,LRPAP1
HDAC1,KLF5
HDAC1,ZCCHC24
HDAC1,ZFP819
HDAC1,CD63
HDAC1,BEND5
HDAC1,FGFR1
HDAC1,ARHGAP29
HDAC1,UTF1
HDAC1,CST3
HDAC1,CTBP2
HDAC1,ALPL
HDAC1,BNC2
HDAC1,ZFHX3
HDAC1,TFCP2L1
HDAC1,PLOD1
HDAC1,CKAP4
HDAC1,TCEA3
HDAC1,ADAM23
HDAC1,APP
HDAC1,ETV1
HDAC1,LAMB2
HDAC1,TSPAN9
HDAC1,PIPOX
HDAC1,LAMA1
HDAC1,LGALS3
HDAC1,PCOLCE2
HDAC1,COBL
HDAC1,MYMX
HDAC1,SPP1
HDAC1,LRRC34
HDAC1,NANOG
HDAC1,FABP3
HDAC1,2410141K09RIK
HDAC1,LRP2
HDAC1,OPLAH
HDAC1,ZFP57
HDAC1,GLDC
HDAC1,NOTCH4
HDAC1,COL18A1
HDAC1,B4GALNT4
HDAC1,HSPG2
HDAC2,GORASP2
HDAC2,CALU
HDAC2,CTCF
HDAC2,ADNP
HDAC2,PPIB
HDAC2,DDOST
HDAC2,SEC24A
HDAC2,COLGALT1
HDAC2,DDB1
HDAC2,BAZ1B
HDAC2,MORC3
HDAC2,ERP29
HDAC2,CTSD
HDAC2,TAF2
HDAC2,EZH2
HDAC2,LMNB1
HDAC2,ITPK1
HDAC2,SMARCA5
HDAC2,RDM1
HDAC2,TRAM1
HDAC2,KMT2C
HDAC2,ILK
HDAC2,RBPJ
HDAC2,NUP210
HDAC2,DR1
HDAC2,SS18
HDAC2,KANSL3
HDAC2,SMAD3
HDAC2,HSP90AB1
HDAC2,KLF2
HDAC2,GSN
HDAC2,GNB2
HDAC2,TET3
HDAC2,GNS
HDAC2,PDIA5
HDAC2,ASS1
HDAC2,PTPN21
HDAC2,CBX3
HDAC2,ZFP217
HDAC2,GLIPR2
HDAC2,CPD
HDAC2,LAMP1
HDAC2,KDM5B
HDAC2,NR4A1
HDAC2,SEMA4C
HDAC2,E2F1
HDAC2,TCF12
HDAC2,PFKP
HDAC2,PIPOX
HDAC2,ZMYND8
HDAC2,APP
HDAC2,TGIF2
HDAC2,ARHGAP29
HDAC2,ENOX1
HDAC2,LGALS3
HDAC2,SPP1
HDAC2,ZFP819
HDAC2,OPLAH
HDAC2,TCEA3
HDAC2,LAMA1
HDAC2,SFRP1
HDAC2,MYMX
HDAC2,NANOG
HDAC2,FABP3
HDAC3,GNAS
HDAC3,TFRC
HDAC3,DUSP6
HDAC3,PIPOX
HDAC3,RBPJ
HDAC3,OPLAH
HDAC3,ETV5
HDAC3,COLGALT1
HDAC3,CLTC
HDAC3,RASGRP2
HDAC3,OGT
HDAC3,RARA
HDAC3,SLC7A3
HDAC3,CST3
HDAC3,UPP1
HDAC3,SH3GLB1
HDAC3,RRN3
HDAC3,NR5A2
HDAC3,CALU
HDAC3,PHF5A
HDAC3,BAZ1B
HDAC3,CHD7
HDAC3,MED12
HDAC3,TFE3
HDAC3,GCNT2
HDAC3,ETV1
HDAC3,HSPB1
HDAC3,TCN2
HDAC3,MYLPF
HDAC3,WDR82
HDAC3,PDK1
HDAC3,RBBP7
HDAC3,DPPA2
HDAC3,TRP53
HDAC3,IRF2BPL
HDAC3,TEX264
HDAC3,SLC15A1
HDAC3,FOXH1
HDAC3,MTF2
HDAC3,RIF1
HDAC3,ADGRA2
HDAC3,GSTA4
HDAC3,IFITM1
HDAC3,LRRC34
HDAC3,SETDB1
HDAC3,IMPDH2
HDAC3,PLA2G15
HDAC3,PNP
HDAC3,PLEKHF2
HDAC3,FNDC3B
HDAC3,MSL2
HDAC3,LAMB2
HDAC3,SLC35F5
HDAC3,ACP6
HDAC3,BRD2
HDAC3,SMARCA5
HDAC3,POU5F1
HDAC3,LRPAP1
HDAC3,BMP4
HDAC3,SMC1A
HDAC3,SMARCA2
HDAC3,PHLDB2
HDAC3,PRDX1
HDAC3,NOTCH4
HDAC3,TCEA3
HDAC3,CBX1
HDAC3,MBD3
HDAC3,ZFP710
HDAC3,POFUT2
HDAC3,TSPAN9
HDAC3,ETV4
HDAC3,KMT2D
HDAC3,GMNN
HDAC3,FBLIM1
HDAC3,KAT6B
HDAC3,USP16
HDAC3,OTX2
HDAC3,CD63
HDAC3,ADAM19
HDAC3,PATJ
HDAC3,UBA2
HDAC3,KMT2C
HDAC3,MKRN1
HDAC3,2410141K09RIK
HDAC3,MYMX
HDAC3,SPP1
HDAC3,SERPINH1
HDAC3,ARPC2
HDAC3,SET
HDAC3,TBRG1
HDAC3,GFPT1
HDAC3,PRDM14
HDAC3,NONO
HDAC3,HIRA
HDAC3,MAPK8
HDAC3,TAF1
HDAC3,TPD52
HDAC3,MSH6
HDAC3,ERF
HDAC3,FABP3
HDAC3,NANOG
HDAC3,MSH2
HDAC3,SH3PXD2B
HDAC3,ZFP57
HDAC3,PLOD1
HDAC3,ZFP819
HDAC3,PHC1
HDAC3,DUSP9
HDAC3,ZFP143
HDAC3,IGFBP2
HDAC3,KRT17
HDAC3,RNF138
HDAC3,RCOR1
HDAC3,ZFP532
HDAC3,DPPA4
HDAC3,TDH
HDAC3,AU018091
HDAC3,LPAR2
HDAC3,ZFP979
HEXIM1,SRSF2
HEXIM1,SMARCA5
HEXIM1,MTF2
HEXIM1,CALM1
HEXIM1,ADNP
HEXIM1,P4HA1
HEXIM1,HSP90AA1
HEXIM1,DPY30
HEXIM1,SARAF
HEXIM1,RRN3
HEXIM1,GTF2B
HEXIM1,VAMP3
HEXIM1,SOD1
HEXIM1,GMNN
HEXIM1,DR1
HEXIM1,PDIA3
HEXIM1,POLE4
HEXIM1,SLC16A1
HEXIM1,CBX3
HEXIM1,H13
HEXIM1,DGCR8
HEXIM1,KANSL3
HEXIM1,DERL1
HEXIM1,EZH2
HEXIM1,NFYC
HEXIM1,STAG1
HEXIM1,MAP1A
HEXIM1,HIRA
HEXIM1,DARS
HEXIM1,APPBP2
HEXIM1,TAF3
HEXIM1,POFUT2
HEXIM1,RAF1
HEXIM1,PRDX1
HEXIM1,NPM1
HEXIM1,GORASP2
HEXIM1,UBA2
HEXIM1,SLC25A4
HEXIM1,MBD3
HEXIM1,PHRF1
HEXIM1,STT3A
HEXIM1,CHCHD10
HEXIM1,RAD21
HEXIM1,HDAC2
HEXIM1,E4F1
HEXIM1,SLC39A7
HEXIM1,RPN2
HEXIM1,ABHD5
HEXIM1,SELENOS
HEXIM1,MSH2
HEXIM1,COTL1
HEXIM1,RAP1GDS1
HEXIM1,TMED9
HEXIM1,CDC42SE2
HEXIM1,ZFP57
HEXIM1,MED26
HEXIM1,NSL1
HEXIM1,IMPDH2
HEXIM1,NCAPD3
HEXIM1,SUMO2
HEXIM1,CCDC88C
HEXIM1,P4HB
HEXIM1,FBXO22
HEXIM1,SMARCA4
HEXIM1,SETX
HEXIM1,ACTL6A
HEXIM1,LY75
HEXIM1,TDG
HEXIM1,PSEN1
HEXIM1,NFXL1
HEXIM1,USP16
HEXIM1,PDIA5
HEXIM1,ERP29
HEXIM1,TMEM30A
HEXIM1,TPM4
HEXIM1,GTF3C1
HEXIM1,EP400
HEXIM1,ARF1
HEXIM1,PTP4A1
HEXIM1,NACC1
HEXIM1,RPN1
HEXIM1,DPF2
HEXIM1,MAN1A2
HEXIM1,ACBD3
HEXIM1,TMEM165
HEXIM1,SUPT16
HEXIM1,RER1
HEXIM1,LAMP1
HEXIM1,CREB3
HEXIM1,ADAM10
HEXIM1,SMAD1
HEXIM1,RBMXL2
HEXIM1,KDELC2
HEXIM1,TRIM28
HEXIM1,ITGB1
HEXIM1,TFRC
HEXIM1,HDLBP
HEXIM1,SLC7A6
HEXIM1,MED23
HEXIM1,TMEM214
HEXIM1,SMARCC1
HEXIM1,PCOLCE2
HEXIM1,MTA2
HEXIM1,ITGAV
HEXIM1,F3
HEXIM1,CBX5
HEXIM1,TMOD3
HEXIM1,MORC3
HEXIM1,ARPC2
HEXIM1,ATP6V0A1
HEXIM1,SSR1
HEXIM1,SMC3
HEXIM1,KHDC3
HEXIM1,CLTC
HEXIM1,APEX1
HEXIM1,SEC24A
HEXIM1,RETREG1
HEXIM1,PLOD2
HEXIM1,RAD23B
HEXIM1,KDM1A
HEXIM1,ARFGAP1
HEXIM1,QSOX1
HEXIM1,RAB3IL1
HEXIM1,AMFR
HEXIM1,YEATS4
HEXIM1,HAP1
HEXIM1,CALU
HEXIM1,AARS
HEXIM1,NELFA
HEXIM1,TFCP2L1
HEXIM1,TAF2
HEXIM1,FGFR1
HEXIM1,DDB1
HEXIM1,ARFIP1
HEXIM1,NCAPG
HEXIM1,MAFK
HEXIM1,DNAJC3
HEXIM1,TLE4
HEXIM1,XPNPEP1
HEXIM1,OSBP
HEXIM1,BSG
HEXIM1,SS18
HEXIM1,MDN1
HEXIM1,KDM5A
HEXIM1,CDH6
HEXIM1,RRAS2
HEXIM1,LYN
HEXIM1,HS3ST1
HEXIM1,MPHOSPH8
HEXIM1,RBPJ
HEXIM1,THAP11
HEXIM1,PARP1
HEXIM1,IKBIP
HEXIM1,GNS
HEXIM1,APAF1
HEXIM1,TTC39B
HEXIM1,SUPT5
HEXIM1,SEC11A
HEXIM1,EIF2S2
HEXIM1,WDR11
HEXIM1,PWP1
HEXIM1,TPD52
HEXIM1,TMEM9B
HEXIM1,GALK1
HEXIM1,SAP18
HEXIM1,MPRIP
HEXIM1,KDM2A
HEXIM1,FNDC3B
HEXIM1,SRSF1
HEXIM1,RTN3
HEXIM1,MFSD1
HEXIM1,GLIPR2
HEXIM1,FUT8
HEXIM1,COL4A2
HEXIM1,COL4A1
HEXIM1,ARHGAP29
HEXIM1,TBRG1
HEXIM1,PAFAH1B3
HEXIM1,FKBP5
HEXIM1,DDOST
HEXIM1,TCOF1
HEXIM1,ATP6V0E
HEXIM1,SOAT1
HEXIM1,GNAI3
HEXIM1,COPG1
HEXIM1,GLO1
HEXIM1,ARID1A
HEXIM1,BRD9
HEXIM1,ARL8A
HEXIM1,TRAM1
HEXIM1,P3H2
HEXIM1,IRF2BPL
HEXIM1,INO80
HEXIM1,DNAJC10
HEXIM1,SEC23A
HEXIM1,PDCD6IP
HEXIM1,ANP32A
HEXIM1,SAP30
HEXIM1,DICER1
HEXIM1,MSL2
HEXIM1,BNC2
HEXIM1,ASPH
HEXIM1,ALDH2
HEXIM1,TMEM59
HEXIM1,HDAC1
HEXIM1,EDEM1
HEXIM1,ARPC5
HEXIM1,SMAD3
HEXIM1,RRBP1
HEXIM1,NFYA
HEXIM1,GGA2
HEXIM1,BAZ1B
HEXIM1,VSIR
HEXIM1,CRTC3
HEXIM1,COPA
HEXIM1,ZFP143
HEXIM1,STAT3
HEXIM1,ILDR1
HEXIM1,P3H4
HEXIM1,OAT
HEXIM1,CDK8
HEXIM1,NASP
HEXIM1,ZIC2
HEXIM1,TCF12
HEXIM1,GNB2
HEXIM1,GALNT7
HEXIM1,CHD1
HEXIM1,STARD10
HEXIM1,ZFHX3
HEXIM1,METTL3
HEXIM1,CNOT3
HEXIM1,CALR
HEXIM1,USP28
HEXIM1,FBXW8
HEXIM1,RAB11A
HEXIM1,LMNB1
HEXIM1,CTR9
HEXIM1,TGFBR3
HEXIM1,PRDM15
HEXIM1,MSH6
HEXIM1,LGALS3
HEXIM1,COMMD3
HEXIM1,RBBP5
HEXIM1,DTX3L
HEXIM1,PDIA6
HEXIM1,LAMC1
HEXIM1,CHST15
HEXIM1,CBFA2T2
HEXIM1,ALPL
HEXIM1,DROSHA
HEXIM1,CPD
HEXIM1,TMBIM6
HEXIM1,RYBP
HEXIM1,NRF1
HEXIM1,ADAM19
HEXIM1,RFFL
HEXIM1,LRRC59
HEXIM1,EP300
HEXIM1,CTSL
HEXIM1,CDC5L
HEXIM1,ZFP428
HEXIM1,SUZ12
HEXIM1,OSTC
HEXIM1,MSL1
HEXIM1,LRRC58
HEXIM1,LRP2
HEXIM1,DAP
HEXIM1,TMED10
HEXIM1,MKRN1
HEXIM1,HEATR1
HEXIM1,ZFP322A
HEXIM1,PDE4DIP
HEXIM1,KDM5B
HEXIM1,TMED3
HEXIM1,DRAM1
HEXIM1,YY1
HEXIM1,SETD1A
HEXIM1,RNF2
HEXIM1,LAMB1
HEXIM1,GDPD5
HEXIM1,SET
HEXIM1,PHLDB2
HEXIM1,NIPBL
HEXIM1,XRCC5
HEXIM1,CTCF
HEXIM1,GCNT1
HEXIM1,CBX2
HEXIM1,ANO10
HEXIM1,KLF2
HEXIM1,TMED2
HEXIM1,RANBP17
HEXIM1,HSPA4
HEXIM1,ADAM23
HEXIM1,SFRP1
HEXIM1,NODAL
HEXIM1,MSX2
HEXIM1,KLF5
HEXIM1,CTSD
HEXIM1,BRD4
HEXIM1,ANXA4
HEXIM1,PLEKHF2
HEXIM1,KMT2C
HEXIM1,PARVA
HEXIM1,MBD2
HEXIM1,DDX21
HEXIM1,CAR2
HEXIM1,KDELR2
HEXIM1,IER2
HEXIM1,CPOX
HEXIM1,ARF4
HEXIM1,ZFYVE21
HEXIM1,TM9SF3
HEXIM1,GFPT2
HEXIM1,SELENOM
HEXIM1,PXDN
HEXIM1,MYH9
HEXIM1,GSN
HEXIM1,ELOB
HEXIM1,CDC73
HEXIM1,TEX264
HEXIM1,PHF5A
HEXIM1,GLI2
HEXIM1,ZFX
HEXIM1,ZFP710
HEXIM1,UTF1
HEXIM1,GPC6
HEXIM1,GFPT1
HEXIM1,TNKS
HEXIM1,REEP5
HEXIM1,CREBBP
HEXIM1,RBPMS2
HEXIM1,P3H1
HEXIM1,CDC16
HEXIM1,TBP
HEXIM1,SLC35F5
HEXIM1,PNP
HEXIM1,NCOR1
HEXIM1,ENOX1
HEXIM1,USP7
HEXIM1,SERBP1
HEXIM1,RPP25
HEXIM1,AFF3
HEXIM1,TAX1BP3
HEXIM1,SETD7
HEXIM1,PHC1
HEXIM1,JAM2
HEXIM1,VKORC1
HEXIM1,PDK1
HEXIM1,BMPER
HEXIM1,TXNDC5
HEXIM1,TRH
HEXIM1,TIMP2
HEXIM1,KMT2D
HEXIM1,ILK
HEXIM1,FGF4
HEXIM1,RIF1
HEXIM1,PKNOX1
HEXIM1,NR5A2
HEXIM1,GNPTAB
HEXIM1,B4GALNT4
HEXIM1,MYBL2
HEXIM1,SALL4
HEXIM1,GXYLT1
HEXIM1,DNMT3B
HEXIM1,B4GALT1
HEXIM1,MAPKAPK2
HEXIM1,L1TD1
HEXIM1,DAXX
HEXIM1,CDK7
HEXIM1,UHRF1
HEXIM1,DCTPP1
HEXIM1,CARHSP1
HEXIM1,MSL3
HEXIM1,MARC2
HEXIM1,GSR
HEXIM1,COPB1
HEXIM1,AMPD2
HEXIM1,SUMO1
HEXIM1,KDM4C
HEXIM1,CHD4
HEXIM1,ATF7IP
HEXIM1,PPIB
HEXIM1,CST3
HEXIM1,CDK9
HEXIM1,ASS1
HEXIM1,TET3
HEXIM1,PRKAA2
HEXIM1,BAZ1A
HEXIM1,SMAD2
HEXIM1,RXRA
HEXIM1,PLA2G15
HEXIM1,P4HA2
HEXIM1,ITGA6
HEXIM1,EXT2
HEXIM1,COL18A1
HEXIM1,ARHGEF28
HEXIM1,ZBTB44
HEXIM1,TALDO1
HEXIM1,SPNS2
HEXIM1,PDGFRA
HEXIM1,GOT1
HEXIM1,FHDC1
HEXIM1,STX3
HEXIM1,SHTN1
HEXIM1,JARID2
HEXIM1,B2M
HEXIM1,SRI
HEXIM1,SDCBP
HEXIM1,MED12
HEXIM1,MCRS1
HEXIM1,ETV5
HEXIM1,WDR5
HEXIM1,RUVBL1
HEXIM1,SORD
HEXIM1,PFKP
HEXIM1,PARD6B
HEXIM1,MED1
HEXIM1,HNRNPL
HEXIM1,BEND5
HEXIM1,SH3GLB1
HEXIM1,RCOR1
HEXIM1,LAMA1
HEXIM1,CREB3L2
HEXIM1,PLOD1
HEXIM1,FN1
HEXIM1,SLC39A8
HEXIM1,SIN3A
HEXIM1,SEC24D
HEXIM1,PITPNC1
HEXIM1,GNAS
HEXIM1,DCLK2
HEXIM1,RNF138
HEXIM1,MAX
HEXIM1,TDH
HEXIM1,SMARCAD1
HEXIM1,SETDB1
HEXIM1,MOB3B
HEXIM1,GNA12
HEXIM1,FABP3
HEXIM1,BAG2
HEXIM1,TGOLN1
HEXIM1,GHR
HEXIM1,TCEA3
HEXIM1,MYDGF
HEXIM1,MAPK8
HEXIM1,ARID3A
HEXIM1,PTPN14
HEXIM1,KLHDC3
HEXIM1,CD63
HEXIM1,TET2
HEXIM1,SPOCK1
HEXIM1,ZCCHC24
HEXIM1,SOX2
HEXIM1,PRKCE
HEXIM1,PLOD3
HEXIM1,FKBP9
HEXIM1,NFYB
HEXIM1,KAT8
HEXIM1,CXXC1
HEXIM1,KAT6B
HEXIM1,EED
HEXIM1,COLGALT1
HEXIM1,SSR3
HEXIM1,LRPAP1
HEXIM1,CTBP2
HEXIM1,TXNDC12
HEXIM1,PHF19
HEXIM1,NR4A1
HEXIM1,COBL
HEXIM1,UPP1
HEXIM1,ME1
HEXIM1,FRMD4A
HEXIM1,EMP2
HEXIM1,ZC3H11A
HEXIM1,KDM6A
HEXIM1,ZFP281
HEXIM1,HNF1B
HEXIM1,GLDC
HEXIM1,ACP6
HEXIM1,HELB
HEXIM1,FGFR4
HEXIM1,MOV10
HEXIM1,BMI1
HEXIM1,PATJ
HEXIM1,MVB12B
HEXIM1,CBX1
HEXIM1,NUP210
HEXIM1,ZFP979
HEXIM1,TET1
HEXIM1,L3MBTL3
HEXIM1,ZFP819
HEXIM1,RAB2A
HEXIM1,SIRT6
HEXIM1,RARA
HEXIM1,ELL3
HEXIM1,SURF4
HEXIM1,HSP90AB1
HEXIM1,SUPT6
HEXIM1,CERS4
HEXIM1,MEN1
HEXIM1,TIMP3
HEXIM1,PCBD1
HEXIM1,LRRC34
HEXIM1,IGFBP2
HEXIM1,FUT9
HEXIM1,FRS2
HEXIM1,FGF3
HEXIM1,EPOP
HEXIM1,XBP1
HEXIM1,SIK1
HEXIM1,SELENOW
HEXIM1,NID1
HEXIM1,LEO1
HEXIM1,SEMA4C
HEXIM1,OBSL1
HEXIM1,MYMX
HEXIM1,LDLRAP1
HEXIM1,TRP53
HEXIM1,PCGF2
HEXIM1,HIP1
HEXIM1,EPHA1
HEXIM1,TGIF2
HEXIM1,CTSZ
HEXIM1,PURB
HEXIM1,MAN1A
HEXIM1,ELL2
HEXIM1,2410141K09RIK
HEXIM1,GPX3
HEXIM1,NUCB1
HEXIM1,ADGRA2
HEXIM1,JUN
HEXIM1,HSF2BP
HEXIM1,FXYD6
HEXIM1,TBX3
HEXIM1,GCNT2
HEXIM1,NOTUM
HEXIM1,CLCN5
HEXIM1,CBX8
HEXIM1,BCLAF3
HEXIM1,KAT5
HEXIM1,HSPB1
HEXIM1,HIRIP3
HEXIM1,HDAC3
HEXIM1,BASP1
HEXIM1,SSR4
HEXIM1,PAF1
HEXIM1,MYC
HEXIM1,CKAP4
HEXIM1,TMEM150A
HEXIM1,DMAP1
HEXIM1,RARG
HEXIM1,FGD1
HEXIM1,ANK
HEXIM1,HSPG2
HEXIM1,CHD7
HEXIM1,APP
HEXIM1,SLC15A1
HEXIM1,PTPN21
HEXIM1,TENM4
HEXIM1,KMT2B
HEXIM1,KCTD10
HEXIM1,FAM129B
HEXIM1,RBBP7
HEXIM1,MMGT1
HEXIM1,FZD5
HEXIM1,FAM114A1
HEXIM1,ETV4
HEXIM1,NMNAT2
HEXIM1,N4BP3
HEXIM1,FBRSL1
HTATSF1,MED23
HTATSF1,GORASP2
HTATSF1,MTF2
HTATSF1,SH3GLB1
HTATSF1,DDOST
HTATSF1,KANSL3
HTATSF1,KDM1A
HTATSF1,ADNP
HTATSF1,CLTC
HTATSF1,ITGB1
HTATSF1,ILK
HTATSF1,LRRC59
HTATSF1,DMAP1
HTATSF1,CDC73
HTATSF1,TBRG1
HTATSF1,FBXW8
HTATSF1,SSRP1
HTATSF1,DDB1
HTATSF1,RAF1
HTATSF1,KDM5B
HTATSF1,EP400
HTATSF1,NSL1
HTATSF1,CDC16
HTATSF1,ARHGAP1
HTATSF1,RBBP5
HTATSF1,STAT3
HTATSF1,LAMP1
HTATSF1,COPB1
HTATSF1,CALM1
HTATSF1,PIPOX
HTATSF1,COPA
HTATSF1,TRP53
HTATSF1,DNAJC10
HTATSF1,TRAM1
HTATSF1,KMT2D
HTATSF1,GTF2B
HTATSF1,TAF3
HTATSF1,TCF12
HTATSF1,SMARCA5
HTATSF1,NFYC
HTATSF1,GNPTAB
HTATSF1,PRDX1
HTATSF1,PTPN21
HTATSF1,TBP
HTATSF1,NRF1
HTATSF1,GLIPR2
HTATSF1,ATP6V0A1
HTATSF1,NFXL1
HTATSF1,RFFL
HTATSF1,RAD23B
HTATSF1,FKBP9
HTATSF1,EZH2
HTATSF1,THAP11
HTATSF1,USP16
HTATSF1,KMT2C
HTATSF1,RBPJ
HTATSF1,PHLDB2
HTATSF1,CTCF
HTATSF1,TCOF1
HTATSF1,PHRF1
HTATSF1,NCAPG
HTATSF1,AMFR
HTATSF1,BMPR2
HTATSF1,PPIB
HTATSF1,ARF4
HTATSF1,KCTD10
HTATSF1,CHMP4B
HTATSF1,GNS
HTATSF1,COPG1
HTATSF1,ZFP384
HTATSF1,TCF3
HTATSF1,RAB3IL1
HTATSF1,KDM2B
HTATSF1,GNG10
HTATSF1,XRCC5
HTATSF1,RBMXL2
HTATSF1,PRDM15
HTATSF1,FBXO22
HTATSF1,SMAD1
HTATSF1,SERPING1
HTATSF1,RCC2
HTATSF1,PLEKHF2
HTATSF1,KDM5A
HTATSF1,KAT8
HTATSF1,DR1
HTATSF1,ARPC2
HTATSF1,EED
HTATSF1,CDC5L
HTATSF1,CCDC88C
HTATSF1,ASS1
HTATSF1,SEC24A
HTATSF1,POFUT2
HTATSF1,WDR11
HTATSF1,INO80
HTATSF1,MYMX
HTATSF1,GNB2
HTATSF1,ERP29
HTATSF1,VSIR
HTATSF1,PTP4A1
HTATSF1,MEN1
HTATSF1,ARPC5
HTATSF1,AP2A2
HTATSF1,YY1
HTATSF1,MED26
HTATSF1,HDLBP
INO80,TXNDC12
INO80,WDR82
INO80,NFYC
INO80,KMT2B
INO80,NASP
INO80,ARF1
INO80,HSP90AB1
INO80,MORC3
INO80,COLGALT1
INO80,NELFA
INO80,TMEM214
INO80,UBA2
INO80,NACC1
INO80,RRN3
INO80,RAF1
INO80,TCF3
INO80,MKRN1
INO80,BTAF1
INO80,RPN2
INO80,YEATS4
INO80,NCOR1
INO80,GMNN
INO80,TNKS
INO80,POLE4
INO80,HNRNPL
INO80,RAD21
INO80,NFYB
INO80,RIF1
INO80,ADNP
INO80,EP300
INO80,MSH2
INO80,BSG
INO80,GSR
INO80,ZFP428
INO80,PDIA5
INO80,SERBP1
INO80,HSP90AA1
INO80,SMC3
INO80,ELL2
INO80,CNOT3
INO80,KMT2D
INO80,POFUT2
INO80,KCTD10
INO80,HSPA4
INO80,E2F1
INO80,SMARCC1
INO80,PLEKHF2
INO80,NRF1
INO80,GORASP2
INO80,APPBP2
INO80,CPD
INO80,SUZ12
INO80,NUP210
INO80,USP7
INO80,SUMO1
INO80,GNA12
INO80,B4GALT1
INO80,TAF3
INO80,SMARCA5
INO80,ZBTB44
INO80,KDM6A
INO80,PCOLCE2
INO80,XBP1
INO80,P3H1
INO80,SAP18
INO80,TYRO3
INO80,RANBP17
INO80,RAD23B
INO80,SLC39A7
INO80,DDOST
INO80,RNF2
INO80,SSR1
INO80,BRD4
INO80,ZFP384
INO80,AEBP2
INO80,CTCF
INO80,CLN6
INO80,ETV5
INO80,SAP30
INO80,TRIM28
INO80,TCF12
INO80,LEO1
INO80,CXXC1
INO80,ELL
INO80,SRSF2
INO80,GNG10
INO80,DICER1
INO80,SETX
INO80,BAZ1B
INO80,ZFX
INO80,SELENOS
INO80,CBX3
INO80,TFRC
INO80,HIRA
INO80,SURF4
INO80,PKNOX1
INO80,SUPT16
INO80,CLTC
INO80,SUMO2
INO80,WDR5
INO80,ACBD3
INO80,USP28
INO80,RTN3
INO80,XPNPEP1
INO80,KDELR2
INO80,CDC73
INO80,DOCK5
INO80,CBX7
INO80,MED26
INO80,KDM1A
INO80,GALK1
INO80,SMARCAD1
INO80,FKBP5
INO80,USP16
INO80,ARPC2
INO80,E4F1
INO80,EZH2
INO80,CBX1
INO80,RER1
INO80,E2F4
INO80,STAG1
INO80,FBRSL1
INO80,MBD2
INO80,LAMP1
INO80,MYBL2
INO80,TAX1BP3
INO80,SNX2
INO80,SS18
INO80,PLOD3
INO80,PDK1
INO80,PTOV1
INO80,CDC42SE2
INO80,GLDC
INO80,TMEM165
INO80,GGA2
INO80,COBL
INO80,MBD3
INO80,RNF138
INO80,CHD1
INO80,H13
INO80,PTP4A1
INO80,RCOR1
INO80,CHMP4B
INO80,ZFP281
INO80,CAR2
INO80,HSPG2
INO80,BRD9
INO80,SETDB1
INO80,CPOX
INO80,TDG
INO80,DGCR8
INO80,ZFP532
INO80,SRSF1
INO80,ZFYVE21
INO80,ME1
INO80,TLE4
INO80,TPM4
INO80,MOV10
INO80,IGFBP2
INO80,N4BP3
INO80,PHRF1
INO80,GNPTAB
INO80,SLC16A1
INO80,TCF15
INO80,CDC16
INO80,EP400
INO80,KDELC2
INO80,FBXW8
INO80,EDEM1
INO80,B4GALNT4
INO80,TPD52
INO80,TMED10
INO80,FGF4
INO80,LAMC1
INO80,SOD1
INO80,ERP29
INO80,ZFP143
INO80,EED
INO80,FNDC3B
INO80,KLF2
INO80,KDM2A
INO80,LMNB1
INO80,AMFR
INO80,MARC2
INO80,MSH6
INO80,CREBBP
INO80,PATJ
INO80,SETD1A
INO80,FKBP9
INO80,ITGAV
INO80,PRDM15
INO80,LRRC59
INO80,RETREG1
INO80,CHD4
INO80,CDK8
INO80,CD63
INO80,PHF19
INO80,TMED2
INO80,GXYLT1
INO80,SET
INO80,CCDC88C
INO80,ASPH
INO80,CBX2
INO80,SNX7
INO80,KANSL3
INO80,ABHD5
INO80,RARA
INO80,LDLRAP1
INO80,BAG2
INO80,COPB1
INO80,RYBP
INO80,AP2A2
INO80,CKAP4
INO80,MYLPF
INO80,TET2
INO80,DAXX
INO80,ALPL
INO80,VAMP3
INO80,RRAS2
INO80,THAP11
INO80,SUPT5
INO80,MYH9
INO80,ZFP217
INO80,PHC1
INO80,PARP1
INO80,SHF
INO80,EHMT2
INO80,TM9SF3
INO80,RFFL
INO80,MPRIP
INO80,KLF4
INO80,HDLBP
INO80,REST
INO80,OSBP
INO80,KDM5B
INO80,NFYA
INO80,SFRP1
INO80,PARD6B
INO80,RBMXL2
INO80,EPOP
INO80,RPP25
INO80,HDAC1
INO80,GNS
INO80,RAB2A
INO80,ADAM23
INO80,TMEM9B
INO80,NCOR2
INO80,PSEN1
INO80,LAMA1
INO80,SH3PXD2B
INO80,FRS2
INO80,KLF5
INO80,HTATSF1
INO80,HSPB1
INO80,ZCCHC24
INO80,CBFA2T2
INO80,SLC7A6
INO80,ITGA6
INO80,ITPK1
INO80,TET3
INO80,MAPKAPK2
INO80,PRKAA2
INO80,YY1
INO80,UBQLN2
INO80,ATRX
INO80,FBLIM1
INO80,FAM129B
INO80,EXT2
INO80,CRTC3
INO80,LTBP4
INO80,SETD7
INO80,DERL1
INO80,SRI
INO80,APEX1
INO80,GTF2B
INO80,ELOB
INO80,TSPAN9
INO80,DCLK2
INO80,RBPJ
INO80,MTA2
INO80,STAG2
INO80,TIMP2
INO80,TMOD3
INO80,RAB11A
INO80,RPN1
INO80,SIK1
INO80,TXNDC5
INO80,CDC5L
INO80,EFEMP2
INO80,SARAF
INO80,SOX2
INO80,JARID2
INO80,ZFHX3
INO80,CREB3
INO80,DR1
INO80,MVB12B
INO80,DNMT3B
INO80,CDK9
INO80,NCAPD3
INO80,TEX264
INO80,P4HA1
INO80,NIPBL
INO80,BASP1
INO80,TTC39B
INO80,BMPR2
INO80,PTPN21
INO80,MSL1
INO80,MRAS
INO80,TMEM30A
INO80,DPF2
INO80,SLC35F5
INO80,TAF2
INO80,ETV4
INO80,P3H4
INO80,MAN1A2
INO80,KDELR3
INO80,SSR3
INO80,RRBP1
INO80,ADAM10
INO80,SMAD1
INO80,SH3GLB1
INO80,SALL1
INO80,FZD5
INO80,PDCD6IP
INO80,PDIA3
INO80,TMEM150A
INO80,LRRC58
INO80,ZFP710
INO80,SEMA4C
INO80,PHF5A
INO80,RASGRP2
INO80,DPY30
INO80,SMARCA4
INO80,MYDGF
INO80,ARF5
INO80,ZBTB2
INO80,F3
INO80,ARHGEF28
INO80,ALDH2
INO80,DNAJC10
INO80,ZYX
INO80,ARHGAP29
INO80,DNAJC3
INO80,PDIA6
INO80,ARPC5
INO80,SEC24A
INO80,HMGA1B
INO80,HMGA1
INO80,CHCHD10
INO80,ADGRA2
INO80,FGFR4
INO80,RCC2
INO80,BMI1
INO80,HDAC2
INO80,MFSD1
INO80,RBPMS2
INO80,STX3
INO80,CARHSP1
INO80,GGTA1
INO80,GLIPR2
INO80,SEC24D
INO80,ARF4
INO80,MAPK8
INO80,NR4A1
INO80,ANO10
INO80,BAZ1A
INO80,SLC25A4
INO80,SMYD2
INO80,SIN3A
INO80,SELENON
INO80,SLC9A6
INO80,TBP
INO80,PURB
INO80,MAFK
INO80,CALM1
INO80,FUT9
INO80,TRAM1
INO80,ITGB1
INO80,TGIF2
INO80,RARG
INO80,RAB3IL1
INO80,FGFR1
INO80,TCEA3
INO80,KDM2B
INO80,GALNT7
INO80,P4HB
INO80,ARL8A
INO80,IRF2BPL
INO80,SALL4
INO80,ILK
INO80,STAT3
INO80,FBXO22
INO80,STARD10
INO80,KHDC3
INO80,FUT8
INO80,KAT6B
INO80,GLI1
INO80,RXRA
INO80,LRP2
INO80,MPHOSPH8
INO80,ERF
INO80,REEP5
INO80,KMT2C
INO80,OBSL1
INO80,MSL2
INO80,BRD2
INO80,RBBP7
INO80,FHDC1
INO80,PCGF2
INO80,PLOD2
INO80,ATP6V0A1
INO80,NCAPG
INO80,RAP1GDS1
INO80,BNC2
INO80,ENOX1
INO80,SMAD3
INO80,AKT1
INO80,BAZ2A
INO80,OAT
INO80,PPIB
INO80,SDCBP
INO80,PHLDB2
INO80,SPNS2
INO80,GABBR1
INO80,IKBIP
INO80,APAF1
INO80,FRMD4A
INO80,GFPT1
INO80,MTF2
INO80,TCN2
INO80,UTF1
INO80,NFXL1
INO80,DARS
INO80,KDM4C
INO80,SLC39A8
INO80,BEND5
INO80,FAM114A1
INO80,ANK
INO80,ARID1A
INO80,TBX3
INO80,PXDN
INO80,CHST15
INO80,UBTF
INO80,CTDSPL
INO80,GTF3C1
INO80,BMP1
INO80,SMAD2
INO80,COL27A1
INO80,COL4A2
INO80,COL4A1
INO80,KAT5
INO80,ACTL6A
INO80,ASS1
INO80,FGF3
INO80,EPHA1
INO80,P4HA2
INO80,GNAI3
INO80,ZIC2
INO80,PTPN14
INO80,ALG13
INO80,COBLL1
INO80,AFF3
INO80,DROSHA
INO80,NOTUM
INO80,SERPING1
INO80,DAP
INO80,SOAT1
INO80,PARVA
INO80,CTBP2
INO80,LYN
INO80,FST
INO80,PWP1
INO80,IER2
INO80,FGD1
INO80,GHR
INO80,TGIF1
INO80,GNAS
INO80,CREB3L2
INO80,MYCN
INO80,SSRP1
INO80,GLI2
INO80,TENM4
INO80,CEMIP
INO80,MCAM
INO80,PRKCE
INO80,BCLAF3
INO80,PTH1R
INO80,MAX
INO80,FN1
INO80,PFKP
INO80,SHTN1
INO80,TGFBR3
INO80,APP
INO80,BMPER
INO80,PITPNC1
INO80,MAN1A
INO80,EPAS1
INO80,LY75
INO80,CHD7
INO80,ESRRB
INO80,CLCN5
INO80,GSN
INO80,L3MBTL3
INO80,EMP2
INO80,COMMD3
INO80,AMPD2
INO80,GDPD5
INO80,P3H2
INO80,DRAM1
INO80,MOB3B
INO80,ZC3H11A
INO80,TMEM59
INO80,CTSZ
INO80,ARHGEF5
INO80,PDE4DIP
INO80,KLHDC3
INO80,TRH
INO80,PAFAH1B3
INO80,ZFP57
INO80,UPP1
INO80,SEC23A
INO80,HCFC1
INO80,QSOX1
INO80,ZIC3
INO80,CDH6
INO80,UHRF1
INO80,MSL3
INO80,CST3
INO80,DTX1
INO80,PRDX4
INO80,PAF1
INO80,ANP32A
INO80,CBX8
INO80,MDN1
INO80,TMED9
INO80,SPOCK1
INO80,IHH
INO80,MSX2
INO80,COL18A1
INO80,GNB2
INO80,FGF10
INO80,HDAC3
INO80,TIMP3
INO80,GATA4
INO80,TFCP2L1
INO80,COTL1
INO80,MAP1A
INO80,PLOD1
INO80,ATF7IP
INO80,JUN
INO80,FOXA2
INO80,FXYD6
INO80,DUSP9
INO80,CTSD
INO80,ADAM19
INO80,LGALS3
INO80,ARID3A
INO80,NR0B1
INO80,KDM6B
INO80,GDF3
INO80,GPC6
INO80,HAP1
INO80,TFE3
INO80,NIPSNAP1
INO80,PDGFRA
INO80,SMARCA2
INO80,MEN1
INO80,KAT8
INO80,KDELR1
INO80,GCNT1
INO80,OSTC
INO80,ARFIP1
INO80,NSL1
INO80,MED12
INO80,NPM1
INO80,VSIR
INO80,OOEP
INO80,DDX21
INO80,MED1
INO80,SPP1
INO80,METTL3
INO80,OGT
INO80,SSR4
INO80,CTSL
INO80,AARS
JARID2,RDM1
JARID2,HDAC2
JARID2,ESRRB
JARID2,FHDC1
JARID2,BMP1
JARID2,FGF3
JARID2,COL27A1
JARID2,IHH
JARID2,TGFBR3
JARID2,GNAS
JARID2,FST
JARID2,BMPER
JARID2,COL4A2
JARID2,COL4A1
JARID2,GPC6
JARID2,P3H2
JARID2,SLC39A8
JARID2,ADGRA2
JARID2,BMI1
JARID2,FRMD4A
JARID2,PTH1R
JARID2,MSX2
JARID2,L3MBTL3
JARID2,APP
JARID2,CDH6
JARID2,CHST15
JARID2,SPOCK1
JARID2,SHTN1
JARID2,SH3GLB1
JARID2,CRTC3
JARID2,PDGFRA
JARID2,PRKCE
JARID2,MFSD1
JARID2,COBLL1
JARID2,KANSL3
JARID2,BAZ1A
JARID2,MAN1A
JARID2,CTDSPL
JARID2,P4HA2
JARID2,GDPD5
JARID2,AFF3
JARID2,ANO10
JARID2,JUN
JARID2,LYN
JARID2,SFRP1
JARID2,FOXA2
JARID2,HS3ST1
JARID2,PARVA
JARID2,HNF1B
JARID2,ANK
JARID2,LRP2
JARID2,PDE4DIP
JARID2,CPD
JARID2,DRAM1
JARID2,ARHGEF28
JARID2,ZIC2
JARID2,TIMP2
JARID2,OBSL1
JARID2,PXDN
JARID2,GALNT7
JARID2,PHLDB2
JARID2,KHDC3
JARID2,LAMB1
JARID2,SNX7
JARID2,STARD10
JARID2,FGF10
JARID2,ACP6
JARID2,ENOX1
JARID2,SPNS2
JARID2,PTPN14
JARID2,ARHGAP29
JARID2,SOX17
JARID2,ABHD5
JARID2,TMED9
JARID2,TIMP3
JARID2,SMARCA2
JARID2,SH3PXD2B
JARID2,TET3
JARID2,FAM114A1
JARID2,DTX1
JARID2,GSN
JARID2,RAP1GDS1
JARID2,AMFR
JARID2,ARHGEF5
JARID2,SELENON
JARID2,ZFHX3
JARID2,PHF19
JARID2,DAB2
JARID2,CDK8
JARID2,GHR
JARID2,EPAS1
JARID2,RXRA
JARID2,MED23
JARID2,MAPKAPK2
JARID2,NOTUM
JARID2,TMED3
JARID2,GLDC
JARID2,SMYD2
JARID2,SETD7
JARID2,ZYX
JARID2,NMNAT2
JARID2,ARID1A
JARID2,CEMIP
JARID2,B2M
JARID2,OTX2
JARID2,CLCN5
JARID2,PLOD2
JARID2,EVA1A
JARID2,VSIR
JARID2,STAG1
JARID2,PPIB
JARID2,MRAS
JARID2,QSOX1
JARID2,LAMA1
JARID2,BEND5
JARID2,GATA4
JARID2,TRAM1
JARID2,CHMP4B
JARID2,TENM4
JARID2,SMAD3
JARID2,FGFR4
JARID2,GNG10
JARID2,ME1
JARID2,CAR2
JARID2,DDOST
JARID2,COMMD3
JARID2,ASS1
JARID2,CBX2
JARID2,TCF12
JARID2,SRI
JARID2,DNMT3B
JARID2,P3H4
JARID2,BAG2
JARID2,SEMA4C
JARID2,RBMXL2
JARID2,DAP
JARID2,PDIA5
JARID2,PATJ
JARID2,SUMO2
JARID2,GCNT1
JARID2,ADAM19
JARID2,SLC7A6
JARID2,SLC25A4
JARID2,TRP53
JARID2,STAG2
JARID2,CCDC88C
JARID2,MAFK
JARID2,COTL1
JARID2,EXT2
JARID2,GORASP2
JARID2,ASPH
JARID2,ADNP
JARID2,BMPR2
JARID2,SELENOS
JARID2,LMNB1
JARID2,PNP
JARID2,HSPB1
JARID2,NSL1
JARID2,LRRC58
JARID2,TMEM9B
JARID2,RAB3IL1
JARID2,MAN1A2
JARID2,ARPC5
JARID2,SETDB1
JARID2,PRDM14
JARID2,FBXW8
JARID2,ADAM10
JARID2,KDM1A
JARID2,CHD7
JARID2,MVB12B
JARID2,SARAF
JARID2,GATA6
JARID2,ITGAV
JARID2,BASP1
JARID2,LAMP1
JARID2,DOCK5
JARID2,COLGALT1
JARID2,PRKAA2
JARID2,KDM2B
JARID2,LRRC59
JARID2,PTPN21
JARID2,TRIM28
JARID2,MAP1A
JARID2,H13
JARID2,EMP2
JARID2,CRYAB
JARID2,F3
JARID2,TPM4
JARID2,ITPK1
JARID2,KRT8
JARID2,MYCN
JARID2,CDC16
JARID2,ALPL
JARID2,KDELR1
JARID2,IGFBP2
JARID2,KCTD10
JARID2,CDC73
JARID2,PRDX1
JARID2,EP400
JARID2,ACTL6A
JARID2,KAT6B
JARID2,SDCBP
JARID2,DUSP9
JARID2,MCAM
JARID2,FLRT3
JARID2,FBRSL1
JARID2,KRTCAP2
JARID2,TXNDC5
JARID2,KMT2C
JARID2,FUT9
JARID2,TMEM165
JARID2,2200002D01RIK
JARID2,RUVBL2
JARID2,SOAT1
JARID2,LDLRAP1
JARID2,GNS
JARID2,IMPDH2
JARID2,GTF2B
JARID2,ANXA4
JARID2,SERBP1
JARID2,REEP5
JARID2,MAX
JARID2,OAT
JARID2,MARC2
JARID2,GNPTAB
JARID2,P4HA1
JARID2,DMAP1
JARID2,SNURF
JARID2,SNRPN
JARID2,NUP210
JARID2,HIP1
JARID2,DTX3L
JARID2,RRBP1
JARID2,FN1
JARID2,EZH2
JARID2,ZFX
JARID2,FXYD6
JARID2,SEC24A
JARID2,GLIPR2
JARID2,PTP4A1
JARID2,CREBBP
JARID2,GLI2
JARID2,ARL8A
JARID2,EFEMP2
JARID2,CREB3L2
JARID2,BCLAF3
JARID2,ZFP322A
JARID2,KLF2
JARID2,TMOD3
JARID2,DERL1
JARID2,TCF15
JARID2,NID1
JARID2,NFXL1
JARID2,SMARCA5
JARID2,SNX2
JARID2,NELFA
JARID2,UBA2
JARID2,TMEM214
JARID2,PHRF1
JARID2,CBX8
JARID2,FBXO22
JARID2,MSL3
JARID2,CPOX
JARID2,APPBP2
JARID2,TM9SF3
JARID2,MOB3B
JARID2,NFYC
JARID2,ALDH2
JARID2,EPHA1
JARID2,CALM1
JARID2,CBX7
JARID2,SMAD1
JARID2,HSPG2
JARID2,FGFR1
JARID2,ARF4
JARID2,SETD1A
JARID2,GFPT1
JARID2,ZFP143
JARID2,RETREG1
JARID2,CDC42SE2
JARID2,TCEA3
JARID2,RBBP5
JARID2,DDX21
JARID2,CTCF
JARID2,RPN1
JARID2,OPLAH
JARID2,CLTC
JARID2,RASGRP2
JARID2,MYMX
JARID2,DARS
JARID2,CALR
JARID2,HAP1
JARID2,TLE4
JARID2,SSR3
JARID2,DR1
JARID2,COPG1
JARID2,SLC16A1
JARID2,LY75
JARID2,BRD9
JARID2,USP16
JARID2,WDR11
JARID2,EED
JARID2,P3H1
JARID2,CDK9
JARID2,SUPT16
JARID2,SMARCAD1
JARID2,POFUT2
JARID2,MSL1
JARID2,VAMP3
JARID2,MORC3
JARID2,CREB3
JARID2,RRN3
JARID2,MTF2
JARID2,BSG
JARID2,TRH
JARID2,FABP3
JARID2,PDIA6
JARID2,TDH
JARID2,POLE4
JARID2,HSP90AA1
JARID2,RPP25
JARID2,GGA2
JARID2,SUPT5
JARID2,TMEM150A
JARID2,PLA2G15
JARID2,TBRG1
JARID2,TAF3
JARID2,TALDO1
JARID2,TMBIM6
JARID2,CTSL
JARID2,SEC11A
JARID2,RAD23B
JARID2,TFRC
JARID2,SELENOW
JARID2,ARFGAP1
JARID2,RER1
JARID2,ARFIP1
JARID2,ADAM23
JARID2,XBP1
JARID2,UPP1
JARID2,PARP1
JARID2,NCOR2
JARID2,LGALS3
JARID2,GNA12
JARID2,GLO1
JARID2,DNAJC3
JARID2,KMT2B
JARID2,ATP6V0E
JARID2,AP2A2
JARID2,SUPT6
JARID2,SRSF2
JARID2,KDELR2
JARID2,PCOLCE2
JARID2,NCAPG
JARID2,ERP29
JARID2,TMED10
JARID2,ITGB1
JARID2,BNC2
JARID2,ATF7IP
JARID2,RPN2
JARID2,N4BP3
JUN,FBLIM1
JUN,TPM4
JUN,F3
JUN,RAF1
JUN,ABHD5
JUN,SOX2
KANSL3,RDM1
KANSL3,LAMP1
KANSL3,FBXW8
KANSL3,CDC16
KANSL3,MFSD1
KANSL3,MED23
KANSL3,NSL1
KANSL3,RUVBL1
KANSL3,DMAP1
KANSL3,DDOST
KANSL3,TBP
KANSL3,PTPN21
KANSL3,FBXO22
KANSL3,WDR11
KANSL3,RBBP5
KANSL3,PDCD6IP
KANSL3,MDN1
KANSL3,SLC35F5
KANSL3,SEC24A
KANSL3,USP16
KANSL3,PWP1
KANSL3,TMEM30A
KANSL3,PHRF1
KANSL3,PURB
KANSL3,KDM5A
KANSL3,LRRC59
KANSL3,ARHGAP1
KANSL3,TRAM1
KANSL3,COPA
KANSL3,CLTC
KANSL3,TMEM9B
KANSL3,KDELR1
KANSL3,MCRS1
KANSL3,SSRP1
KANSL3,TM9SF3
KANSL3,SIRT6
KANSL3,KAT8
KANSL3,ACTL6A
KANSL3,ADNP
KANSL3,GTF2B
KANSL3,SMARCAD1
KANSL3,FRS2
KANSL3,SEC11A
KANSL3,DPY30
KANSL3,CDK7
KANSL3,SUPT16
KANSL3,E2F4
KANSL3,BRD9
KANSL3,GNS
KANSL3,TGOLN1
KANSL3,GABARAP
KANSL3,KAT5
KANSL3,TNKS
KANSL3,GORASP2
KANSL3,DARS
KANSL3,ARFGAP1
KANSL3,SARAF
KANSL3,CREB3
KANSL3,DICER1
KANSL3,SUMO1
KANSL3,ATP6V0A1
KANSL3,KCTD10
KANSL3,DDB1
KANSL3,PHF5A
KANSL3,MTF2
KANSL3,ILK
KANSL3,CTCF
KANSL3,ACBD3
KANSL3,XRCC5
KANSL3,TAF2
KANSL3,PAF1
KANSL3,NELFA
KANSL3,STT3A
KANSL3,TBRG1
KANSL3,EP400
KANSL3,SUPT6
KANSL3,CALM1
KANSL3,POLE4
KANSL3,COPB1
KANSL3,CHMP4B
KANSL3,MYDGF
KANSL3,HDLBP
KANSL3,NCAPH2
KANSL3,LMF2
KANSL3,HEATR1
KANSL3,TAF3
KANSL3,EXT2
KANSL3,TMED10
KANSL3,DDX21
KANSL3,PPIB
KANSL3,DNAJC10
KANSL3,KMT2D
KANSL3,NRF1
KANSL3,PLA2G15
KANSL3,SRSF2
KANSL3,RER1
KANSL3,YY1
KANSL3,CTSD
KANSL3,GNB2
KANSL3,LRRC58
KANSL3,COPG1
KANSL3,RNF138
KANSL3,TAX1BP3
KANSL3,SUPT5
KANSL3,PATJ
KANSL3,TMED2
KANSL3,SLC25A4
KANSL3,SMARCA5
KANSL3,KDM4C
KANSL3,DERL1
KANSL3,TMED3
KANSL3,TDG
KANSL3,HTATSF1
KANSL3,ZFP322A
KANSL3,MPRIP
KANSL3,VAMP3
KANSL3,GTF3C1
KANSL3,SLC7A6
KANSL3,CDC73
KANSL3,MPHOSPH8
KANSL3,MSL2
KANSL3,SELENOS
KANSL3,ARF1
KANSL3,RANBP17
KANSL3,POFUT2
KANSL3,GNAI3
KANSL3,MMGT1
KANSL3,TCN2
KANSL3,GNA12
KANSL3,2410141K09RIK
KANSL3,APEX1
KANSL3,ATP6V0E
KANSL3,P4HA1
KANSL3,FUT8
KANSL3,BSG
KANSL3,ARF4
KAT5,DARS
KAT5,NFYC
KAT5,DDX21
KAT5,EIF2S2
KAT5,POLE4
KAT5,ATP6V0E
KAT5,KMT2D
KAT5,SRSF1
KAT5,EZH2
KAT5,CLTC
KAT5,LRRC59
KAT5,DROSHA
KAT5,BRD2
KAT5,MDN1
KAT5,NPM1
KAT5,CBX3
KAT5,DDB1
KAT5,SS18
KAT5,SRSF2
KAT5,ADNP
KAT5,GABARAP
KAT5,ZFP979
KAT5,NSL1
KAT5,TCF3
KAT5,TFRC
KAT5,HEATR1
KAT5,USP16
KAT5,H13
KAT5,SUZ12
KAT5,CBX5
KAT5,YY1
KAT5,SELENOS
KAT5,PTP4A1
KAT5,PPIB
KAT5,BRD9
KAT5,DGCR8
KAT5,CDK7
KAT5,PDIA5
KAT5,NCAPG
KAT5,NRF1
KAT5,SUPT16
KAT5,PDIA3
KAT5,APEX1
KAT5,KDELR2
KAT5,TBRG1
KAT5,TRP53
KAT5,ZFP143
KAT5,NASP
KAT5,XRCC5
KAT5,RPP25
KAT5,ARF1
KAT5,PRDX1
KAT5,YEATS4
KAT5,KDM5A
KAT5,INO80
KAT5,OGT
KAT5,NCOR1
KAT5,TDG
KAT5,SMAD2
KAT5,RPN2
KAT5,HDLBP
KAT5,RNF138
KAT5,ACTL6A
KAT5,RRN3
KAT5,SMARCC1
KAT5,TMED3
KAT5,TCOF1
KAT5,P4HB
KAT5,CDK8
KAT5,MPHOSPH8
KAT5,POFUT2
KAT5,SMC1A
KAT5,WDR46
KAT5,ZBTB44
KAT5,SELENOW
KAT5,SUPT5
KAT5,SMYD2
KAT5,SMARCA5
KAT5,TMED10
KAT5,MSL2
KAT5,MED1
KAT5,HSP90AB1
KAT5,PCOLCE2
KAT5,KDELC2
KAT5,PWP1
KAT5,AARS
KAT5,LMNB1
KAT5,MAX
KAT5,NAA10
KAT5,HTATSF1
KAT5,HSPA4
KAT5,HMGA1B
KAT5,HMGA1
KAT5,FBXW8
KAT5,COBL
KAT5,RAD23B
KAT5,ZFX
KAT5,MBD3
KAT5,GGA2
KAT5,ILK
KAT5,GMNN
KAT5,SSR1
KAT5,SMARCAD1
KAT5,RAF1
KAT5,ZFP428
KAT5,GNB2
KAT5,MORC3
KAT5,DERL1
KAT5,TRIM28
KAT5,PHF5A
KAT5,SLC7A6
KAT5,RUVBL2
KAT5,BAZ1B
KAT5,ARID1A
KAT5,CCDC88C
KAT5,MCM2
KAT5,LAMP1
KAT5,GFPT1
KAT5,RAP1GDS1
KAT5,ATF7IP
KAT5,MFSD1
KAT5,PHRF1
KAT5,SERBP1
KAT5,SSRP1
KAT5,EP300
KAT5,COMMD3
KAT5,STT3A
KAT5,SLC16A1
KAT5,MTF2
KAT5,ARF4
KAT5,KLHDC3
KAT5,MED26
KAT5,PARP1
KAT5,EED
KAT5,CTCF
KAT5,GOT1
KAT5,ERP29
KAT5,TAX1BP3
KAT5,SUMO2
KAT5,DDOST
KAT5,CD63
KAT5,PDCD6IP
KAT5,BRD4
KAT5,STAT3
KAT5,SET
KAT5,GNAI3
KAT5,SOD1
KAT5,ARPC5
KAT5,SIRT6
KAT5,IMPDH2
KAT5,CDC5L
KAT5,ATRX
KAT5,DCTPP1
KAT5,COLGALT1
KAT5,NCAPD3
KAT5,CALM1
KAT5,UBA2
KAT5,RCOR1
KAT5,ZFP57
KAT5,SEC11A
KAT5,PURB
KAT5,GLO1
KAT5,DPY30
KAT5,CDK9
KAT5,NCAPH2
KAT5,LMF2
KAT5,SEC24A
KAT5,RPN1
KAT5,KMT2C
KAT5,DR1
KAT5,CTBP2
KAT5,SAP18
KAT5,CALU
KAT5,RANBP17
KAT5,EHMT2
KAT5,CBX1
KAT5,LRRC58
KAT5,DAXX
KAT5,CDC42SE2
KAT5,NELFA
KAT5,EP400
KAT5,CDC16
KAT5,UHRF1
KAT5,NFYA
KAT5,DOCK5
KAT5,SSR4
KAT5,E2F4
KAT5,RYBP
KAT5,WDR82
KAT5,ZFP459
KAT5,TXNDC5
KAT5,PLA2G1B
KAT5,CALR
KAT5,HIRA
KAT5,SARAF
KAT5,KRTCAP2
KAT5,KAT8
KAT5,APPBP2
KAT5,RUVBL1
KAT5,NUP210
KAT5,SAP30
KAT5,RAD21
KAT5,MSH6
KAT5,GNS
KAT5,ACBD3
KAT5,ZFP990
KAT5,USP28
KAT5,TMEM150A
KAT5,ASPH
KAT5,SETD1A
KAT5,PDK1
KAT5,HIRIP3
KAT5,RTN3
KAT5,SUPT6
KAT5,SLC39A7
KAT5,PSEN1
KAT5,KDM1A
KAT5,SSR3
KAT5,NONO
KAT5,MMGT1
KAT5,ITGB1
KAT5,TALDO1
KAT5,P3H4
KAT5,UTF1
KAT5,SUMO1
KAT5,ALPL
KAT5,XPNPEP1
KAT5,SMARCA4
KAT5,TCF15
KAT5,MAN1A2
KAT5,HEXIM1
KAT5,TMEM165
KAT5,TBP
KAT5,FN1
KAT5,WDR5
KAT5,ZFHX3
KAT5,IKBIP
KAT5,HSP90AA1
KAT5,HDAC2
KAT5,COPB1
KAT5,APAF1
KAT5,PLOD2
KAT5,RBBP5
KAT5,CTSZ
KAT5,SEC23A
KAT5,CTSD
KAT5,CBX2
KAT5,GLIPR2
KAT5,B4GALNT4
KAT5,KDM2A
KAT5,ZFYVE21
KAT5,IFITM2
KAT5,GNAS
KAT5,FOXH1
KAT5,TMOD3
KAT5,TLE4
KAT5,GORASP2
KAT5,DKC1
KAT5,HSPG2
KAT5,IGFBP2
KAT5,ETV4
KAT5,RNF2
KAT5,STAG1
KAT5,SMAD1
KAT5,ARHGAP1
KAT5,SLC25A4
KAT5,KDM4C
KAT5,TDH
KAT5,PLOD3
KAT5,PCGF2
KAT5,METTL3
KAT5,KDM4A
KAT5,EDEM1
KAT5,E2F1
KAT5,MARC2
KAT5,ELOB
KAT5,RER1
KAT5,RBMXL2
KAT5,ZFP384
KAT5,VAMP3
KAT5,MOB3B
KAT5,KAT6B
KAT8,LAMP1
KAT8,MFSD1
KAT8,FBXW8
KAT8,CDC16
KAT8,NSL1
KAT8,POFUT2
KAT8,MED23
KAT8,E4F1
KAT8,TBP
KAT8,DMAP1
KAT8,MDN1
KAT8,TMEM30A
KAT8,SIK1
KAT8,SMARCAD1
KAT8,CBX5
KAT8,RUVBL1
KAT8,PHRF1
KAT8,DDOST
KAT8,WDR11
KAT8,FBXO22
KAT8,SDCBP
KAT8,LRRC59
KAT8,ST5
KAT8,CALM1
KAT8,SARAF
KAT8,PHF5A
KAT8,KANSL3
KAT8,SEC11A
KAT8,SAP18
KAT8,SEC24A
KAT8,NELFA
KAT8,HSPA4
KAT8,CLTC
KAT8,CDK7
KAT8,ACTL6A
KAT8,ADNP
KAT8,ERP29
KAT8,BRD9
KAT8,TBRG1
KAT8,MTF2
KAT8,SRSF2
KAT8,H13
KAT8,RRN3
KAT8,TNKS
KAT8,UBA2
KAT8,YY1
KAT8,SLC35F5
KAT8,DPY30
KAT8,CDK8
KAT8,SIRT6
KAT8,RER1
KAT8,STT3A
KAT8,ZFP384
KAT8,GABARAP
KAT8,USP16
KAT8,SUPT6
KAT8,MCRS1
KAT8,SSRP1
KAT8,TGOLN1
KAT8,GNAI3
KAT8,DARS
KAT8,NPM1
KAT8,GORASP2
KAT8,PHC1
KAT8,ZFHX3
KAT8,SUMO1
KAT8,CBX3
KAT8,DUSP6
KAT8,CXXC1
KAT8,ARID1A
KAT8,RBMXL2
KAT8,MAP1A
KAT8,DDX21
KAT8,MYDGF
KAT8,TFRC
KAT8,SELENOS
KAT8,ARF4
KAT8,ZBTB44
KAT8,SUPT16
KAT8,KAT5
KAT8,SELENOW
KAT8,DERL1
KAT8,KDM5A
KAT8,NFYC
KAT8,EP400
KAT8,PRDX1
KAT8,PURB
KAT8,SRSF1
KAT8,P4HA1
KAT8,MBD3
KAT8,SMARCA5
KAT8,MAX
KAT8,PLA2G15
KAT8,IMPDH2
KAT8,MAPK8
KAT8,ZFP979
KAT8,ASPH
KAT8,CDK9
KAT8,TMED9
KAT8,BSG
KAT8,KMT2C
KAT8,APEX1
KAT8,SOX2
KAT8,ARPC2
KAT8,SAP30
KAT8,SMARCC1
KAT8,SS18
KAT8,INO80
KAT8,MSL2
KAT8,ERF
KAT8,DAP
KAT8,COPG1
KAT8,METTL3
KAT8,FBRSL1
KAT8,ATP6V0E
KAT8,TMOD3
KAT8,NRF1
KAT8,STAG1
KAT8,ARPC5
KAT8,PTOV1
KAT8,LRRC34
KAT8,FRMD4A
KAT8,PSEN1
KAT8,PDIA3
KAT8,GFPT1
KAT8,STAT3
KAT8,PTP4A1
KAT8,GFPT2
KAT8,ZFP819
KAT8,HEATR1
KAT8,P4HB
KAT8,TMEM214
KAT8,COPB1
KAT8,CALU
KAT8,HDLBP
KAT8,SERBP1
KAT8,MPHOSPH8
KAT8,NIPBL
KAT8,HDAC2
KAT8,CCDC88C
KAT8,EIF2S2
KAT8,MAFK
KAT8,SETDB1
KAT8,EZH2
KAT8,BMPR2
KAT8,GTF3C1
KAT8,PPIB
KAT8,KMT2D
KAT8,MKRN1
KAT8,USP28
KAT8,ZFP710
KAT8,CDC42SE2
KAT8,ZFP532
KAT8,GNS
KAT8,CREBBP
KAT8,VKORC1
KAT8,ACP6
KAT8,MYL6
KAT8,SSR4
KAT8,PIPOX
KAT8,RDM1
KAT8,GPC6
KAT8,IGFBP2
KAT8,ARHGAP29
KAT8,ARFIP1
KAT8,APPBP2
KAT8,TMED2
KAT8,CST3
KAT8,PDK1
KAT8,COTL1
KAT8,PLOD3
KAT8,OAT
KAT8,GNAS
KAT8,ATP6V0A1
KAT8,TGIF2
KAT8,L3MBTL3
KAT8,DPF2
KAT8,KRTCAP2
KAT8,ADAM10
KAT8,PDIA5
KAT8,RARG
KAT8,MYMX
KAT8,FHDC1
KAT8,OGT
KAT8,WDR5
KAT8,CALR
KAT8,SSR3
KAT8,KDM5B
KAT8,UBTF
KAT8,NCAPD3
KAT8,FABP3
KAT8,ADGRA2
KAT8,VAMP3
KAT8,TDG
KAT8,FNDC3B
KAT8,PAFAH1B3
KAT8,SLC25A4
KAT8,RAD23B
KAT8,KLF2
KAT8,DAXX
KAT8,TDH
KAT8,MBD2
KAT8,BRD2
KAT8,TRIM28
KAT8,TMBIM6
KAT8,SEC23A
KAT8,XRCC5
KAT8,SOAT1
KAT8,IKBIP
KAT8,APAF1
KAT8,SUZ12
KAT8,BCLAF3
KAT8,RIF1
KAT8,ATRX
KAT8,GCNT1
KAT8,SPP1
KDM1A,NSL1
KDM1A,CDC5L
KDM1A,MYLPF
KDM1A,CDC73
KDM1A,SIRT6
KDM1A,GOT1
KDM1A,GORASP2
KDM1A,MSH6
KDM1A,TAX1BP3
KDM1A,TMED2
KDM1A,CLTC
KDM1A,ARF1
KDM1A,EP400
KDM1A,SLC25A4
KDM1A,ARPC5
KDM1A,STAG1
KDM1A,GTF3C1
KDM1A,GTF2B
KDM1A,NFYA
KDM1A,HSPA4
KDM1A,HSP90AA1
KDM1A,ADAM10
KDM1A,IKBIP
KDM1A,APAF1
KDM1A,DDOST
KDM1A,DNAJC10
KDM1A,PPIB
KDM1A,ADNP
KDM1A,RER1
KDM1A,CDC42SE2
KDM1A,MBD2
KDM1A,TNKS
KDM1A,TFRC
KDM1A,MCRS1
KDM1A,MTF2
KDM1A,BSG
KDM1A,SUZ12
KDM1A,CBFA2T2
KDM1A,RDM1
KDM1A,MED26
KDM1A,SRSF1
KDM1A,NPM1
KDM1A,POLE4
KDM1A,TDG
KDM1A,ARF4
KDM1A,E4F1
KDM1A,ZBTB44
KDM1A,RAD23B
KDM1A,SAP30
KDM1A,DGCR8
KDM1A,MEN1
KDM1A,ARFIP1
KDM1A,ERP29
KDM1A,COPG1
KDM1A,PRDX1
KDM1A,TAF3
KDM1A,SUMO2
KDM1A,TRAM1
KDM1A,RBPJ
KDM1A,NELFA
KDM1A,NUCB1
KDM1A,SETX
KDM1A,MBNL2
KDM1A,MPHOSPH8
KDM1A,RAF1
KDM1A,ARPC2
KDM1A,HELB
KDM1A,SARAF
KDM1A,POFUT2
KDM1A,GXYLT1
KDM1A,NCAPG
KDM1A,SELENOS
KDM1A,TMED3
KDM1A,DCTPP1
KDM1A,GNAI3
KDM1A,MAPK8
KDM1A,SSR1
KDM1A,GNA12
KDM1A,MORC3
KDM1A,VAMP3
KDM1A,P4HB
KDM1A,DAP
KDM1A,CALM1
KDM1A,KDM4C
KDM1A,HIRIP3
KDM1A,SMARCA5
KDM1A,CLN6
KDM1A,MFSD1
KDM1A,NUP210
KDM1A,DDB1
KDM1A,SLC16A1
KDM1A,SAP18
KDM1A,MED23
KDM1A,STAT3
KDM1A,HEATR1
KDM1A,ZBTB2
KDM1A,RAD21
KDM1A,MKRN1
KDM1A,PDIA3
KDM1A,KANSL3
KDM1A,MED1
KDM1A,ZFP384
KDM1A,DROSHA
KDM1A,RPN1
KDM1A,TGOLN1
KDM1A,IMPDH2
KDM1A,DERL1
KDM1A,H13
KDM1A,ASPH
KDM1A,ACTL6A
KDM1A,CALR
KDM1A,PARP1
KDM1A,B4GALT1
KDM1A,P4HA1
KDM1A,INO80
KDM1A,USP28
KDM1A,PNP
KDM1A,LMNB1
KDM1A,HIRA
KDM1A,CREB3L2
KDM1A,COLGALT1
KDM1A,KDM4A
KDM1A,PARD6B
KDM1A,CTSD
KDM1A,LRRC59
KDM1A,NFYC
KDM1A,KDELR2
KDM1A,PLA2G15
KDM1A,PLEKHF2
KDM1A,TLE4
KDM1A,TMED9
KDM1A,EDEM1
KDM1A,SH3GLB1
KDM1A,METTL3
KDM1A,OSTC
KDM1A,TBP
KDM1A,DPF2
KDM1A,RRBP1
KDM1A,PDK1
KDM1A,PHF5A
KDM1A,MYH9
KDM1A,ABHD5
KDM1A,EZH2
KDM1A,ATF7IP
KDM1A,ZFP428
KDM1A,TCF3
KDM1A,SMC3
KDM1A,RASGRP2
KDM1A,AP2A2
KDM1A,DAXX
KDM1A,CXXC1
KDM1A,TCF12
KDM1A,HEXIM1
KDM1A,MYBL2
KDM1A,SOAT1
KDM1A,ARID1A
KDM1A,MBD3
KDM1A,ELL
KDM1A,BRD9
KDM1A,GFPT1
KDM1A,TRP53
KDM1A,ASS1
KDM1A,OSBP
KDM1A,HDLBP
KDM1A,EED
KDM1A,KDM5A
KDM1A,SOD1
KDM1A,ZFP217
KDM1A,ETV5
KDM1A,HDAC1
KDM1A,PTOV1
KDM1A,ARHGAP1
KDM1A,SS18
KDM1A,SERBP1
KDM1A,BAZ1B
KDM1A,APPBP2
KDM1A,ATP6V0A1
KDM1A,CDK8
KDM1A,P3H1
KDM1A,TMEM214
KDM1A,NFYB
KDM1A,HSP90AB1
KDM1A,RRN3
KDM1A,YEATS4
KDM1A,ZFP322A
KDM1A,MYDGF
KDM1A,SMARCC1
KDM1A,MSH2
KDM1A,DUSP6
KDM1A,RUVBL2
KDM1A,USP16
KDM1A,CPD
KDM1A,KAT6B
KDM1A,FKBP5
KDM1A,CALU
KDM1A,DPY30
KDM1A,MMGT1
KDM1A,KMT2C
KDM1A,PAF1
KDM1A,UBA2
KDM1A,SRSF2
KDM1A,PSEN1
KDM1A,TAF1
KDM1A,COPB1
KDM1A,TALDO1
KDM1A,SEC23A
KDM1A,CTCF
KDM1A,WDR5
KDM1A,TMEM59
KDM1A,SMARCA4
KDM1A,HDAC2
KDM1A,SETD1A
KDM1A,CARHSP1
KDM1A,SUPT5
KDM1A,HNRNPL
KDM1A,BCLAF3
KDM1A,COPA
KDM1A,SEC24D
KDM1A,ELL2
KDM1A,MAP1A
KDM1A,AEBP2
KDM1A,RBBP7
KDM1A,FUT8
KDM1A,TMEM30A
KDM1A,DR1
KDM1A,SLC35F5
KDM1A,TCOF1
KDM1A,RNF2
KDM1A,SETDB1
KDM1A,KMT2D
KDM1A,NRF1
KDM1A,CLCN5
KDM1A,AMPD2
KDM1A,HIP1
KDM1A,CBX2
KDM1A,ZFP281
KDM1A,SLC7A6
KDM1A,LAMP1
KDM1A,ILK
KDM1A,NFXL1
KDM1A,DNAJC3
KDM1A,DDX21
KDM1A,PLOD3
KDM1A,XRCC5
KDM1A,ITGB1
KDM1A,CBX5
KDM1A,ARFGAP1
KDM1A,ATP6V0E
KDM1A,PTP4A1
KDM1A,GALK1
KDM1A,GLO1
KDM1A,ARID3A
KDM1A,DARS
KDM1A,CDK7
KDM1A,OGT
KDM1A,CBX1
KDM1A,TRIM28
KDM1A,PHRF1
KDM1A,GSN
KDM1A,TXNDC12
KDM1A,ANO10
KDM1A,KMT2B
KDM1A,SMAD2
KDM1A,GNS
KDM1A,PHC1
KDM1A,CREB3
KDM1A,TMOD3
KDM1A,OAT
KDM1A,STT3A
KDM1A,PKNOX1
KDM1A,GDPD5
KDM1A,RAP1GDS1
KDM1A,GNB2
KDM1A,TET2
KDM1A,YY1
KDM1A,TAF2
KDM1A,SUPT6
KDM1A,SEC24A
KDM1A,MDN1
KDM1A,FBRSL1
KDM1A,TET3
KDM1A,CTR9
KDM1A,BTAF1
KDM1A,NCAPD3
KDM1A,FBXW8
KDM1A,DKC1
KDM1A,GGA2
KDM1A,ACBD3
KDM1A,PURB
KDM1A,RAB11A
KDM1A,SELENOM
KDM1A,KLHDC3
KDM1A,SELENOW
KDM1A,SMAD1
KDM1A,WDR82
KDM1A,LRPAP1
KDM1A,JUN
KDM1A,ZYX
KDM1A,MSL2
KDM1A,KDM6A
KDM1A,CBX3
KDM1A,NCAPH2
KDM1A,LMF2
KDM1A,VKORC1
KDM1A,TXNDC5
KDM1A,CNOT3
KDM1A,FNDC3B
KDM1A,IRF2BPL
KDM1A,RTN3
KDM1A,FZD5
KDM1A,RARA
KDM1A,RNF138
KDM1A,AKT1
KDM1A,AARS
KDM1A,CHD1
KDM1A,ZCCHC24
KDM1A,ARL8A
KDM1A,KLF2
KDM1A,RFFL
KDM1A,SMARCAD1
KDM1A,E2F1
KDM1A,APEX1
KDM1A,SNX2
KDM1A,TGFBR3
KDM1A,DICER1
KDM1A,DMAP1
KDM1A,FRMD4A
KDM1A,ELOB
KDM1A,BEND5
KDM1A,TFE3
KDM1A,SUPT16
KDM1A,IFITM1
KDM1A,AGPAT4
KDM1A,FRS2
KDM1A,SIK1
KDM1A,MPRIP
KDM1A,QSOX1
KDM1A,BRD4
KDM1A,GNPTAB
KDM1A,KAT8
KDM1A,MED12
KDM1A,PIPOX
KDM1A,RRAS2
KDM1A,SRI
KDM1A,NR4A1
KDM1A,NCOR1
KDM1A,TBRG1
KDM1A,XPNPEP1
KDM1A,CTSL
KDM1A,BMPR2
KDM1A,TMEM165
KDM1A,ZC3H11A
KDM1A,CCDC88C
KDM1A,CST3
KDM1A,ADAM19
KDM1A,ADAM23
KDM1A,PDIA6
KDM1A,GMNN
KDM1A,MAN1A2
KDM1A,LRRC58
KDM1A,DNMT3B
KDM1A,B2M
KDM1A,MTA2
KDM1A,SSR4
KDM1A,FBXO22
KDM1A,CDK9
KDM1A,ETV4
KDM1A,SMAD3
KDM1A,RAB2A
KDM1A,RIF1
KDM1A,HMGA1B
KDM1A,HMGA1
KDM1A,SETD7
KDM1A,PDIA5
KDM1A,SSR3
KDM1A,IER2
KDM1A,KDM2B
KDM1A,FGFR1
KDM1A,SDCBP
KDM1A,NASP
KDM1A,AMFR
KDM1A,ARHGAP29
KDM1A,PWP1
KDM1A,MCM2
KDM1A,SORD
KDM1A,KLF4
KDM1A,PLOD2
KDM1A,PDCD6IP
KDM1A,KDM5B
KDM1A,CPOX
KDM1A,KAT5
KDM1A,SUMO1
KDM1A,RPN2
KDM1A,GSR
KDM1A,RCOR1
KDM1A,SSRP1
KDM1A,EIF2S2
KDM1A,DAB2
KDM1A,ZFYVE21
KDM1A,RBBP5
KDM1A,TMBIM6
KDM1A,FN1
KDM1A,NIPSNAP1
KDM1A,FLRT3
KDM1A,KRTCAP2
KDM1A,PRDM15
KDM1A,REEP5
KDM1A,MAPKAPK2
KDM1A,SMC1A
KDM1A,SET
KDM1A,SURF4
KDM1A,CERS4
KDM1A,ZFP143
KDM1A,CREBBP
KDM1A,ZFP710
KDM1A,SPP1
KDM1A,EXT2
KDM1A,MAFK
KDM1A,TPD52
KDM1A,POU5F1
KDM1A,E2F4
KDM1A,UHRF1
KDM1A,MARC2
KDM1A,UTP14A
KDM1A,SEC11A
KDM1A,RANBP17
KDM1A,KLF5
KDM1A,GLIPR2
KDM1A,PITPNC1
KDM1A,CBX8
KDM1A,PAFAH1B3
KDM1A,TGIF1
KDM1A,GABBR1
KDM1A,MSL1
KDM1A,CTSZ
KDM1A,WDR11
KDM1A,ZFP819
KDM1A,TTC39B
KDM1A,DCLK2
KDM1A,TMEM150A
KDM1A,NONO
KDM1A,KDM2A
KDM1A,EP300
KDM1A,NAA10
KDM1A,GNG10
KDM1A,TMEM9B
KDM1A,PFKP
KDM1A,SLC39A7
KDM1A,FKBP9
KDM1A,ALDH2
KDM1A,UBQLN2
KDM1A,RETREG1
KDM1A,CDC16
KDM1A,HAP1
KDM1A,GCNT2
KDM1A,COTL1
KDM1A,LAMC1
KDM1A,ACP6
KDM1A,ITGA6
KDM1A,RAB3IL1
KDM1A,GGTA1
KDM1A,LY75
KDM1A,COMMD3
KDM1A,BAZ1A
KDM1A,PTPN14
KDM1A,REST
KDM1A,TBX3
KDM1A,TEX264
KDM1A,EPOP
KDM1A,WDR46
KDM1A,ITGAV
KDM1A,PTPN21
KDM1A,CBX7
KDM1A,USP7
KDM1A,TGIF2
KDM1A,NIPBL
KDM1A,HTATSF1
KDM1A,PRKAA2
KDM1A,TMED10
KDM1A,VAMP8
KDM1A,KDELR1
KDM1A,UBTF
KDM1A,ATRX
KDM1A,ZFX
KDM1A,SEMA4C
KDM1A,NACC1
KDM1A,N4BP3
KDM1A,ANP32A
KDM1A,SLC39A1
KDM1A,MYL6
KDM1A,MAN1A
KDM1A,GLMP
KDM1A,ADGRA2
KDM1A,ERF
KDM1A,GCNT1
KDM1A,PCOLCE
KDM1A,DRAM1
KDM1A,APOBEC3
KDM1A,LGALS3
KDM1A,LPAR2
KDM1A,CD63
KDM1A,EPAS1
KDM1A,XBP1
KDM1A,RARG
KDM1A,IFITM2
KDM1A,GABARAP
KDM1A,TCN2
KDM1A,P3H4
KDM1A,LDLRAP1
KDM1A,CHST15
KDM1A,VSIR
KDM1A,PHLDB2
KDM1A,ENOX1
KDM1A,FGD1
KDM1A,KCTD10
KDM1A,HDAC3
KDM1A,LAMB2
KDM1A,KDELC2
KDM1A,SLC39A8
KDM1A,PLOD1
KDM1A,MYCN
KDM1A,BAG2
KDM1A,JARID2
KDM1A,DOCK5
KDM1A,GFPT2
KDM1A,RBPMS2
KDM1A,CHD4
KDM1A,PRDX4
KDM1A,SHF
KDM1A,SPNS2
KDM1A,ALPL
KDM1A,CRYAB
KDM1A,SEPT1
KDM1A,MYMX
KDM1A,PHF19
KDM1A,LEO1
KDM1A,EFEMP2
KDM1A,MOB3B
KDM1A,ME1
KDM1A,GLDC
KDM1A,TUBB2B
KDM1A,GPC6
KDM1A,GLI2
KDM1A,B4GALNT4
KDM1A,ETV1
KDM1A,RCN3
KDM1A,HS3ST1
KDM1A,HSPG2
KDM1A,MOV10
KDM1A,COL27A1
KDM1A,TPM4
KDM1A,MYC
KDM1A,ZFP57
KDM1A,CTDSPL
KDM1A,FHDC1
KDM1A,LRP2
KDM1A,F3
KDM1A,NID1
KDM1A,COL18A1
KDM1A,PLAT
KDM1A,GSTA4
KDM1A,LYN
KDM1A,PCGF2
KDM1A,ALG13
KDM1A,FABP3
KDM1A,TFCP2L1
KDM1A,CAR2
KDM1A,CDH6
KDM1A,UPP1
KDM1A,ARF5
KDM1A,BMP1
KDM1A,TMEM144
KDM1A,RBMXL2
KDM1A,PATJ
KDM1A,LAMA1
KDM1A,OPLAH
KDM1A,ANXA4
KDM1A,LTBP4
KDM1A,TSPAN9
KDM1A,TCF15
KDM1A,SALL1
KDM1A,ST5
KDM1A,IGFBP2
KDM1A,LAMB1
KDM1A,FUT9
KDM1A,BMPER
KDM1A,P4HA2
KDM1A,COL4A2
KDM1A,COL4A1
KDM1A,CHCHD10
KDM1A,SERPING1
KDM1A,FAM129B
KDM1A,ZIC2
KDM1A,ZFHX3
KDM1A,MCAM
KDM1A,PCOLCE2
KDM1A,SFRP1
KDM1A,CMKLR1
KDM1A,HSD17B14
KDM1A,FBLIM1
KDM1A,FOXH1
KDM1A,IFI30
KDM1A,PRSS35
KDM1A,ZFP979
KDM1A,ZFP532
KDM1A,SOX2
KDM1A,ELL3
KDM1A,PDGFRA
KDM1A,ZFP42
KDM1A,JAM2
KDM1A,ARHGEF5
KDM1A,LRRC34
KDM1A,STARD10
KDM1A,2410141K09RIK
KDM1A,TDH
KDM1A,L1TD1
KDM1A,ERAS
KDM1A,SNURF
KDM1A,SNRPN
KDM1A,UTF1
KDM1A,STX3
KDM1A,GDF3
KDM1A,TET1
KDM1A,ILDR1
KDM1A,HSPB1
KDM1A,FGFR4
KDM1A,NOTCH4
KDM1A,FGF4
KDM1A,GATA4
KDM1A,FXYD6
KDM1A,ZIC3
KDM1A,SLC15A1
KDM1A,PLA2G1B
KDM1A,DUSP27
KDM1A,SLC7A3
KDM1A,OTX2
KDM1A,2200002D01RIK
KDM1A,DPPA2
KDM1A,TCL1
KDM1A,HSF2BP
KDM1A,NANOG
KDM1A,PTH1R
KDM1A,RPP25
KDM1A,TCEA3
KDM1A,PRDM14
KDM1A,CCND1
KDM1A,KRT8
KDM1A,NR0B1
KDM1A,EPHA1
KDM1A,DUSP9
KDM1A,NR5A2
KDM1A,NODAL
KDM1A,AU018091
KDM1A,LRRC2
KDM1A,BMP4
KDM1A,ZFP459
KDM2A,FBXO22
KDM2A,PSEN1
KDM2A,CLTC
KDM2A,COLGALT1
KDM2A,SMARCA5
KDM2A,APPBP2
KDM2A,AMFR
KDM2A,ARF4
KDM2A,EDEM1
KDM2A,ITGB1
KDM2A,BRD4
KDM2A,RAP1GDS1
KDM2A,RRBP1
KDM2A,ITGAV
KDM2A,PDIA5
KDM2A,RFFL
KDM2A,GLO1
KDM2A,RRAS2
KDM2A,KDM4C
KDM2A,KDELC2
KDM2A,KDM1A
KDM2A,NELFA
KDM2A,TPM4
KDM2A,PRDM15
KDM2A,TXNDC5
KDM2A,TMED10
KDM2A,FBRSL1
KDM2A,RPN2
KDM2A,NCAPD3
KDM2A,SAP30
KDM2A,BMPR2
KDM2A,PRKAA2
KDM2A,FRS2
KDM2A,ADAM10
KDM2A,LRRC59
KDM2A,GALNT7
KDM2A,FGFR1
KDM2A,SETD7
KDM2A,PCOLCE2
KDM2A,ZFHX3
KDM2A,CDK8
KDM2A,ZBTB44
KDM2A,REEP5
KDM2A,ZFP217
KDM2A,MSL2
KDM2A,LAMC1
KDM2A,CTCF
KDM2A,CPOX
KDM2A,CBX2
KDM2A,IGFBP2
KDM2A,MAN1A2
KDM2A,ZFP57
KDM2A,SMAD1
KDM2A,JAM2
KDM2A,DPY30
KDM2A,CHD1
KDM2A,ANK
KDM2A,TCF12
KDM2A,HDAC2
KDM2A,FKBP5
KDM2A,EXT2
KDM2A,PHC1
KDM2A,NUP210
KDM2A,DNAJC10
KDM2A,CRTC3
KDM2A,XBP1
KDM2A,RANBP17
KDM2A,DCLK2
KDM2A,SEC24D
KDM2A,PTP4A1
KDM2A,ME1
KDM2A,H13
KDM2A,BTAF1
KDM2A,RETREG1
KDM2A,PRDX1
KDM2A,LRRC58
KDM2A,SEC24A
KDM2A,SLC7A6
KDM2A,PURB
KDM2A,FUT8
KDM2A,TMEM9B
KDM2A,P3H2
KDM2A,ZFP143
KDM2A,DOCK5
KDM2A,RAB2A
KDM2A,MTA2
KDM2A,FBXW8
KDM2A,CDC42SE2
KDM2A,KMT2C
KDM2A,SUMO2
KDM2A,SMC3
KDM2A,CDC16
KDM2A,SOD1
KDM2A,MOB3B
KDM2A,MARC2
KDM2A,RBMXL2
KDM2A,BAG2
KDM2A,ASPH
KDM2A,PDIA6
KDM2A,GSR
KDM2A,FKBP9
KDM2A,DDOST
KDM2A,ARL8A
KDM2A,CALU
KDM2A,ADAM23
KDM2A,RNF138
KDM2A,CPD
KDM2A,ETV4
KDM2A,COMMD3
KDM2B,CALM1
KDM2B,MKRN1
KDM2B,FGFR1
KDM2B,TCF15
KDM2B,ADGRA2
KDM2B,TGFBR3
KDM2B,PDIA5
KDM2B,ZFHX3
KDM2B,TFRC
KDM2B,GORASP2
KDM2B,SSR1
KDM2B,SFRP1
KDM2B,SRSF2
KDM2B,GALNT7
KDM2B,ASPH
KDM2B,LRP2
KDM2B,P3H2
KDM2B,TTC39B
KDM2B,FHDC1
KDM2B,LAMA1
KDM2B,SMYD2
KDM2B,ETV4
KDM2B,PHC1
KDM2B,COL4A2
KDM2B,COL4A1
KDM2B,KLF5
KDM2B,NFXL1
KDM2B,SLC16A1
KDM2B,APP
KDM2B,SH3PXD2B
KDM2B,EDEM1
KDM2B,SS18
KDM2B,NOTUM
KDM2B,GPC6
KDM2B,CAR2
KDM2B,P3H1
KDM2B,FGF4
KDM2B,PRDX1
KDM2B,COBLL1
KDM2B,SMARCA5
KDM2B,UTF1
KDM2B,MAN1A
KDM2B,TPD52
KDM2B,ARHGAP29
KDM2B,SOX2
KDM2B,LYN
KDM2B,EP400
KDM2B,RBPMS2
KDM2B,L3MBTL3
KDM2B,ADAM10
KDM2B,RRAS2
KDM2B,CTBP2
KDM2B,PTH1R
KDM2B,COLGALT1
KDM2B,CRTC3
KDM2B,VAMP3
KDM2B,DNAJC3
KDM2B,DNMT3B
KDM2B,ABHD5
KDM2B,FKBP5
KDM2B,PDIA3
KDM2B,KDELC2
KDM2B,ARPC5
KDM2B,FNDC3B
KDM2B,MAN1A2
KDM2B,P3H4
KDM2B,ENOX1
KDM2B,FRMD4A
KDM2B,PURB
KDM2B,TXNDC5
KDM2B,CBX7
KDM2B,AMFR
KDM2B,TCF12
KDM2B,ITGA6
KDM2B,PXDN
KDM2B,KLF2
KDM2B,OBSL1
KDM2B,MAPK8
KDM2B,LRRC58
KDM2B,LAMB1
KDM2B,RANBP17
KDM2B,IGFBP2
KDM2B,ITGAV
KDM2B,REST
KDM2B,JUN
KDM2B,TPM4
KDM2B,NCAPD3
KDM2B,CBX1
KDM2B,RRN3
KDM2B,SEC24A
KDM2B,PATJ
KDM2B,RBMXL2
KDM2B,REEP5
KDM2B,DOCK5
KDM2B,EPOP
KDM2B,CPD
KDM2B,BMPER
KDM2B,CTSL
KDM2B,GDPD5
KDM2B,BAZ1B
KDM2B,SPNS2
KDM2B,GLIPR2
KDM2B,COL27A1
KDM2B,H13
KDM2B,B4GALNT4
KDM2B,NELFA
KDM2B,BMP1
KDM2B,GLDC
KDM2B,SLC7A6
KDM2B,RPN2
KDM2B,CDC42SE2
KDM2B,SHTN1
KDM2B,ALDH2
KDM2B,ALPL
KDM2B,NRF1
KDM2B,HDLBP
KDM2B,FBXO22
KDM2B,DUSP6
KDM2B,LAMC1
KDM2B,MSL2
KDM2B,P4HA2
KDM2B,LMNB1
KDM2B,GFPT2
KDM2B,DDOST
KDM2B,CBX2
KDM2B,IMPDH2
KDM2B,GGA2
KDM2B,APPBP2
KDM2B,CHST15
KDM2B,HSPA4
KDM2B,KDM2A
KDM2B,ZFP428
KDM2B,GTF2B
KDM2B,DCLK2
KDM2B,GSR
KDM2B,AEBP2
KDM2B,NCAPG
KDM2B,FGF3
KDM2B,KHDC3
KDM2B,ELL2
KDM2B,ME1
KDM2B,BTAF1
KDM2B,SELENOS
KDM2B,RAP1GDS1
KDM2B,EZH2
KDM2B,TIMP2
KDM2B,F3
KDM2B,ITGB1
KDM2B,SMAD3
KDM2B,PDCD6IP
KDM2B,P4HA1
KDM2B,KAT6B
KDM2B,THAP11
KDM2B,MTF2
KDM2B,CDH6
KDM2B,HS3ST1
KDM2B,CD63
KDM2B,CTDSPL
KDM2B,PITPNC1
KDM2B,RNF2
KDM2B,CCDC88C
KDM2B,PLOD2
KDM2B,STX3
KDM2B,AFF3
KDM2B,SMAD1
KDM2B,KDELR2
KDM2B,ZBTB44
KDM2B,BMPR2
KDM2B,SPOCK1
KDM2B,RPP25
KDM2B,GXYLT1
KDM2B,TMEM165
KDM2B,B2M
KDM2B,SETD7
KDM2B,OAT
KDM2B,SLC39A8
KDM2B,DPY30
KDM2B,ZIC2
KDM2B,TLE4
KDM2B,ESRRB
KDM2B,PDK1
KDM2B,DARS
KDM2B,FUT8
KDM2B,TET3
KDM2B,ARL8A
KDM2B,SDCBP
KDM2B,MOV10
KDM2B,TMEM9B
KDM2B,MSL1
KDM2B,GNA12
KDM2B,IER2
KDM2B,FAM114A1
KDM2B,RCOR1
KDM2B,MSH6
KDM2B,FBRSL1
KDM2B,SAP30
KDM2B,ETV5
KDM2B,TMED2
KDM2B,DAB2
KDM2B,SRSF1
KDM2B,RRBP1
KDM2B,MFSD1
KDM2B,SEC24D
KDM2B,RYBP
KDM2B,IRF2BPL
KDM2B,MARC2
KDM2B,EFEMP2
KDM2B,BRD4
KDM2B,KDM5B
KDM2B,CHD1
KDM2B,ANK
KDM2B,PRKAA2
KDM2B,CPOX
KDM2B,PARP1
KDM2B,TENM4
KDM2B,GFPT1
KDM2B,RETREG1
KDM2B,PARD6B
KDM2B,MAPKAPK2
KDM2B,ZYX
KDM2B,HEXIM1
KDM2B,EP300
KDM2B,PSEN1
KDM2B,MSH2
KDM2B,TMOD3
KDM2B,TIMP3
KDM2B,SRI
KDM2B,HSP90AA1
KDM2B,SETX
KDM2B,BAZ1A
KDM2B,DERL1
KDM2B,RAF1
KDM2B,ARF4
KDM2B,LRRC59
KDM2B,COTL1
KDM2B,SARAF
KDM2B,RAB11A
KDM2B,SEMA4C
KDM2B,DTX1
KDM2B,PTPN14
KDM2B,TMED3
KDM2B,HDAC3
KDM2B,USP16
KDM2B,PCGF2
KDM2B,YY1
KDM2B,MSX2
KDM2B,FKBP9
KDM2B,PCOLCE2
KDM2B,TFCP2L1
KDM2B,GCNT1
KDM2B,ACBD3
KDM2B,TAX1BP3
KDM2B,NCOR1
KDM2B,SOD1
KDM2B,CLTC
KDM2B,CBX3
KDM2B,ZCCHC24
KDM2B,DNAJC10
KDM2B,MVB12B
KDM2B,STARD10
KDM2B,GNPTAB
KDM2B,TRAM1
KDM2B,PHLDB2
KDM2B,TCEA3
KDM2B,CST3
KDM2B,BEND5
KDM2B,TET1
KDM2B,DRAM1
KDM2B,IHH
KDM2B,MAX
KDM2B,BASP1
KDM2B,KMT2D
KDM2B,ACTL6A
KDM2B,ADNP
KDM2B,KMT2C
KDM2B,MORC3
KDM2B,PTP4A1
KDM2B,DICER1
KDM2B,KANSL3
KDM2B,HDAC2
KDM2B,B4GALT1
KDM2B,PPIB
KDM2B,DR1
KDM2B,MRAS
KDM2B,ERF
KDM2B,CALR
KDM2B,FGFR4
KDM2B,KDM4C
KDM2B,SETDB1
KDM2B,STAT3
KDM2B,MYH9
KDM2B,MED26
KDM2B,UPP1
KDM2B,CDK8
KDM2B,COPB1
KDM2B,RAD23B
KDM2B,SOAT1
KDM2B,QSOX1
KDM2B,HAP1
KDM2B,MOB3B
KDM2B,SLC25A4
KDM2B,ERP29
KDM2B,RTN3
KDM2B,BRD9
KDM2B,PRKCE
KDM2B,MTA2
KDM2B,EIF2S2
KDM2B,KDM1A
KDM2B,ARHGEF28
KDM2B,ARFIP1
KDM2B,RAB2A
KDM2B,CDC16
KDM2B,GNAS
KDM2B,AKT1
KDM2B,CREBBP
KDM2B,EMP2
KDM2B,N4BP3
KDM2B,PARVA
KDM2B,ARID1A
KDM2B,NSL1
KDM2B,SMC3
KDM2B,GSN
KDM2B,CHD7
KDM2B,SMARCC1
KDM2B,ADAM19
KDM2B,ADAM23
KDM2B,GNG10
KDM2B,FST
KDM2B,UBQLN2
KDM2B,PAFAH1B3
KDM2B,XBP1
KDM2B,NACC1
KDM2B,APEX1
KDM2B,POLE4
KDM2B,USP28
KDM2B,TAF3
KDM2B,POFUT2
KDM2B,NR4A1
KDM2B,AP2A2
KDM2B,GNAI3
KDM2B,CREB3L2
KDM2B,TRIM28
KDM2B,BNC2
KDM2B,GNS
KDM2B,ARF1
KDM2B,COBL
KDM2B,ZFP57
KDM2B,TMEM150A
KDM2B,E2F1
KDM2B,E4F1
KDM2B,SUPT16
KDM2B,PLEKHF2
KDM2B,DTX3L
KDM2B,CLCN5
KDM2B,WDR11
KDM2B,NUP210
KDM2B,SUPT5
KDM2B,PRDM15
KDM2B,RNF138
KDM2B,CBFA2T2
KDM2B,NIPBL
KDM2B,RPN1
KDM2B,UBA2
KDM2B,WDR5
KDM2B,ZFP532
KDM2B,RBPJ
KDM2B,EVA1A
KDM2B,BAG2
KDM2B,MPRIP
KDM2B,TNKS
KDM2B,PHF19
KDM2B,SH3GLB1
KDM2B,IKBIP
KDM2B,APAF1
KDM2B,EPAS1
KDM2B,COMMD3
KDM2B,BMI1
KDM2B,UBTF
KDM2B,JAM2
KDM2B,ITPK1
KDM2B,GLI2
KDM2B,TEX264
KDM2B,CKAP4
KDM2B,COL18A1
KDM2B,CDC73
KDM2B,NMNAT2
KDM2B,USP7
KDM2B,NID1
KDM2B,NFYC
KDM2B,RXRA
KDM2B,ANO10
KDM2B,STAG1
KDM2B,FAM129B
KDM2B,PDE4DIP
KDM2B,P4HB
KDM2B,ZBTB2
KDM2B,FZD5
KDM2B,TM9SF3
KDM2B,PHRF1
KDM2B,JARID2
KDM2B,SMARCAD1
KDM2B,RIF1
KDM2B,FBXW8
KDM2B,KLF4
KDM2B,ZFP143
KDM2B,RFFL
KDM2B,EXT2
KDM2B,GATA4
KDM2B,ARPC2
KDM2B,CTCF
KDM2B,SIK1
KDM2B,GNB2
KDM2B,NODAL
KDM2B,NFYA
KDM2B,PKNOX1
KDM2B,ZFP217
KDM2B,SALL4
KDM2B,MYBL2
KDM2B,MAP1A
KDM2B,SUZ12
KDM2B,EED
KDM2B,SAP18
KDM2B,GTF3C1
KDM2B,ZFYVE21
KDM2B,TYRO3
KDM2B,RASGRP2
KDM2B,ARHGEF5
KDM2B,CEMIP
KDM2B,DAP
KDM2B,FN1
KDM2B,SUMO2
KDM2B,TBRG1
KDM2B,PDGFRA
KDM2B,SERBP1
KDM2B,TDG
KDM2B,SLC35F5
KDM2B,PTOV1
KDM2B,MAFK
KDM2B,FRS2
KDM2B,ATP6V0A1
KDM2B,WDR82
KDM2B,SMARCA4
KDM2B,HIP1
KDM2B,MPHOSPH8
KDM2B,LY75
KDM2B,HNF1B
KDM2B,HSPG2
KDM2B,CCND1
KDM2B,PRDM14
KDM2B,INO80
KDM2B,HSPB1
KDM2B,NR0B1
KDM2B,BAZ2A
KDM2B,LDLRAP1
KDM2B,LAMP1
KDM2B,MYLPF
KDM2B,SEC23A
KDM2B,FGF10
KDM2B,ATP6V0E
KDM2B,ARID3A
KDM2B,TMED10
KDM2B,ILK
KDM2B,CREB3
KDM2B,PTPN21
KDM2B,SUPT6
KDM2B,NPM1
KDM2B,CHCHD10
KDM2B,PDIA6
KDM2B,FABP3
KDM2B,ZFP281
KDM2B,ACP6
KDM2B,OSBP
KDM2B,CXXC1
KDM2B,CARHSP1
KDM2B,MCAM
KDM2B,TMEM30A
KDM2B,RAB3IL1
KDM2B,TET2
KDM2B,DDX21
KDM2B,FUT9
KDM2B,CLN6
KDM2B,SUMO1
KDM2B,HIRA
KDM2B,CDC5L
KDM2B,SMAD2
KDM2B,PWP1
KDM2B,PNP
KDM2B,ANP32A
KDM2B,FBLIM1
KDM2B,CNOT3
KDM2B,SNX2
KDM2B,RAD21
KDM2B,ILDR1
KDM2B,MYDGF
KDM2B,ZFP384
KDM2B,RARG
KDM2B,GALK1
KDM2B,ATF7IP
KDM2B,TBX3
KDM2B,L1TD1
KDM2B,ZFP819
KDM2B,MYC
KDM2B,SHF
KDM2B,KDM5A
KDM2B,ATRX
KDM2B,SNX7
KDM2B,KDM6A
KDM2B,FLRT3
KDM2B,NR5A2
KDM2B,GABBR1
KDM2B,PLOD1
KDM2B,GGTA1
KDM2B,SSRP1
KDM2B,RER1
KDM2B,SET
KDM2B,CTR9
KDM2B,TSPAN9
KDM2B,SSR3
KDM2B,CALU
KDM2B,ZFP710
KDM2B,ZIC3
KDM2B,TMEM59
KDM2B,NFYB
KDM2B,MBD3
KDM2B,CTSZ
KDM2B,GHR
KDM2B,KCTD10
KDM2B,SURF4
KDM2B,STAG2
KDM2B,KDELR3
KDM2B,SETD1A
KDM2B,OTX2
KDM2B,ELOB
KDM2B,SELENON
KDM2B,NCOR2
KDM2B,CHD4
KDM2B,KMT2B
KDM2B,HMGA1B
KDM2B,HMGA1
KDM2B,BSG
KDM2B,FOXA2
KDM2B,TGIF2
KDM2B,VKORC1
KDM2B,NASP
KDM2B,RDM1
KDM2B,DGCR8
KDM2B,RBBP7
KDM2B,SLC15A1
KDM2B,RARA
KDM2B,GLO1
KDM2B,SEC11A
KDM2B,DROSHA
KDM2B,ARFGAP1
KDM2B,LRPAP1
KDM2B,DUSP9
KDM2B,LGALS3
KDM2B,TMBIM6
KDM2B,VSIR
KDM2B,XPNPEP1
KDM2B,PLA2G15
KDM2B,RCC2
KDM2B,MEN1
KDM2B,AMPD2
KDM2B,SMARCA2
KDM2B,GMNN
KDM2B,HSP90AB1
KDM2B,NAA10
KDM2B,ARF5
KDM2B,TDH
KDM2B,CDK9
KDM2B,TMEM214
KDM2B,OSTC
KDM2B,BCLAF3
KDM2B,UHRF1
KDM2B,RBBP5
KDM2B,MED23
KDM2B,COPA
KDM2B,MBD2
KDM2B,VAMP8
KDM2B,PHF5A
KDM2B,TALDO1
KDM2B,TAF2
KDM2B,ANXA4
KDM2B,LTBP4
KDM2B,HNRNPL
KDM2B,SELENOM
KDM2B,HDAC1
KDM2B,LPAR2
KDM2B,NIPSNAP1
KDM2B,DDB1
KDM2B,TRH
KDM2B,CTSD
KDM2B,CBX5
KDM2B,MSL3
KDM2B,STT3A
KDM2B,SELENOW
KDM2B,PAF1
KDM2B,CERS4
KDM2B,MYCN
KDM2B,DAXX
KDM2B,TMED9
KDM2B,PFKP
KDM2B,ZFX
KDM2B,ZFP459
KDM2B,LEO1
KDM2B,SSR4
KDM2B,TUBB2B
KDM2B,TCF3
KDM2B,RUVBL1
KDM2B,OPLAH
KDM2B,TCL1
KDM2B,EPHA1
KDM2B,CHMP4B
KDM2B,PLOD3
KDM2B,SNURF
KDM2B,SNRPN
KDM2B,TBP
KDM2B,TXNDC12
KDM2B,FXYD6
KDM2B,FGD1
KDM2B,MYL6
KDM2B,MED1
KDM2B,ZFP322A
KDM2B,WDR46
KDM2B,HEATR1
KDM2B,MDN1
KDM2B,GOT1
KDM2B,MED12
KDM2B,HELB
KDM2B,2200002D01RIK
KDM2B,KLHDC3
KDM2B,GATA6
KDM2B,CBX8
KDM2B,RUVBL2
KDM2B,SIN3A
KDM2B,ASS1
KDM2B,E2F4
KDM2B,YEATS4
KDM2B,TCOF1
KDM2B,SALL1
KDM2B,ELL3
KDM2B,SLC9A6
KDM2B,TGOLN1
KDM2B,ALG13
KDM2B,PRDX4
KDM2B,MBNL2
KDM2B,NUCB1
KDM2B,AGPAT4
KDM2B,MYMX
KDM2B,METTL3
KDM2B,APOBEC3
KDM2B,SIRT6
KDM2B,SLC39A7
KDM2B,PCBD1
KDM2B,TMEM144
KDM2B,NCAPH2
KDM2B,LMF2
KDM2B,ZFP42
KDM2B,TGIF1
KDM2B,SOX17
KDM2B,KRTCAP2
KDM2B,COPG1
KDM2B,AARS
KDM2B,SERPINH1
KDM2B,KDM4A
KDM2B,MCM2
KDM2B,KRT17
KDM2B,ELL
KDM2B,GPX3
KDM2B,SORD
KDM2B,ST5
KDM2B,SLC39A1
KDM4A,PRDM15
KDM4A,MFSD1
KDM4A,ARHGAP29
KDM4A,WDR11
KDM4A,ATF7IP
KDM4A,QSOX1
KDM4A,DAB2
KDM4A,HDAC2
KDM4A,PLOD2
KDM4A,COTL1
KDM4A,SMARCA5
KDM4A,COBLL1
KDM4A,INO80
KDM4A,KCTD10
KDM4A,RAP1GDS1
KDM4A,CDK8
KDM4A,AFF3
KDM4A,HIP1
KDM4A,APP
KDM4A,SLC35F5
KDM4A,SELENOS
KDM4A,SOAT1
KDM4A,GNS
KDM4A,SH3GLB1
KDM4A,ABHD5
KDM4A,FHDC1
KDM4A,TMED3
KDM4A,SARAF
KDM4A,NFXL1
KDM4A,COL4A2
KDM4A,COL4A1
KDM4A,CAR2
KDM4A,SH3PXD2B
KDM4A,CDC16
KDM4A,SEC24D
KDM4A,TET3
KDM4A,TCF15
KDM4A,ZYX
KDM4A,TIMP3
KDM4A,OAT
KDM4A,FUT8
KDM4A,CTR9
KDM4A,ADGRA2
KDM4A,GCNT1
KDM4A,MAN1A2
KDM4A,F3
KDM4A,FGFR1
KDM4A,FBXW8
KDM4A,P3H2
KDM4A,ANK
KDM4A,NSL1
KDM4A,SELENOW
KDM4A,PWP1
KDM4A,BMPER
KDM4A,SHTN1
KDM4A,EDEM1
KDM4A,CHST15
KDM4A,ZFHX3
KDM4A,TMOD3
KDM4A,CBX2
KDM4A,P4HA1
KDM4A,N4BP3
KDM4A,MAN1A
KDM4A,TGFBR3
KDM4A,SLC39A8
KDM4A,PXDN
KDM4A,NMNAT2
KDM4A,PLA2G15
KDM4A,B2M
KDM4A,ASPH
KDM4A,COL27A1
KDM4A,ACTL6A
KDM4A,PRKAA2
KDM4A,ZFP322A
KDM4A,TSPAN9
KDM4A,MAPK8
KDM4C,RDM1
KDM4C,RAB11A
KDM4C,ACP6
KDM4C,PRDM15
KDM4C,SARAF
KDM4C,JARID2
KDM4C,GNA12
KDM4C,KANSL3
KDM4C,DMAP1
KDM4C,COPB1
KDM4C,FBXW8
KDM4C,SLC7A6
KDM4C,INO80
KDM4C,CPOX
KDM4C,CDC16
KDM4C,NSL1
KDM4C,H13
KDM4C,RPN2
KDM4C,GORASP2
KDM4C,SDCBP
KDM4C,DR1
KDM4C,SMARCAD1
KDM4C,PDCD6IP
KDM4C,CDK8
KDM4C,CDC73
KDM4C,ACTL6A
KDM4C,BTAF1
KDM4C,MED23
KDM4C,MPRIP
KDM4C,TMEM30A
KDM4C,EXT2
KDM4C,CRTC3
KDM4C,ATP6V0E
KDM4C,TNKS
KDM4C,PWP1
KDM4C,KMT2D
KDM4C,NELFA
KDM4C,TMEM9B
KDM4C,GNPTAB
KDM4C,PHRF1
KDM4C,DDOST
KDM4C,TAF2
KDM4C,NACC1
KDM4C,ACBD3
KDM4C,USP16
KDM4C,HDAC2
KDM4C,DGCR8
KDM4C,KDM1A
KDM4C,CDC42SE2
KDM4C,MARC2
KDM4C,HEATR1
KDM4C,SSR1
KDM4C,CHD1
KDM4C,KCTD10
KDM4C,AMFR
KDM4C,FRMD4A
KDM4C,CPD
KDM4C,RRBP1
KDM4C,F3
KDM4C,GNB2
KDM4C,GALNT7
KDM4C,SMARCA5
KDM4C,POFUT2
KDM4C,GGA2
KDM4C,LAMP1
KDM4C,COLGALT1
KDM4C,RRN3
KDM4C,VKORC1
KDM4C,MDN1
KDM4C,TMED10
KDM4C,ILK
KDM4C,ADAM10
KDM4C,DPY30
KDM4C,VAMP3
KDM4C,PDIA5
KDM4C,DNAJC3
KDM4C,GNS
KDM4C,ITGAV
KDM4C,LRRC59
KDM4C,DNAJC10
KDM4C,XPNPEP1
KDM4C,SEC24A
KDM4C,NCAPD3
KDM4C,SMAD2
KDM4C,SETD1A
KDM4C,WDR11
KDM4C,NFXL1
KDM4C,TMOD3
KDM4C,RER1
KDM4C,DARS
KDM4C,KDELR2
KDM4C,YEATS4
KDM4C,KDELC2
KDM4C,SMC3
KDM4C,PDIA6
KDM4C,GNAI3
KDM4C,STAG1
KDM4C,KMT2C
KDM4C,CXXC1
KDM4C,ABHD5
KDM4C,SS18
KDM4C,SEC11A
KDM4C,GXYLT1
KDM4C,TCF3
KDM4C,MYDGF
KDM4C,MBD2
KDM4C,HIRA
KDM4C,GTF2B
KDM4C,EP400
KDM4C,CALM1
KDM4C,P4HA1
KDM4C,GCNT1
KDM4C,RBBP5
KDM4C,CREBBP
KDM4C,TAF3
KDM4C,SIRT6
KDM4C,FRS2
KDM4C,SMYD2
KDM4C,RFFL
KDM4C,FNDC3B
KDM4C,ZFP384
KDM4C,PPIB
KDM4C,GTF3C1
KDM4C,ITGB1
KDM4C,FBXO22
KDM4C,MTF2
KDM4C,MAPKAPK2
KDM4C,TCF12
KDM4C,ARPC5
KDM4C,APP
KDM4C,PARD6B
KDM4C,QSOX1
KDM4C,CCDC88C
KDM4C,BRD4
KDM4C,LRRC58
KDM4C,MAN1A2
KDM4C,PARP1
KDM4C,TMEM165
KDM4C,MFSD1
KDM4C,SOAT1
KDM4C,MAX
KDM4C,STT3A
KDM4C,ARFIP1
KDM4C,TDG
KDM4C,ZFYVE21
KDM4C,SLC35F5
KDM4C,BRD9
KDM4C,RAB2A
KDM4C,DNMT3B
KDM4C,OAT
KDM4C,GLO1
KDM4C,TMEM214
KDM4C,MAPK8
KDM4C,GLIPR2
KDM4C,RNF2
KDM4C,SH3GLB1
KDM4C,CTR9
KDM4C,DDX21
KDM4C,CALU
KDM4C,CDK7
KDM4C,SELENOS
KDM4C,NRF1
KDM4C,RPN1
KDM4C,NUP210
KDM4C,DOCK5
KDM4C,ITGA6
KDM4C,RTN3
KDM4C,ZFP322A
KDM4C,PDK1
KDM4C,GNG10
KDM4C,FKBP5
KDM4C,E4F1
KDM4C,CLTC
KDM4C,CHD7
KDM4C,KDM2B
KDM4C,SUPT5
KDM4C,CBX8
KDM4C,ZFP281
KDM4C,ELL2
KDM4C,EDEM1
KDM4C,SOD1
KDM4C,OSBP
KDM4C,MSH2
KDM4C,SNX7
KDM4C,SEC24D
KDM4C,DDB1
KDM4C,COPA
KDM4C,COPG1
KDM4C,ARF4
KDM4C,SRI
KDM4C,RANBP17
KDM4C,SUPT6
KDM4C,HDLBP
KDM4C,NCAPG
KDM4C,RAP1GDS1
KDM4C,TALDO1
KDM4C,IKBIP
KDM4C,APAF1
KDM4C,AEBP2
KDM4C,TET3
KDM4C,E2F4
KDM4C,SAP30
KDM4C,KDM5A
KDM4C,COMMD3
KDM4C,SMAD1
KDM4C,APPBP2
KDM4C,ANXA4
KDM4C,STARD10
KDM4C,PHF5A
KDM4C,TGFBR3
KDM4C,OSTC
KDM4C,PDIA3
KDM4C,L3MBTL3
KDM4C,ASPH
KDM4C,TRAM1
KDM4C,KDELR1
KDM4C,CAR2
KDM4C,RBPJ
KDM4C,SUMO1
KDM4C,P3H1
KDM4C,AP2A2
KDM4C,BMPR2
KDM4C,MAN1A
KDM4C,RUVBL1
KDM4C,DAB2
KDM4C,RCOR1
KDM4C,NIPBL
KDM4C,HELB
KDM4C,ZYX
KDM4C,CDK9
KDM4C,MKRN1
KDM4C,LEO1
KDM4C,RAF1
KDM4C,SUZ12
KDM4C,STAT3
KDM4C,RNF138
KDM4C,BAG2
KDM4C,PNP
KDM4C,DCLK2
KDM4C,AARS
KDM4C,GMNN
KDM4C,DCTPP1
KDM4C,TRIM28
KDM4C,SUPT16
KDM4C,PSEN1
KDM4C,SMARCC1
KDM4C,UBA2
KDM4C,PAFAH1B3
KDM4C,CBFA2T2
KDM4C,SEC23A
KDM4C,GFPT1
KDM4C,ADNP
KDM4C,ZFHX3
KDM4C,TBP
KDM4C,DERL1
KDM4C,MOB3B
KDM4C,TXNDC5
KDM4C,EZH2
KDM4C,SELENON
KDM4C,MVB12B
KDM4C,HIP1
KDM4C,NCOR1
KDM4C,PKNOX1
KDM4C,CKAP4
KDM4C,PTP4A1
KDM4C,CBX2
KDM4C,MPHOSPH8
KDM4C,FBRSL1
KDM4C,PTPN21
KDM4C,NFYB
KDM4C,CBX1
KDM4C,DICER1
KDM4C,MED1
KDM4C,SLC16A1
KDM4C,RRAS2
KDM4C,E2F1
KDM4C,DAP
KDM4C,SELENOW
KDM4C,WDR5
KDM4C,FUT8
KDM4C,ARF1
KDM4C,PRKCE
KDM4C,WDR82
KDM4C,GALK1
KDM4C,SELENOM
KDM4C,PAF1
KDM4C,EED
KDM4C,RAD23B
KDM4C,TMEM59
KDM4C,N4BP3
KDM4C,TM9SF3
KDM4C,PRDX1
KDM4C,ARHGAP29
KDM4C,ZCCHC24
KDM4C,DPF2
KDM4C,SETX
KDM4C,DRAM1
KDM4C,KLF5
KDM4C,SNX2
KDM4C,ZBTB44
KDM4C,TSPAN9
KDM4C,CDC5L
KDM4C,SSRP1
KDM4C,NCOR2
KDM4C,CHMP4B
KDM4C,TBRG1
KDM4C,TGOLN1
KDM4C,FHDC1
KDM4C,CTCF
KDM4C,MYLPF
KDM4C,TMED2
KDM4C,PLA2G15
KDM4C,ERP29
KDM4C,ELL
KDM4C,LYN
KDM4C,KAT8
KDM4C,FAM129B
KDM4C,DTX3L
KDM4C,TAX1BP3
KDM4C,KAT5
KDM4C,MORC3
KDM4C,ARFGAP1
KDM4C,CREB3L2
KDM4C,B4GALT1
KDM4C,REEP5
KDM4C,ARHGAP1
KDM4C,GHR
KDM4C,ARL8A
KDM4C,PLOD3
KDM4C,LDLRAP1
KDM4C,RETREG1
KDM4C,PRKAA2
KDM4C,WDR46
KDM4C,PLEKHF2
KDM4C,EIF2S2
KDM4C,ANK
KDM4C,HS3ST1
KDM4C,CHST15
KDM4C,DROSHA
KDM4C,ADAM19
KDM4C,NCAPH2
KDM4C,LMF2
KDM4C,SMAD3
KDM4C,SORD
KDM4C,TET2
KDM4C,SRSF1
KDM4C,MSH6
KDM4C,KDELR3
KDM4C,TPD52
KDM4C,TEX264
KDM4C,MED26
KDM4C,SETD7
KDM4C,CNOT3
KDM4C,CBX3
KDM4C,SMARCA4
KDM4C,CLCN5
KDM4C,ME1
KDM4C,KDM4A
KDM4C,ETV4
KDM4C,EPOP
KDM4C,USP28
KDM4C,TLE4
KDM4C,PATJ
KDM4C,NFYC
KDM4C,CLN6
KDM4C,IMPDH2
KDM4C,THAP11
KDM4C,KDM2A
KDM4C,TFRC
KDM4C,SURF4
KDM4C,CTSL
KDM4C,AKT1
KDM4C,ARHGEF28
KDM4C,SSR4
KDM4C,NUCB1
KDM4C,MAP1A
KDM4C,SAP18
KDM4C,BMP1
KDM4C,ETV5
KDM4C,FAM114A1
KDM4C,ZFP428
KDM4C,TMED9
KDM4C,CALR
KDM4C,CD63
KDM4C,CTSZ
KDM4C,METTL3
KDM4C,GDPD5
KDM4C,MSL2
KDM4C,SUMO2
KDM4C,GABARAP
KDM4C,LAMC1
KDM4C,B2M
KDM4C,TIMP2
KDM4C,APEX1
KDM4C,KMT2B
KDM4C,TMBIM6
KDM4C,GNAS
KDM4C,MTA2
KDM4C,CST3
KDM4C,NIPSNAP1
KDM4C,TCOF1
KDM4C,YY1
KDM4C,EP300
KDM4C,SLC25A4
KDM4C,LRPAP1
KDM4C,STX3
KDM4C,PURB
KDM4C,KAT6B
KDM4C,BAZ1A
KDM4C,ANO10
KDM4C,P4HB
KDM4C,POLE4
KDM4C,SH3PXD2B
KDM4C,NASP
KDM4C,PTOV1
KDM4C,BMI1
KDM4C,KDM5B
KDM4C,COBLL1
KDM4C,KRTCAP2
KDM4C,SLC39A8
KDM4C,SSR3
KDM4C,MRAS
KDM4C,SLC39A1
KDM4C,COL27A1
KDM4C,MSL1
KDM4C,SETDB1
KDM4C,VSIR
KDM4C,DAXX
KDM4C,KLHDC3
KDM4C,RAD21
KDM4C,BAZ1B
KDM4C,MCRS1
KDM4C,LMNB1
KDM4C,LRP2
KDM4C,NFYA
KDM4C,SRSF2
KDM4C,ATP6V0A1
KDM4C,PXDN
KDM4C,SEMA4C
KDM4C,COTL1
KDM4C,COL4A2
KDM4C,COL4A1
KDM4C,MMGT1
KDM4C,ZBTB2
KDM4C,HDAC3
KDM4C,REST
KDM4C,HSP90AB1
KDM4C,HSP90AA1
KDM4C,NAA10
KDM4C,AFF3
KDM4C,P4HA2
KDM4C,HSPA4
KDM4C,XRCC5
KDM4C,GSR
KDM4C,ENOX1
KDM4C,TMED3
KDM4C,FGFR1
KDM4C,ARID3A
KDM4C,ARPC2
KDM4C,KDM6A
KDM4C,P3H4
KDM4C,CREB3
KDM4C,RXRA
KDM4C,GSN
KDM4C,MYL6
KDM4C,ELOB
KDM4C,PHF19
KDM4C,P3H2
KDM4C,BSG
KDM4C,TAF1
KDM4C,ITPK1
KDM4C,EHMT2
KDM4C,SMARCA2
KDM4C,MOV10
KDM4C,ADGRA2
KDM4C,BRD2
KDM4C,ZC3H11A
KDM4C,UBQLN2
KDM4C,ARF5
KDM4C,TPM4
KDM4C,FUT9
KDM4C,MYH9
KDM4C,BMPER
KDM4C,ARID1A
KDM4C,XBP1
KDM4C,TMEM144
KDM4C,GOT1
KDM4C,BAZ2A
KDM4C,HTATSF1
KDM4C,PLOD2
KDM4C,SLC9A6
KDM4C,PITPNC1
KDM4C,ZFP217
KDM4C,LAMA1
KDM4C,RYBP
KDM4C,CARHSP1
KDM4C,ALDH2
KDM4C,HDAC1
KDM4C,BNC2
KDM4C,LPAR2
KDM4C,BCLAF3
KDM4C,PHLDB2
KDM4C,NPM1
KDM4C,SIK1
KDM4C,PCOLCE2
KDM4C,TGIF2
KDM4C,RASGRP2
KDM4C,CTBP2
KDM4C,TCN2
KDM4C,OBSL1
KDM4C,SIN3A
KDM4C,TFCP2L1
KDM4C,TCF15
KDM4C,MAFK
KDM4C,RUVBL2
KDM4C,PTPN14
KDM4C,MED12
KDM4C,FKBP9
KDM4C,BEND5
KDM4C,LY75
KDM4C,ATRX
KDM4C,SMC1A
KDM4C,EPAS1
KDM4C,AMPD2
KDM4C,ADAM23
KDM4C,PLOD1
KDM4C,SHTN1
KDM4C,PCGF2
KDM4C,NOTUM
KDM4C,GLDC
KDM4C,CTSD
KDM4C,PFKP
KDM4C,TXNDC12
KDM4C,RBMXL2
KDM4C,GABBR1
KDM4C,MEN1
KDM4C,GFPT2
KDM4C,SFRP1
KDM4C,ATF7IP
KDM4C,JUN
KDM4C,TTC39B
KDM4C,RPP25
KDM4C,GLI1
KDM4C,UHRF1
KDM4C,VAMP8
KDM4C,CTDSPL
KDM4C,FGF3
KDM4C,RAB3IL1
KDM4C,SPNS2
KDM4C,PHC1
KDM4C,PDGFRA
KDM4C,EPHA1
KDM4C,SLC39A7
KDM4C,TIMP3
KDM4C,2410141K09RIK
KDM4C,TENM4
KDM4C,NID1
KDM4C,IGFBP2
KDM4C,GPC6
KDM4C,GLI2
KDM4C,PTH1R
KDM4C,FST
KDM4C,KLF4
KDM4C,SERBP1
KDM4C,SPOCK1
KDM4C,ZFP459
KDM4C,TFE3
KDM4C,HSPG2
KDM4C,ZIC2
KDM4C,PRSS35
KDM4C,ANP32A
KDM4C,ZFP710
KDM4C,JAM2
KDM4C,MBNL2
KDM4C,ZFX
KDM4C,TMEM150A
KDM4C,GGTA1
KDM4C,MSL3
KDM4C,FGF10
KDM4C,RBPMS2
KDM4C,SHF
KDM4C,ALPL
KDM4C,ZFP979
KDM4C,TYRO3
KDM4C,ZFP990
KDM4C,UTP14A
KDM4C,MYC
KDM4C,ZFP143
KDM4C,DUSP6
KDM4C,EMP2
KDM4C,PRDX4
KDM4C,ZFP57
KDM4C,PDE4DIP
KDM4C,MSX2
KDM4C,EFEMP2
KDM4C,CHD4
KDM4C,ILDR1
KDM4C,STAG2
KDM4C,GPX3
KDM4C,CDH6
KDM4C,ZFP819
KDM4C,SPP1
KDM4C,BASP1
KDM4C,UTF1
KDM4C,ESRRB
KDM4C,2200002D01RIK
KDM4C,PARVA
KDM4C,COBL
KDM4C,TET1
KDM4C,CCND1
KDM4C,EVA1A
KDM4C,CBX5
KDM4C,SALL4
KDM4C,B4GALNT4
KDM4C,FLRT3
KDM4C,ARHGEF5
KDM4C,ASS1
KDM4C,NMNAT2
KDM4C,FGFR4
KDM4C,SOX2
KDM4C,FGD1
KDM4C,LAMB1
KDM4C,GATA4
KDM4C,FOXA2
KDM4C,HAP1
KDM4C,SERPING1
KDM4C,ELL3
KDM4C,COL18A1
KDM4C,NR0B1
KDM4C,CERS4
KDM4C,TCEA3
KDM4C,ETV1
KDM4C,AGPAT4
KDM4C,MCAM
KDM4C,FABP3
KDM4C,CHCHD10
KDM4C,FN1
KDM4C,DUSP9
KDM4C,CEMIP
KDM4C,PCBD1
KDM4C,LAMB2
KDM4C,OPLAH
KDM4C,TDH
KDM4C,HCFC1
KDM4C,SRGN
KDM4C,IHH
KDM4C,HNF1B
KDM4C,SLC15A1
KDM4C,LTBP4
KDM4C,SNURF
KDM4C,SNRPN
KDM4C,RARG
KDM4C,PLAT
KDM4C,GATA6
KDM4C,KHDC3
KDM4C,L1TD1
KDM4C,NODAL
KDM4C,FOXH1
KDM5A,KAT8
KDM5A,NSL1
KDM5A,FBXW8
KDM5A,PHF5A
KDM5A,MED23
KDM5A,TBP
KDM5A,MED1
KDM5A,RUVBL2
KDM5A,MYDGF
KDM5A,SUPT6
KDM5A,TAF2
KDM5A,PAF1
KDM5A,YEATS4
KDM5A,TGOLN1
KDM5A,DDOST
KDM5A,NCAPH2
KDM5A,LMF2
KDM5A,EZH2
KDM5A,DMAP1
KDM5A,WDR46
KDM5A,RER1
KDM5A,RBBP5
KDM5A,PTPN21
KDM5A,GLMP
KDM5A,WDR11
KDM5A,MTF2
KDM5A,KMT2B
KDM5A,HEATR1
KDM5A,RUVBL1
KDM5A,TAF3
KDM5A,PURB
KDM5A,KCTD10
KDM5A,SMARCAD1
KDM5A,POLE4
KDM5A,KAT5
KDM5A,TMEM30A
KDM5A,MDN1
KDM5A,MCRS1
KDM5A,COPG1
KDM5A,SUMO1
KDM5A,HTATSF1
KDM5A,SIRT6
KDM5A,ARHGAP1
KDM5A,NCAPD3
KDM5A,COPA
KDM5A,PWP1
KDM5A,MMGT1
KDM5A,MFSD1
KDM5A,USP16
KDM5A,NELFA
KDM5A,TNKS
KDM5A,PPIB
KDM5A,HIRA
KDM5A,FBXO22
KDM5A,TAF1
KDM5A,SUPT5
KDM5A,POFUT2
KDM5A,NCAPG
KDM5A,ACTL6A
KDM5A,TAX1BP3
KDM5A,HDLBP
KDM5A,TMED9
KDM5A,SELENOM
KDM5A,SRSF1
KDM5A,XRCC5
KDM5A,ELL
KDM5A,RRN3
KDM5A,HIRIP3
KDM5A,CDC16
KDM5A,APEX1
KDM5A,ZFP384
KDM5A,SEC11A
KDM5A,ARFGAP1
KDM5A,PHRF1
KDM5A,DDX21
KDM5A,PLOD3
KDM5A,DROSHA
KDM5A,EP400
KDM5A,STT3A
KDM5A,PDCD6IP
KDM5A,VKORC1
KDM5A,UTP14A
KDM5A,DPY30
KDM5A,BRD9
KDM5A,DPF2
KDM5A,GTF2B
KDM5A,YY1
KDM5A,SLC39A7
KDM5A,E2F4
KDM5A,CDK7
KDM5A,TMEM59
KDM5A,DNAJC10
KDM5A,SSRP1
KDM5A,GNAI3
KDM5A,SETDB1
KDM5A,SARAF
KDM5A,DDB1
KDM5A,GORASP2
KDM5A,APPBP2
KDM5A,SAP18
KDM5A,DARS
KDM5A,ATP6V0A1
KDM5A,LAMP1
KDM5A,SSR4
KDM5A,TMED2
KDM5A,H13
KDM5A,GLO1
KDM5A,ACBD3
KDM5A,VAMP3
KDM5A,RAF1
KDM5A,CDK8
KDM5A,NFYC
KDM5A,CREB3
KDM5A,SRSF2
KDM5A,TMEM214
KDM5A,CTSD
KDM5A,TCOF1
KDM5A,SEC24A
KDM5A,FBRSL1
KDM5A,E4F1
KDM5A,ARPC2
KDM5A,SERBP1
KDM5A,PARD6B
KDM5A,PLA2G15
KDM5A,SLC35F5
KDM5A,RAB11A
KDM5A,MYL6
KDM5A,HSPA4
KDM5A,CALR
KDM5A,CDC42SE2
KDM5A,ARF4
KDM5A,NAA10
KDM5A,SUMO2
KDM5A,PSEN1
KDM5A,TET2
KDM5A,SMARCA5
KDM5A,CTCF
KDM5A,ADAM23
KDM5A,IKBIP
KDM5A,APAF1
KDM5A,LRRC59
KDM5A,OGT
KDM5A,ZFX
KDM5A,GNB2
KDM5A,2410141K09RIK
KDM5A,HSF2BP
KDM6A,DMAP1
KDM6A,DDOST
KDM6A,MED23
KDM6A,NSL1
KDM6A,ARHGAP1
KDM6A,RBBP5
KDM6A,CDC16
KDM6A,KCTD10
KDM6A,RUVBL1
KDM6A,PTPN21
KDM6A,FBXW8
KDM6A,WDR11
KDM6A,TBP
KDM6A,CHMP4B
KDM6A,HIRA
KDM6A,TMED2
KDM6A,ATP6V0A1
KDM6A,XRCC5
KDM6A,MAX
KDM6A,ACTL6A
KDM6A,MTF2
KDM6A,FBXO22
KDM6A,TMEM30A
KDM6A,KDM5A
KDM6A,ZC3H11A
KDM6A,WDR46
KDM6A,NELFA
KDM6A,ZFP384
KDM6A,NFXL1
KDM6A,GNB2
KDM6A,THAP11
KDM6A,EIF2S2
KDM6A,PDCD6IP
KDM6A,TCF3
KDM6A,HIRIP3
KDM6A,SEC24A
KDM6A,TMED9
KDM6A,KMT2B
KDM6A,YY1
KDM6A,MYLPF
KDM6A,ZFP143
KDM6A,NCOR1
KDM6A,SERBP1
KDM6A,HSPA4
KDM6A,TMED10
KDM6A,DARS
KDM6A,SUPT5
KDM6A,TMEM214
KDM6A,MEN1
KDM6A,RDM1
KDM6A,OSBP
KDM6A,STT3A
KDM6A,TCOF1
KDM6A,COPA
KDM6A,CXXC1
KDM6A,PPIB
KDM6A,CBX5
KDM6A,CALU
KDM6A,MSH6
KDM6A,PDIA5
KDM6A,CREB3
KDM6A,DERL1
KDM6A,PHC1
KDM6A,SSR3
KDM6A,RBPJ
KDM6A,HDAC2
KDM6A,SMARCA5
KDM6A,CDK8
KDM6A,NR5A2
KDM6A,UPP1
KDM6A,CPOX
KDM6A,RIF1
KDM6A,SPP1
KDM6A,UHRF1
KDM6A,ZFP819
KDM6A,ITPK1
KDM6A,TSPAN9
KDM6A,FOXH1
KDM6A,TFE3
KLF4,ASS1
KLF4,HSP90AA1
KLF4,FBXW8
KLF4,MBD2
KLF4,BRD9
KLF4,SH3GLB1
KLF4,FBRSL1
KLF4,VKORC1
KLF4,LGALS3
KLF4,RUVBL2
KLF4,CLTC
KLF4,LMNB1
KLF4,CDC42SE2
KLF4,LAMP1
KLF4,SETX
KLF4,RFFL
KLF4,LAMC1
KLF4,RIF1
KLF4,LDLRAP1
KLF4,TGIF2
KLF4,LAMB2
KLF4,HSP90AB1
KLF4,RAB11A
KLF4,SET
KLF4,RYBP
KLF4,HDLBP
KLF4,GSR
KLF4,REEP5
KLF4,MTF2
KLF4,CTR9
KLF4,SLC16A1
KLF4,TBRG1
KLF4,MAPK8
KLF4,MAFK
KLF4,USP28
KLF4,TEX264
KLF4,NCAPG
KLF4,ILK
KLF4,PPIB
KLF4,BSG
KLF4,POLE4
KLF4,RER1
KLF4,DAP
KLF4,PDK1
KLF4,VAMP3
KLF4,PKNOX1
KLF4,NCAPH2
KLF4,LMF2
KLF4,MFSD1
KLF4,TMEM150A
KLF4,POFUT2
KLF4,DARS
KLF4,ZBTB2
KLF4,CALR
KLF4,CHCHD10
KLF4,CREB3
KLF4,MAPKAPK2
KLF4,ZFP42
KLF4,MAP1A
KLF4,GABARAP
KLF4,ADAM10
KLF4,ITGB1
KLF4,DDB1
KLF4,ANO10
KLF4,TCOF1
KLF4,MAX
KLF4,TUBB2B
KLF4,PTPN14
KLF4,CBFA2T2
KLF4,NR5A2
KLF4,TMEM30A
KLF4,SERPING1
KLF4,PCOLCE2
KLF4,GNB2
KLF4,ACBD3
KLF4,SRSF2
KLF4,TGOLN1
KLF4,B4GALT1
KLF4,CALM1
KLF4,CBX5
KLF4,GXYLT1
KLF4,MED23
KLF4,TDGF1
KLF4,ARPC5
KLF4,NID1
KLF4,ZFP384
KLF4,MSH6
KLF4,SDCBP
KLF4,SMAD2
KLF4,MED26
KLF4,FKBP9
KLF4,CST3
KLF4,GNAI3
KLF4,PLEKHF2
KLF4,PIPOX
KLF4,PWP1
KLF4,MORC3
KLF4,FHDC1
KLF4,PRDM15
KLF4,GNA12
KLF4,NFYB
KLF4,CPD
KLF4,ATP6V0E
KLF4,KDM2A
KLF4,MYH9
KLF4,PRDX1
KLF4,MCRS1
KLF4,GSN
KLF4,MYMX
KLF4,KRT8
KLF4,ARHGAP1
KLF4,ZFP143
KLF4,DRAM1
KLF4,KCTD10
KLF4,ETV1
KLF4,AMPD2
KLF4,COLGALT1
KLF4,CARHSP1
KLF4,ZCCHC24
KLF4,CKAP4
KLF4,ARL8A
KLF4,IKBIP
KLF4,APAF1
KLF4,CTCF
KLF4,TLE4
KLF4,ARID3A
KLF4,CD63
KLF4,ARHGAP29
KLF4,SEC23A
KLF4,CBX3
KLF4,KLF5
KLF4,2200002D01RIK
KLF4,THAP11
KLF4,DNAJC10
KLF4,PSEN1
KLF4,GCNT2
KLF4,FAM129B
KLF4,RARG
KLF4,RAB3IL1
KLF4,KDM2B
KLF4,INO80
KLF4,GLIPR2
KLF4,DMAP1
KLF4,DGCR8
KLF4,TBP
KLF4,CHD1
KLF4,SEC11A
KLF4,YY1
KLF4,MSL2
KLF4,OPLAH
KLF4,BMPR2
KLF4,APPBP2
KLF4,BAZ1B
KLF4,E4F1
KLF4,HIRA
KLF4,NSL1
KLF4,CDK7
KLF4,APEX1
KLF4,TCF3
KLF4,RAF1
KLF4,ADNP
KLF4,GALK1
KLF4,CALU
KLF4,YEATS4
KLF4,NOTCH4
KLF4,IER2
KLF4,RETREG1
KLF4,DPY30
KLF4,GABBR1
KLF4,ZFP819
KLF4,ERP29
KLF4,PHC1
KLF4,EDEM1
KLF4,RAB2A
KLF4,ARF4
KLF4,NFYA
KLF4,ARPC2
KLF4,TAX1BP3
KLF4,TMOD3
KLF4,DR1
KLF4,ASPH
KLF4,CERS4
KLF4,RDM1
KLF4,RTN3
KLF4,NFYC
KLF4,PDIA6
KLF4,MDN1
KLF4,PRDX4
KLF4,PATJ
KLF4,SETD7
KLF4,FKBP5
KLF4,DNMT3B
KLF4,L1TD1
KLF4,TRIM28
KLF4,RANBP17
KLF4,DDOST
KLF4,CDK9
KLF4,REST
KLF4,IMPDH2
KLF4,BRD2
KLF4,LEO1
KLF4,SEC24A
KLF4,RNF2
KLF4,LRRC59
KLF4,HELB
KLF4,RBPMS2
KLF4,PARP1
KLF4,PHRF1
KLF4,FRMD4A
KLF4,SURF4
KLF4,ZBTB44
KLF4,MPHOSPH8
KLF4,RAD23B
KLF4,NACC1
KLF4,ELOB
KLF4,EP300
KLF4,CTDSPL
KLF4,ME1
KLF4,ARF1
KLF4,IRF2BPL
KLF4,XPNPEP1
KLF4,HSPB1
KLF4,SMARCC1
KLF4,MYLPF
KLF4,KANSL3
KLF4,ERF
KLF4,ZFHX3
KLF4,MYBL2
KLF4,ARHGEF28
KLF4,SAP30
KLF4,LRPAP1
KLF4,STAT3
KLF4,ELL
KLF4,PHF5A
KLF4,TFCP2L1
KLF4,TPM4
KLF4,ITGA6
KLF4,FZD5
KLF4,TNKS
KLF4,NFXL1
KLF4,ZFP217
KLF4,CXXC1
KLF4,RNF138
KLF4,RBPJ
KLF4,AU018091
KLF4,CTSD
KLF4,CREBBP
KLF4,DNAJC3
KLF4,RBBP7
KLF4,AGPAT4
KLF4,OGT
KLF4,SIRT6
KLF4,SUPT5
KLF4,TCF12
KLF4,SMARCA4
KLF4,P3H1
KLF4,MBD3
KLF4,CDC73
KLF4,SOD1
KLF4,TMED3
KLF4,RBBP5
KLF4,SAP18
KLF4,TFRC
KLF4,PFKP
KLF4,CREB3L2
KLF4,KDM4C
KLF4,SFRP1
KLF4,RARA
KLF4,AEBP2
KLF4,SUMO2
KLF4,SH3PXD2B
KLF4,TAF3
KLF4,NASP
KLF4,SRI
KLF4,RRBP1
KLF4,SSR1
KLF4,EZH2
KLF4,KMT2C
KLF4,UHRF1
KLF4,TSPAN9
KLF4,UPP1
KLF4,HMGA1
KLF4,E2F1
KLF4,PRSS35
KLF4,AMFR
KLF4,PTP4A1
KLF4,WDR82
KLF4,SMARCA5
KLF4,SLC25A4
KLF4,ARHGEF5
KLF4,HSPA4
KLF4,KDM5B
KLF4,ABHD5
KLF4,TDH
KLF4,EP400
KLF4,TXNDC5
KLF4,NELFA
KLF4,CDC16
KLF4,SIN3A
KLF4,HEXIM1
KLF4,SELENOS
KLF4,STAG1
KLF4,TMEM9B
KLF4,PLOD2
KLF4,GCNT1
KLF4,XBP1
KLF4,TMEM165
KLF4,SERPINH1
KLF4,COBLL1
KLF4,GMNN
KLF4,PDIA3
KLF4,METTL3
KLF4,SARAF
KLF4,RAD21
KLF4,GNPTAB
KLF4,HMGA1B
KLF4,CDC5L
KLF4,KDM5A
KLF4,MTA2
KLF4,LRRC34
KLF4,P4HA2
KLF4,BEND5
KLF4,KLHDC3
KLF4,FBXO22
KLF4,ZFP710
KLF4,PLA2G15
KLF4,GFPT1
KLF4,RAP1GDS1
KLF4,MARC2
KLF4,P4HA1
KLF4,PAFAH1B3
KLF4,CHMP4B
KLF4,SUPT16
KLF4,ZFYVE21
KLF4,PURB
KLF4,JARID2
KLF4,SRSF1
KLF4,SMAD1
KLF4,ITPK1
KLF4,XRCC5
KLF4,PCOLCE
KLF4,MAN1A
KLF4,KAT6B
KLF4,NUP210
KLF4,ELL2
KLF4,P4HB
KLF4,TCEA3
KLF4,SEMA4C
KLF4,CLN6
KLF4,NANOG
KLF4,COBL
KLF4,STT3A
KLF4,TMEM59
KLF4,BMI1
KLF4,NPM1
KLF4,PNP
KLF4,ETV5
KLF4,TPD52
KLF4,DCLK2
KLF4,LRRC58
KLF4,TALDO1
KLF4,BTAF1
KLF4,ANXA4
KLF4,FGFR4
KLF4,HSPG2
KLF4,GGTA1
KLF4,ALDH2
KLF4,KDM6A
KLF4,CBX8
KLF4,MED1
KLF4,KMT2B
KLF4,FAM114A1
KLF4,FRS2
KLF4,PDIA5
KLF4,SETD1A
KLF4,HDAC2
KLF4,N4BP3
KLF4,RCOR1
KLF4,ZFP322A
KLF4,RPN2
KLF4,MAN1A2
KLF4,FABP3
KLF4,CTSZ
KLF4,ELL3
KLF4,TBX3
KLF4,KRTCAP2
KLF4,B2M
KLF4,TAF2
KLF4,WDR5
KLF4,SMYD2
KLF4,SLC7A6
KLF4,LAMA1
KLF4,PLAT
KLF4,NR4A1
KLF4,KAT5
KLF4,RCC2
KLF4,ETV4
KLF4,SUPT6
KLF4,PRKAA2
KLF4,MSL1
KLF4,F3
KLF4,UBA2
KLF4,CBX2
KLF4,PLOD1
KLF4,BAG2
KLF4,ITGAV
KLF4,SOAT1
KLF4,SUZ12
KLF4,NCOR1
KLF4,FBLIM1
KLF4,SPP1
KLF4,SELENOW
KLF4,GDPD5
KLF4,ZFP281
KLF4,RXRA
KLF4,MRAS
KLF4,PLOD3
KLF4,SALL4
KLF4,TET3
KLF4,IFI30
KLF4,CCDC88C
KLF4,RPN1
KLF4,ADAM23
KLF4,TRAM1
KLF4,TCL1
KLF4,POU5F1
KLF4,UBTF
KLF4,MKRN1
KLF4,MCAM
KLF4,PARD6B
KLF4,CBX1
KLF4,GLO1
KLF4,TCN2
KLF4,NRF1
KLF4,SPNS2
KLF4,ILDR1
KLF4,RPP25
KLF4,COL18A1
KLF4,LRP2
KLF4,GFPT2
KLF4,CAR2
KLF4,LAMB1
KLF4,ADGRA2
KLF4,FOXH1
KLF4,STARD10
KLF4,NODAL
KLF4,IFITM1
KLF4,PTH1R
KLF4,TYRO3
KLF4,BASP1
KLF4,TIMP3
KLF4,DPPA2
KLF4,PCGF2
KLF4,GSTA4
KLF4,RASGRP2
KLF4,QSOX1
KLF4,TET2
KLF4,PCBD1
KLF4,SALL1
KLF4,HSD17B14
KLF4,SEPT1
KLF4,JAM2
KLF4,PTK6
KLF5,NELFA
KLF5,LAMP1
KLF5,MDN1
KLF5,SLC35F5
KLF5,CHMP4B
KLF5,HDLBP
KLF5,TBP
KLF5,ASS1
KLF5,PHF5A
KLF5,RIF1
KLF5,FBXW8
KLF5,HSP90AB1
KLF5,MBD2
KLF5,PURB
KLF5,GNB2
KLF5,PWP1
KLF5,NCAPH2
KLF5,LMF2
KLF5,CLTC
KLF5,GNAS
KLF5,CALM1
KLF5,SALL4
KLF5,CTCF
KLF5,POU5F1
KLF5,LAMB2
KLF5,BRD9
KLF5,BRD2
KLF5,VAMP3
KLF5,MTF2
KLF5,SMARCAD1
KLF5,NANOG
KLF5,RARA
KLF5,TCEA3
KLF5,SH3GLB1
KLF5,LMNB1
KLF5,HTATSF1
KLF5,LGALS3
KLF5,POFUT2
KLF5,MYMX
KLF5,ZFP819
KLF5,KMT2B
KLF5,CPOX
KLF5,MAP1A
KLF5,TEX264
KLF5,SPP1
KLF5,PATJ
KLF5,TCF3
KLF5,UPP1
KLF5,GABBR1
KLF5,TMOD3
KLF5,YEATS4
KLF5,TUBB2B
KLF5,ERF
KLF5,PHC1
KLF5,NOTCH4
KLF5,TGOLN1
KLF5,SARAF
KLF5,TRIM28
KLF5,ILK
KLF5,ETV1
KLF5,2200002D01RIK
KLF5,TBRG1
KLF5,PHRF1
KLF5,MYL6
KLF5,ITGB1
KLF5,GCNT2
KLF5,HSPB1
KLF5,ARHGAP1
KLF5,SFRP1
KLF5,CDK9
KLF5,IRF2BPL
KLF5,CST3
KLF5,PRDM15
KLF5,CBX3
KLF5,MAPKAPK2
KLF5,EIF2S2
KLF5,FBRSL1
KLF5,KMT2C
KLF5,KDM2B
KLF5,OPLAH
KLF5,FHDC1
KLF5,SEC11A
KLF5,HMGA1
KLF5,RUVBL2
KLF5,ZMYND8
KLF5,ZFP143
KLF5,SIK1
KLF5,USP16
KLF5,GABARAP
KLF5,DAP
KLF5,PRDX1
KLF5,TET3
KLF5,RARG
KLF5,BAZ1B
KLF5,RAB11A
KLF5,HDAC2
KLF5,ZFP42
KLF5,GNAI3
KLF5,CALU
KLF5,DDB1
KLF5,PIPOX
KLF5,PPIB
KLF5,NR5A2
KLF5,GSN
KLF5,CDK7
KLF5,CKAP4
KLF5,MFSD1
KLF5,NFYB
KLF5,TCL1
KLF5,DNAJC10
KLF5,CD63
KLF5,IFITM1
KLF5,SET
KLF5,KMT2D
KLF5,KAT5
KLF5,KANSL3
KLF5,PDIA6
KLF5,LRP2
KLF5,ARHGEF5
KLF5,ARHGAP29
KLF5,DPY30
KLF5,BNC2
KLF5,PDIA3
KLF5,MMGT1
KLF5,SUPT5
KLF5,KDM5B
KLF5,UBA2
KLF5,L1TD1
KLF5,ADGRA2
KLF5,SELENOW
KLF5,RBPMS2
KLF5,SMARCA5
KLF5,TFCP2L1
KLF5,RYBP
KLF5,FABP3
KLF5,CREB3
KLF5,TGIF2
KLF5,ZFP57
KLF5,SETX
KLF5,REEP5
KLF5,HSP90AA1
KLF5,SLC25A4
KLF5,INO80
KLF5,ZFP710
KLF5,PTPN21
KLF5,SEMA4C
KLF5,PCOLCE2
KLF5,DGCR8
KLF5,SRSF2
KLF5,MYLPF
KLF5,ZFP384
KLF5,NCAPG
KLF5,LRRC59
KLF5,SDCBP
KLF5,ZBTB2
KLF5,E4F1
KLF5,CBX5
KLF5,STARD10
KLF5,MAFK
KLF5,KDELR2
KLF5,MAPK8
KLF5,LRRC34
KLF5,CHCHD10
KLF5,HSPA4
KLF5,MYH9
KLF5,YY1
KLF5,TAX1BP3
KLF5,ARF4
KLF5,NSL1
KLF5,XBP1
KLF5,TLE4
KLF5,MED26
KLF5,ARID3A
KLF5,MSL2
KLF5,TPD52
KLF5,TDH
KLF5,ANXA4
KLF5,MED23
KLF5,APPBP2
KLF5,PSEN1
KLF5,TMEM165
KLF5,FZD5
KLF5,SMAD2
KLF5,RBPJ
KLF5,BSG
KLF5,FOXH1
KLF5,POLE4
KLF5,GLI1
KLF5,TYRO3
KLF5,LDLRAP1
KLF5,NUP210
KLF5,TMEM9B
KLF5,SEPT1
KLF5,CXXC1
KLF5,RBBP5
KLF5,ACBD3
KLF5,DRAM1
KLF5,MSH6
KLF5,TMEM214
KLF5,CDC16
KLF5,SERPING1
KLF5,RFFL
KLF5,AMPD2
KLF5,ADNP
KLF5,DR1
KLF5,ZFP217
KLF5,ITGA6
KLF5,ERP29
KLF5,GSR
KLF5,GORASP2
KLF5,CHST15
KLF5,FAM114A1
KLF5,SAP18
KLF5,PDK1
KLF5,COBL
KLF5,SETDB1
KLF5,CTR9
KLF5,AMFR
KLF5,SURF4
KLF5,SLC39A1
KLF5,ABHD5
KLF5,UHRF1
KLF5,NID1
KLF5,SLC16A1
KLF5,TMEM150A
KLF5,NACC1
KLF5,TPM4
KLF5,HIRA
KLF5,PCBD1
KLF5,ETV4
KLF5,TFE3
KLF5,EZH2
KLF5,SPNS2
KLF5,KCTD10
KLF5,PDCD6IP
KLF5,GCNT1
KLF5,TCF12
KLF5,KDM5A
KLF5,PDIA5
KLF5,GXYLT1
KLF5,SMARCC1
KLF5,LRPAP1
KLF5,MPRIP
KLF5,CBX7
KLF5,RAP1GDS1
KLF5,ASPH
KLF5,PAFAH1B3
KLF5,PHLDB2
KLF5,TAF3
KLF5,LAMA1
KLF5,ZC3H11A
KLF5,TFRC
KLF5,RAF1
KLF5,RAB2A
KLF5,BASP1
KLF5,CDC42SE2
KLF5,PLOD2
KLF5,PKNOX1
KLF5,SMARCA2
KLF5,FGFR4
KLF5,KAT6B
KLF5,DNMT3B
KLF5,NR4A1
KLF5,KRT8
KLF5,GNS
KLF5,ZFHX3
KLF5,TMEM30A
KLF5,RNF138
KLF5,CCDC88C
KLF5,BMPR2
KLF5,SERPINH1
KLF5,SERBP1
KLF5,TRH
KLF5,PLEKHF2
KLF5,N4BP3
KLF5,CDC5L
KLF5,GGTA1
KLF5,FKBP9
KLF5,COLGALT1
KLF5,TGIF1
KLF5,GNA12
KLF5,GLIPR2
KLF5,SEC24A
KLF5,LAMC1
KLF5,CTBP2
KLF5,MKRN1
KLF5,FBLIM1
KLF5,F3
KLF5,RRN3
KLF5,ERAS
KLF5,RAB3IL1
KLF5,RTN3
KLF5,TRAM1
KLF5,IGFBP2
KLF5,ZBTB44
KLF5,IMPDH2
KLF5,PTOV1
KLF5,DARS
KLF5,IKBIP
KLF5,APAF1
KLF5,RRAS2
KLF5,RASGRP2
KLF5,TM9SF3
KLF5,CTSZ
KLF5,SSR1
KLF5,BMI1
KLF5,BEND5
KLF5,SRI
KLF5,PRDM14
KLF5,MYDGF
KLF5,FBXO22
KLF5,CTDSPL
KLF5,CREBBP
KLF5,SOAT1
KLF5,PRDX4
KLF5,ARF1
KLF5,B4GALT1
KLF5,KDM2A
KLF5,PTP4A1
KLF5,B2M
KLF5,ARL8A
KLF5,E2F1
KLF5,AU018091
KLF5,TNKS
KLF5,ETV5
KLF5,CALR
KLF5,USP28
KLF5,NFYC
KLF5,KAT8
KLF5,GFPT2
KLF5,NR0B1
KLF5,GALK1
KLF5,OAT
KLF5,EP300
KLF5,PLA2G15
KLF5,MCAM
KLF5,TMED3
KLF5,RBMXL2
KLF5,RER1
KLF5,ARPC5
KLF5,TXNDC12
KLF5,LRRC58
KLF5,GSTA4
KLF5,STAT3
KLF5,CAR2
KLF5,RAD23B
KLF5,PLOD1
KLF5,MAN1A
KLF5,GNG10
KLF5,SS18
KLF5,SLC7A3
KLF5,NODAL
KLF5,ANO10
KLF5,MRAS
KLF5,CDK8
KLF5,RBBP7
KLF5,TMED9
KLF5,GNPTAB
KLF5,CDC73
KLF5,FXYD6
KLF5,ACP6
KLF5,SSRP1
KLF5,PRKAA2
KLF5,DPPA4
KLF5,DAB2
KLF5,CBX2
KLF5,NPM1
KLF5,DOCK5
KLF5,RPP25
KLF5,ZFP532
KLF5,SMARCA4
KLF5,ELL
KLF5,KLHDC3
KLF5,ARFIP1
KLF5,SMAD3
KLF5,KDM6A
KLF5,PAF1
KLF5,MED12
KLF5,DPPA2
KLF5,CRTC3
KLF5,MAX
KLF5,SELENOS
KLF5,ELL3
KLF5,ATP6V0E
KLF5,WDR82
KLF5,P4HA1
KLF5,GOT1
KLF5,DUSP27
KLF5,SETD1A
KLF5,QSOX1
KLF5,KDM4C
KLF5,GLI2
KLF5,EDEM1
KLF5,TALDO1
KLF5,SOX2
KLF5,SAP30
KLF5,PNP
KLF5,BTAF1
KLF5,ZCCHC24
KLF5,HIP1
KLF5,GMNN
KLF5,EVA1A
KLF5,GPC6
KLF5,SLC39A7
KLF5,CBX8
KLF5,TCF15
KLF5,TBX3
KLF5,TCN2
KLF5,SUMO2
KLF5,SMAD1
KLF5,SALL1
KLF5,FRMD4A
KLF5,XRCC5
KLF5,P4HA2
KLF5,KDELC2
KLF5,ALPL
KLF5,VAMP8
KLF5,PTH1R
KLF5,SOX17
KLF5,RCC2
KLF5,ATP6V0A1
KLF5,GTF2B
KLF5,STT3A
KLF5,SHTN1
KLF5,CDH6
KLF5,B4GALNT4
KLF5,SETD7
KLF5,APOBEC3
KLF5,JAM2
KLF5,DROSHA
KLF5,CERS4
KLF5,ELL2
KLF5,CLN6
KLF5,RCOR1
KLF5,ZYX
KLF5,CCND1
KLF5,CHD1
KLF5,CARHSP1
KMT2B,COLGALT1
KMT2B,CLTC
KMT2B,RNF2
KMT2B,GNB2
KMT2B,OGT
KMT2B,CDC16
KMT2B,ZFHX3
KMT2B,DARS
KMT2B,CDK7
KMT2B,LAMC1
KMT2B,GSR
KMT2B,SMAD1
KMT2B,FRS2
KMT2B,KANSL3
KMT2B,EP400
KMT2B,TBRG1
KMT2B,BTAF1
KMT2B,RAB11A
KMT2B,SMARCA5
KMT2B,KDM1A
KMT2B,SH3GLB1
KMT2B,COPB1
KMT2B,TMED2
KMT2B,TXNDC5
KMT2B,PTPN21
KMT2B,DAP
KMT2B,GORASP2
KMT2B,ZFP281
KMT2B,RPN2
KMT2B,ADAM10
KMT2B,SMARCAD1
KMT2B,H13
KMT2B,PRDM15
KMT2B,CDC73
KMT2B,TET2
KMT2B,WDR5
KMT2B,FUT8
KMT2B,GTF2B
KMT2B,TNKS
KMT2B,PCOLCE2
KMT2B,MARC2
KMT2B,SETD1A
KMT2B,PRKAA2
KMT2B,ACBD3
KMT2B,CHD1
KMT2B,MAPKAPK2
KMT2B,LAMP1
KMT2B,SS18
KMT2B,TCF12
KMT2B,AEBP2
KMT2B,SUPT5
KMT2B,TMEM165
KMT2B,TAF3
KMT2B,PDIA3
KMT2B,CPOX
KMT2B,DNAJC10
KMT2B,MPRIP
KMT2B,ITGAV
KMT2B,EZH2
KMT2B,PDIA5
KMT2B,RAP1GDS1
KMT2B,USP16
KMT2B,HDAC2
KMT2B,LRRC59
KMT2B,KDM2B
KMT2B,DROSHA
KMT2B,FGFR1
KMT2B,HDLBP
KMT2B,ZFP384
KMT2B,LRRC58
KMT2B,MAN1A2
KMT2B,PURB
KMT2B,INO80
KMT2B,TM9SF3
KMT2B,GNA12
KMT2B,ZBTB44
KMT2B,FBRSL1
KMT2B,SUPT16
KMT2B,RAF1
KMT2B,RRAS2
KMT2B,MBD2
KMT2B,GALNT7
KMT2B,SDCBP
KMT2B,DR1
KMT2B,POFUT2
KMT2B,CXXC1
KMT2B,KDELR2
KMT2B,TBP
KMT2B,KMT2D
KMT2B,YY1
KMT2B,E2F1
KMT2B,PKNOX1
KMT2B,FKBP5
KMT2B,VAMP3
KMT2B,RETREG1
KMT2B,RANBP17
KMT2B,BRD9
KMT2B,RRN3
KMT2B,TGIF2
KMT2B,DICER1
KMT2B,ADAM23
KMT2B,SETDB1
KMT2B,FBXO22
KMT2B,MTF2
KMT2B,SMYD2
KMT2B,KDM5A
KMT2B,RAB2A
KMT2B,TMEM30A
KMT2B,DERL1
KMT2B,DNMT3B
KMT2B,RFFL
KMT2B,MAPK8
KMT2B,AP2A2
KMT2B,CTR9
KMT2B,TDG
KMT2B,SMAD2
KMT2B,NELFA
KMT2B,AMFR
KMT2B,CDK8
KMT2B,ME1
KMT2B,POLE4
KMT2B,MED23
KMT2B,ZFP217
KMT2B,AFF3
KMT2B,CRTC3
KMT2B,BAG2
KMT2B,FBXW8
KMT2B,HIRA
KMT2B,PHRF1
KMT2B,LAMA1
KMT2B,BRD4
KMT2B,NCOR2
KMT2B,DOCK5
KMT2B,TMEM9B
KMT2B,SMARCA4
KMT2B,OSTC
KMT2B,TRAM1
KMT2B,TSPAN9
KMT2B,CTCF
KMT2B,NCAPD3
KMT2B,TMOD3
KMT2B,GNPTAB
KMT2B,EXT2
KMT2B,ITGB1
KMT2B,SNX7
KMT2B,SMC3
KMT2B,WDR11
KMT2B,BNC2
KMT2B,GNAI3
KMT2B,SARAF
KMT2B,CAR2
KMT2B,SPNS2
KMT2B,SLC16A1
KMT2B,DNAJC3
KMT2B,GXYLT1
KMT2B,HSPA4
KMT2B,COL4A2
KMT2B,COL4A1
KMT2B,ELL2
KMT2B,ARHGAP29
KMT2B,PDCD6IP
KMT2B,KDELC2
KMT2B,NCOR1
KMT2B,ARPC2
KMT2B,RER1
KMT2B,GNS
KMT2B,NACC1
KMT2B,FHDC1
KMT2B,TAF2
KMT2B,OSBP
KMT2B,EED
KMT2B,XBP1
KMT2B,PDK1
KMT2B,SLC25A4
KMT2B,ZCCHC24
KMT2B,DGCR8
KMT2B,KMT2C
KMT2B,ENOX1
KMT2B,CCDC88C
KMT2B,ADGRA2
KMT2B,MCRS1
KMT2B,ARFIP1
KMT2B,LEO1
KMT2B,SFRP1
KMT2B,PWP1
KMT2B,NUP210
KMT2B,CKAP4
KMT2B,DPY30
KMT2B,RAD23B
KMT2B,NSL1
KMT2B,DDOST
KMT2B,SLC7A6
KMT2B,RRBP1
KMT2B,YEATS4
KMT2B,SEC24D
KMT2B,NRF1
KMT2B,SIK1
KMT2B,SMARCC1
KMT2B,BAZ1B
KMT2B,TMED10
KMT2B,APPBP2
KMT2B,ETV4
KMT2B,ZIC2
KMT2B,ZFP322A
KMT2B,ARL8A
KMT2B,GNAS
KMT2B,PARP1
KMT2B,PPIB
KMT2B,GFPT1
KMT2B,CBX2
KMT2B,FNDC3B
KMT2B,SEC24A
KMT2B,STARD10
KMT2B,RNF138
KMT2B,PLEKHF2
KMT2B,ITPK1
KMT2B,SSR1
KMT2B,STAG1
KMT2B,PTPN14
KMT2B,COMMD3
KMT2B,PTOV1
KMT2B,TYRO3
KMT2B,NIPBL
KMT2B,SAP18
KMT2B,CDC5L
KMT2B,CDC42SE2
KMT2B,DDX21
KMT2B,SH3PXD2B
KMT2B,COBL
KMT2B,BMPER
KMT2B,CALM1
KMT2B,CHMP4B
KMT2B,PSEN1
KMT2B,RYBP
KMT2B,DAXX
KMT2B,COBLL1
KMT2B,LDLRAP1
KMT2B,MRAS
KMT2B,ASPH
KMT2B,PLA2G15
KMT2B,GMNN
KMT2B,KLF5
KMT2B,PATJ
KMT2B,DCLK2
KMT2B,NFYC
KMT2B,TCF15
KMT2B,GLDC
KMT2B,MED26
KMT2B,BAZ1A
KMT2B,ARF4
KMT2B,GLIPR2
KMT2B,SUZ12
KMT2B,DMAP1
KMT2B,PARD6B
KMT2B,ITGA6
KMT2B,RPN1
KMT2B,P3H2
KMT2B,B4GALT1
KMT2B,ILK
KMT2B,SIRT6
KMT2B,NCAPG
KMT2B,KLHDC3
KMT2B,SSRP1
KMT2B,SUMO1
KMT2B,OAT
KMT2B,TMEM214
KMT2B,TPD52
KMT2B,METTL3
KMT2B,EDEM1
KMT2B,TET3
KMT2B,CREBBP
KMT2B,XPNPEP1
KMT2B,BMPR2
KMT2B,BMI1
KMT2B,RCOR1
KMT2B,P4HA1
KMT2B,TLE4
KMT2B,GLO1
KMT2B,SAP30
KMT2B,CBX1
KMT2B,L3MBTL3
KMT2B,LRP2
KMT2B,FAM114A1
KMT2B,MDN1
KMT2B,BEND5
KMT2B,NFYB
KMT2B,MOB3B
KMT2B,PLOD2
KMT2B,MPHOSPH8
KMT2B,ADNP
KMT2B,HEATR1
KMT2B,ARF5
KMT2B,USP28
KMT2B,COPA
KMT2B,ACTL6A
KMT2B,FRMD4A
KMT2B,TCF3
KMT2B,ZFP428
KMT2B,CLN6
KMT2B,EHMT2
KMT2B,RBBP5
KMT2B,RAD21
KMT2B,CTDSPL
KMT2B,RBPMS2
KMT2B,CPD
KMT2B,PDIA6
KMT2B,GTF3C1
KMT2B,CBFA2T2
KMT2B,FKBP9
KMT2B,RTN3
KMT2B,ARHGAP1
KMT2B,ABHD5
KMT2B,MVB12B
KMT2B,PHF5A
KMT2B,P4HB
KMT2B,CHST15
KMT2B,SRI
KMT2B,E2F4
KMT2B,RXRA
KMT2B,KCTD10
KMT2B,ARFGAP1
KMT2B,TMBIM6
KMT2B,MSL2
KMT2B,SEC11A
KMT2B,UBQLN2
KMT2B,TGFBR3
KMT2B,LYN
KMT2B,SUMO2
KMT2B,APP
KMT2B,APEX1
KMT2B,ELOB
KMT2B,REEP5
KMT2B,FST
KMT2B,PRKCE
KMT2B,LMNB1
KMT2B,KAT5
KMT2B,GGA2
KMT2B,MFSD1
KMT2B,MKRN1
KMT2B,SELENOS
KMT2B,REST
KMT2B,QSOX1
KMT2B,TIMP2
KMT2B,THAP11
KMT2B,IKBIP
KMT2B,APAF1
KMT2B,P4HA2
KMT2B,COPG1
KMT2B,ANK
KMT2B,P3H4
KMT2B,RARA
KMT2B,MORC3
KMT2B,ZFYVE21
KMT2B,COTL1
KMT2B,IGFBP2
KMT2B,HTATSF1
KMT2B,FGFR4
KMT2B,CALU
KMT2B,SETX
KMT2B,KDM4C
KMT2B,NFXL1
KMT2B,CHD7
KMT2B,MSH2
KMT2B,ZFP532
KMT2B,TFRC
KMT2B,KLF4
KMT2B,MBD3
KMT2B,TAX1BP3
KMT2B,ATP6V0A1
KMT2B,RBPJ
KMT2B,FAM129B
KMT2B,ARPC5
KMT2B,CREB3
KMT2B,STT3A
KMT2B,B4GALNT4
KMT2B,STAG2
KMT2B,MSL1
KMT2B,CNOT3
KMT2B,CDK9
KMT2B,MAX
KMT2B,FGF3
KMT2B,TTC39B
KMT2B,F3
KMT2B,SOD1
KMT2B,DTX3L
KMT2B,TALDO1
KMT2B,KDM2A
KMT2B,PHC1
KMT2B,ERP29
KMT2B,HELB
KMT2B,MAN1A
KMT2B,MMGT1
KMT2B,PRDX1
KMT2B,EP300
KMT2B,TMED9
KMT2B,PHLDB2
KMT2B,NOTUM
KMT2B,TPM4
KMT2B,ZBTB2
KMT2B,E4F1
KMT2B,CBX3
KMT2B,FUT9
KMT2B,SETD7
KMT2B,KHDC3
KMT2B,ARID1A
KMT2B,SALL1
KMT2B,TGOLN1
KMT2B,P3H1
KMT2B,BASP1
KMT2B,CREB3L2
KMT2B,GCNT1
KMT2B,DDB1
KMT2B,KAT8
KMT2B,NPM1
KMT2B,SELENON
KMT2B,SEC23A
KMT2B,DAB2
KMT2B,ZFP42
KMT2B,UBA2
KMT2B,CD63
KMT2B,MAFK
KMT2B,HAP1
KMT2B,PNP
KMT2B,SEMA4C
KMT2B,KDM5B
KMT2B,STAT3
KMT2B,PAFAH1B3
KMT2B,XRCC5
KMT2B,RBMXL2
KMT2B,HIP1
KMT2B,KDM4A
KMT2B,MAP1A
KMT2B,BMP1
KMT2B,ANP32A
KMT2B,SELENOW
KMT2B,ERF
KMT2B,MSH6
KMT2B,PLOD3
KMT2B,JARID2
KMT2B,SET
KMT2B,MYDGF
KMT2B,MTA2
KMT2B,NUCB1
KMT2B,SLC35F5
KMT2B,SALL4
KMT2B,ATP6V0E
KMT2B,TCOF1
KMT2B,ARF1
KMT2B,TMED3
KMT2B,SLC39A7
KMT2B,EFEMP2
KMT2B,KAT6B
KMT2B,SHTN1
KMT2B,GNG10
KMT2B,TMEM150A
KMT2B,SPOCK1
KMT2B,SRSF1
KMT2B,RUVBL1
KMT2B,PARVA
KMT2B,BCLAF3
KMT2B,N4BP3
KMT2B,PTP4A1
KMT2B,TMEM59
KMT2B,SOAT1
KMT2B,KDELR3
KMT2B,SSR3
KMT2B,DPF2
KMT2B,RIF1
KMT2B,HMGA1B
KMT2B,HMGA1
KMT2B,ARHGEF5
KMT2B,TEX264
KMT2B,SHF
KMT2B,ZYX
KMT2B,SNX2
KMT2B,JUN
KMT2B,TXNDC12
KMT2B,ARHGEF28
KMT2B,MED1
KMT2B,SUPT6
KMT2B,EPOP
KMT2B,TRIM28
KMT2B,TENM4
KMT2B,PXDN
KMT2B,EPAS1
KMT2B,ZFP57
KMT2B,STX3
KMT2B,2410141K09RIK
KMT2B,SLC39A1
KMT2B,ETV5
KMT2B,PDE4DIP
KMT2B,RPP25
KMT2B,BSG
KMT2B,SMAD3
KMT2B,ATF7IP
KMT2B,GABBR1
KMT2B,PITPNC1
KMT2B,NFYA
KMT2B,ALG13
KMT2B,IMPDH2
KMT2B,SLC39A8
KMT2B,SURF4
KMT2B,GFPT2
KMT2B,FZD5
KMT2B,GPC6
KMT2B,MOV10
KMT2B,ZFP143
KMT2B,PRDX4
KMT2B,SLC9A6
KMT2B,USP7
KMT2B,CLCN5
KMT2B,CBX7
KMT2B,SRSF2
KMT2B,RAB3IL1
KMT2B,GLI2
KMT2B,FGD1
KMT2B,ZFX
KMT2B,SERBP1
KMT2B,LY75
KMT2B,CDH6
KMT2B,KDM6A
KMT2B,MED12
KMT2B,DRAM1
KMT2B,DCTPP1
KMT2B,CST3
KMT2B,EPHA1
KMT2B,MYLPF
KMT2B,WDR46
KMT2B,UTF1
KMT2B,NIPSNAP1
KMT2B,GHR
KMT2B,MYH9
KMT2B,HS3ST1
KMT2B,COL27A1
KMT2B,GPX3
KMT2B,RASGRP2
KMT2B,UBTF
KMT2B,ILDR1
KMT2B,WDR82
KMT2B,FGF4
KMT2B,ALPL
KMT2B,AARS
KMT2B,PTH1R
KMT2B,EVA1A
KMT2B,SMARCA2
KMT2B,CBX8
KMT2B,OBSL1
KMT2B,KRTCAP2
KMT2B,TET1
KMT2B,TIMP3
KMT2B,PHF19
KMT2B,HEXIM1
KMT2B,ANO10
KMT2B,RARG
KMT2B,SORD
KMT2B,TFCP2L1
KMT2B,ALDH2
KMT2B,CARHSP1
KMT2B,ELL
KMT2B,LAMB1
KMT2B,ANXA4
KMT2B,CTBP2
KMT2B,NCAPH2
KMT2B,LMF2
KMT2B,CTSD
KMT2B,FGF10
KMT2B,RDM1
KMT2B,PAF1
KMT2B,MYC
KMT2B,MEN1
KMT2B,TRP53
KMT2B,GSN
KMT2B,AKT1
KMT2B,FLRT3
KMT2B,EIF2S2
KMT2B,HSP90AA1
KMT2B,MSX2
KMT2B,ZFP459
KMT2B,SSR4
KMT2B,ACP6
KMT2B,TAF1
KMT2B,AMPD2
KMT2B,CEMIP
KMT2B,ST5
KMT2B,CBX5
KMT2B,ADAM19
KMT2B,CTSL
KMT2B,RCC2
KMT2B,HSF2BP
KMT2B,TCEA3
KMT2B,B2M
KMT2B,NID1
KMT2B,MSL3
KMT2B,VSIR
KMT2B,CHD4
KMT2B,LAMB2
KMT2B,HDAC3
KMT2B,EMP2
KMT2B,ZC3H11A
KMT2B,ESRRB
KMT2B,PFKP
KMT2B,PCGF2
KMT2B,HSP90AB1
KMT2B,ARID3A
KMT2B,TRH
KMT2B,TBX3
KMT2B,FBLIM1
KMT2B,VKORC1
KMT2B,MCAM
KMT2B,SIN3A
KMT2B,MYBL2
KMT2B,NASP
KMT2B,GALK1
KMT2B,IRF2BPL
KMT2B,FN1
KMT2B,HNRNPL
KMT2B,KLF2
KMT2B,PDGFRA
KMT2B,HIRIP3
KMT2B,VAMP8
KMT2B,RBBP7
KMT2B,CHCHD10
KMT2B,UTP14A
KMT2B,GGTA1
KMT2B,IHH
KMT2B,RUVBL2
KMT2B,HSPB1
KMT2B,HSPG2
KMT2B,NAA10
KMT2B,SELENOM
KMT2B,NONO
KMT2B,BAZ2A
KMT2B,GDPD5
KMT2B,CTSZ
KMT2B,COL18A1
KMT2B,SMC1A
KMT2B,GATA4
KMT2B,SOX2
KMT2B,GOT1
KMT2B,BRD2
KMT2B,ZFP710
KMT2B,AGPAT4
KMT2B,GABARAP
KMT2B,OPLAH
KMT2B,LPAR2
KMT2B,ELL3
KMT2B,LTBP4
KMT2B,NR4A1
KMT2B,HDAC1
KMT2B,UHRF1
KMT2B,PCBD1
KMT2B,HCFC1
KMT2B,LRPAP1
KMT2B,MBNL2
KMT2B,CALR
KMT2B,PRSS35
KMT2B,NR0B1
KMT2B,CERS4
KMT2B,ATRX
KMT2B,MYL6
KMT2B,FXYD6
KMT2B,DUSP6
KMT2B,SLC15A1
KMT2B,NMNAT2
KMT2B,JAM2
KMT2B,TMEM144
KMT2B,DKC1
KMT2B,KDELR1
KMT2B,GCNT2
KMT2B,TFE3
KMT2B,FOXA2
KMT2B,FABP3
KMT2B,LGALS3
KMT2B,PLAT
KMT2B,ASS1
KMT2B,SERPING1
KMT2B,HNF1B
KMT2B,PLOD1
KMT2B,SNURF
KMT2B,SNRPN
KMT2B,MYMX
KMT2B,ZFP990
KMT2B,ZFP819
KMT2B,MYCN
KMT2B,CMKLR1
KMT2B,CRYAB
KMT2B,TGIF1
KMT2B,ZFP979
KMT2B,GSTA4
KMT2B,L1TD1
KMT2B,TCN2
KMT2B,UPP1
KMT2B,TDH
KMT2B,DTX1
KMT2B,NR5A2
KMT2B,IFITM2
KMT2B,DPPA4
KMT2B,MCM2
KMT2B,2200002D01RIK
KMT2B,ZIC3
KMT2B,NOS3
KMT2B,LRRC34
KMT2B,NODAL
KMT2B,ETV1
KMT2B,OTX2
KMT2B,GLI1
KMT2B,PRDM14
KMT2B,TUBB2B
KMT2B,IFI30
KMT2C,SLC15A1
KMT2C,SPP1
KMT2C,PIPOX
KMT2C,UBA2
KMT2C,MSH6
KMT2C,RBPJ
KMT2C,RIF1
KMT2C,ETV1
KMT2C,ZFP819
KMT2C,MTF2
KMT2C,TFRC
KMT2C,LRRC34
KMT2C,CST3
KMT2C,CALU
KMT2C,MYMX
KMT2C,MAP1A
KMT2C,FABP3
KMT2C,LRPAP1
KMT2C,OPLAH
KMT2C,UPP1
KMT2C,GCNT2
KMT2C,TBRG1
KMT2C,ACP6
KMT2C,LAMB2
KMT2C,POU5F1
KMT2C,CBX5
KMT2C,TDH
KMT2C,TCEA3
KMT2C,ZFP710
KMT2C,PRDM14
KMT2C,ZMYND8
KMT2C,PHC1
KMT2C,DPPA2
KMT2C,CKAP4
KMT2C,NOTCH4
KMT2C,ADGRA2
KMT2C,TFE3
KMT2C,FOXH1
KMT2C,SFRP1
KMT2C,LGALS3
KMT2C,SLC7A3
KMT2C,NR5A2
KMT2C,AU018091
KMT2C,PDK1
KMT2C,ASS1
KMT2C,HMGA1
KMT2C,GSTA4
KMT2C,PLEKHF2
KMT2C,BMP4
KMT2C,TDGF1
KMT2C,ERF
KMT2C,HMGA1B
KMT2C,TPD52
KMT2C,2410141K09RIK
KMT2C,CHCHD10
KMT2C,SET
KMT2C,LMNB1
KMT2C,HSPB1
KMT2C,MBD2
KMT2C,PATJ
KMT2C,SMARCA5
KMT2C,MKRN1
KMT2C,NANOG
KMT2C,SLC25A4
KMT2C,PLOD1
KMT2C,IRF2BPL
KMT2C,ITGB1
KMT2C,P4HA1
KMT2C,IFITM1
KMT2C,OTX2
KMT2C,RARA
KMT2C,GSN
KMT2C,POLE4
KMT2C,SERPINH1
KMT2C,SOD1
KMT2C,MBD3
KMT2C,GABBR1
KMT2C,RDM1
KMT2C,L1TD1
KMT2C,IMPDH2
KMT2C,SERPING1
KMT2C,CALR
KMT2C,GSR
KMT2C,GMNN
KMT2C,DGCR8
KMT2C,PCOLCE
KMT2C,TGIF2
KMT2C,MYLPF
KMT2C,PRDX1
KMT2C,NID1
KMT2C,PNP
KMT2C,ZFP42
KMT2C,CBX3
KMT2C,CD63
KMT2C,ME1
KMT2C,E4F1
KMT2C,ZFP428
KMT2C,B4GALT1
KMT2C,LAMC1
KMT2C,TUBB2B
KMT2C,ARHGAP1
KMT2C,CALM1
KMT2C,KDM2B
KMT2C,GALK1
KMT2C,FBLIM1
KMT2C,RBPMS2
KMT2C,MTA2
KMT2C,SALL4
KMT2C,ZBTB2
KMT2C,DARS
KMT2C,STAT3
KMT2C,HIRA
KMT2C,REST
KMT2C,NODAL
KMT2C,ZFP532
KMT2C,XRCC5
KMT2C,SEPT1
KMT2C,BAZ1B
KMT2C,RRN3
KMT2C,NFYC
KMT2C,RAF1
KMT2C,ILK
KMT2C,BRD2
KMT2C,KDELC2
KMT2C,HSP90AB1
KMT2C,TRIM28
KMT2C,RASGRP2
KMT2C,SETX
KMT2C,COLGALT1
KMT2C,ST5
KMT2C,TSPAN9
KMT2C,CLTC
KMT2C,TCL1
KMT2C,OGT
KMT2C,CREB3
KMT2C,FRMD4A
KMT2C,FBRSL1
KMT2C,ARF1
KMT2C,ZFP143
KMT2C,DUSP9
KMT2C,KANSL3
KMT2C,PCOLCE2
KMT2C,MOV10
KMT2C,B2M
KMT2C,TEX264
KMT2C,CTSL
KMT2C,PTPN14
KMT2C,CDC73
KMT2C,PHLDB2
KMT2C,LPAR2
KMT2C,TMEM165
KMT2C,MED1
KMT2C,WDR82
KMT2C,ADNP
KMT2C,BSG
KMT2C,VAMP3
KMT2C,SURF4
KMT2C,HELB
KMT2C,SEMA4C
KMT2C,ZFP57
KMT2C,NR4A1
KMT2C,RNF2
KMT2C,REEP5
KMT2C,MAPKAPK2
KMT2C,PDIA3
KMT2C,FKBP9
KMT2C,ADAM10
KMT2C,NRF1
KMT2C,HDAC1
KMT2C,HSP90AA1
KMT2C,SRI
KMT2C,RBBP7
KMT2C,HDLBP
KMT2C,CDC42SE2
KMT2C,MED23
KMT2C,TET3
KMT2C,ZFHX3
KMT2C,NCAPH2
KMT2C,LMF2
KMT2C,TAX1BP3
KMT2C,ZCCHC24
KMT2C,TMEM150A
KMT2C,ASPH
KMT2C,MCAM
KMT2C,UHRF1
KMT2C,ELL
KMT2C,KRT17
KMT2C,FHDC1
KMT2C,LY75
KMT2C,EP400
KMT2C,TGIF1
KMT2C,GLIPR2
KMT2C,PAFAH1B3
KMT2C,PPIB
KMT2C,GNB2
KMT2C,DPY30
KMT2C,QSOX1
KMT2C,SH3GLB1
KMT2C,GDPD5
KMT2C,DR1
KMT2C,RAD23B
KMT2C,ALPL
KMT2C,MED12
KMT2C,ARF4
KMT2C,RTN3
KMT2C,TMEM214
KMT2C,DUSP6
KMT2C,ARHGAP29
KMT2C,GORASP2
KMT2C,ELL3
KMT2C,BMPR2
KMT2C,TXNDC5
KMT2C,UBQLN2
KMT2C,ZBTB44
KMT2C,KRT8
KMT2C,MPHOSPH8
KMT2C,KDM4A
KMT2C,ADAM19
KMT2C,ARL8A
KMT2C,CBX1
KMT2C,GFPT1
KMT2C,PML
KMT2C,DNAJC10
KMT2C,TAF3
KMT2C,CTCF
KMT2C,PDGFRA
KMT2C,RAP1GDS1
KMT2C,EZH2
KMT2C,CHST15
KMT2C,KLF2
KMT2C,LRRC59
KMT2C,PKNOX1
KMT2C,SRSF2
KMT2C,MSL2
KMT2C,TMED9
KMT2C,MYH9
KMT2C,KLF4
KMT2C,KDM5B
KMT2C,SH3PXD2B
KMT2C,ACBD3
KMT2C,RRAS2
KMT2C,LAMA1
KMT2C,PURB
KMT2C,ANXA4
KMT2C,SETDB1
KMT2C,SMAD1
KMT2C,MED26
KMT2C,GTF2B
KMT2C,NR0B1
KMT2C,INO80
KMT2C,AEBP2
KMT2C,CHD7
KMT2C,NACC1
KMT2C,ELOB
KMT2C,HSD17B14
KMT2C,BTAF1
KMT2C,LYN
KMT2C,PLOD2
KMT2C,PHF5A
KMT2C,SERBP1
KMT2C,P4HA2
KMT2C,SIK1
KMT2C,IKBIP
KMT2C,APAF1
KMT2C,DDB1
KMT2C,CTBP2
KMT2C,ARPC5
KMT2C,PARP1
KMT2C,MSH2
KMT2C,2200002D01RIK
KMT2C,E2F1
KMT2C,CDC16
KMT2C,CBX2
KMT2C,RPN1
KMT2C,SNURF
KMT2C,SNRPN
KMT2C,ITGAV
KMT2C,PRKAA2
KMT2C,TPM4
KMT2C,PTP4A1
KMT2C,DRAM1
KMT2C,RAB2A
KMT2C,CPOX
KMT2C,CHD1
KMT2C,KDM2A
KMT2C,POFUT2
KMT2C,SLC16A1
KMT2C,LEO1
KMT2C,EFEMP2
KMT2C,KMT2B
KMT2C,CDC5L
KMT2C,GNG10
KMT2C,PTPN21
KMT2C,KAT5
KMT2C,OAT
KMT2C,COPG1
KMT2C,EDEM1
KMT2C,LRRC2
KMT2C,KAT6B
KMT2C,NELFA
KMT2C,ARID3A
KMT2C,VAMP8
KMT2C,SMAD2
KMT2C,ARPC2
KMT2C,TGFBR3
KMT2C,SIN3A
KMT2C,RANBP17
KMT2C,SUMO2
KMT2C,SELENOW
KMT2C,AMFR
KMT2C,TBX3
KMT2C,TCF12
KMT2C,MYL6
KMT2C,MYDGF
KMT2C,GNAI3
KMT2C,DDOST
KMT2C,GGTA1
KMT2C,NPM1
KMT2C,IGFBP2
KMT2C,RNF138
KMT2C,LAMP1
KMT2C,TIMP2
KMT2C,SETD7
KMT2C,RAB3IL1
KMT2C,NFYB
KMT2C,DAP
KMT2C,SLC39A1
KMT2C,RYBP
KMT2C,COPB1
KMT2C,GCNT1
KMT2C,SS18
KMT2C,LRP2
KMT2C,LDLRAP1
KMT2C,XPNPEP1
KMT2C,FZD5
KMT2C,CHMP4B
KMT2C,CARHSP1
KMT2C,SMARCA4
KMT2C,GNA12
KMT2C,RARG
KMT2C,CBFA2T2
KMT2C,IFITM2
KMT2C,ALDH2
KMT2C,SEC24A
KMT2C,YEATS4
KMT2C,ZFP979
KMT2C,ATP6V0E
KMT2C,STAG1
KMT2C,SEC11A
KMT2C,SDCBP
KMT2C,EP300
KMT2C,ACTL6A
KMT2C,ZIC2
KMT2C,SUZ12
KMT2C,KLF5
KMT2C,F3
KMT2C,DPPA4
KMT2C,RUVBL2
KMT2C,MORC3
KMT2C,PSEN1
KMT2C,KDM1A
KMT2C,ETV4
KMT2C,CBX7
KMT2C,ZFP217
KMT2C,USP16
KMT2C,CDH6
KMT2C,RETREG1
KMT2C,SLC39A7
KMT2C,JARID2
KMT2C,CPD
KMT2C,CDK7
KMT2C,TMOD3
KMT2C,GOT1
KMT2C,DERL1
KMT2C,KDM4C
KMT2C,DUSP27
KMT2C,ITGA6
KMT2C,SARAF
KMT2C,UBTF
KMT2C,ZYX
KMT2C,YY1
KMT2C,BNC2
KMT2C,ZC3H11A
KMT2C,STARD10
KMT2C,CREBBP
KMT2C,CAR2
KMT2C,CDK8
KMT2C,SSRP1
KMT2C,TRAM1
KMT2C,PLA2G15
KMT2C,SELENOS
KMT2C,BEND5
KMT2C,AP2A2
KMT2C,DROSHA
KMT2C,NUP210
KMT2C,TMEM9B
KMT2C,DOCK5
KMT2C,NCOR1
KMT2C,TGOLN1
KMT2C,PITPNC1
KMT2C,MAFK
KMT2C,GFPT2
KMT2C,DMAP1
KMT2C,TAF2
KMT2C,MAPK8
KMT2C,NFXL1
KMT2C,KCTD10
KMT2C,CTSZ
KMT2C,GXYLT1
KMT2C,KDELR2
KMT2C,ATP6V0A1
KMT2C,PDIA6
KMT2C,H13
KMT2C,FUT8
KMT2C,ERP29
KMT2C,RXRA
KMT2C,BRD9
KMT2C,TXNDC12
KMT2C,SLC7A6
KMT2C,SIRT6
KMT2C,TALDO1
KMT2C,TET2
KMT2C,ABHD5
KMT2C,SMAD3
KMT2C,KHDC3
KMT2C,ANK
KMT2C,RER1
KMT2C,METTL3
KMT2C,DDX21
KMT2C,XBP1
KMT2C,FBXO22
KMT2C,CXXC1
KMT2C,KMT2D
KMT2C,ARFIP1
KMT2C,SMYD2
KMT2C,ARID1A
KMT2C,TLE4
KMT2C,MOB3B
KMT2C,USP28
KMT2C,SPNS2
KMT2C,SEC24D
KMT2C,GNS
KMT2C,CLN6
KMT2C,MCRS1
KMT2C,APOBEC3
KMT2C,TCOF1
KMT2C,MAX
KMT2C,TRH
KMT2C,SAP18
KMT2C,HSPA4
KMT2C,SUPT5
KMT2C,RFFL
KMT2C,CRYAB
KMT2C,SRSF1
KMT2C,AMPD2
KMT2C,FAM129B
KMT2C,KDELR3
KMT2C,FAM25C
KMT2C,APEX1
KMT2C,SOAT1
KMT2C,PLOD3
KMT2C,EIF2S2
KMT2C,FBXW8
KMT2C,BASP1
KMT2C,PARVA
KMT2C,FAM114A1
KMT2C,PRDM15
KMT2C,APPBP2
KMT2C,ETV5
KMT2C,GGA2
KMT2C,RBMXL2
KMT2C,MBNL2
KMT2C,MAN1A2
KMT2C,SSR1
KMT2C,CRTC3
KMT2C,LRRC58
KMT2C,CMKLR1
KMT2C,ARFGAP1
KMT2C,FGFR4
KMT2C,CDK9
KMT2C,VSIR
KMT2C,FNDC3B
KMT2C,TMEM144
KMT2C,PCGF2
KMT2C,NCAPD3
KMT2C,DAXX
KMT2C,MARC2
KMT2C,IFI30
KMT2C,HDAC2
KMT2C,MAN1A
KMT2C,MYC
KMT2C,APP
KMT2C,TMED3
KMT2C,TM9SF3
KMT2C,SELENOM
KMT2C,CTSD
KMT2C,E2F4
KMT2C,GNPTAB
KMT2C,BMI1
KMT2C,TCN2
KMT2C,ZFP322A
KMT2C,PARD6B
KMT2C,TDG
KMT2C,KDM6A
KMT2C,PLAT
KMT2C,PFKP
KMT2C,OSTC
KMT2C,AGPAT4
KMT2C,PTOV1
KMT2C,CERS4
KMT2C,ANO10
KMT2C,CTR9
KMT2C,RBBP5
KMT2C,DNAJC3
KMT2C,EMP2
KMT2C,SMARCC1
KMT2C,CCDC88C
KMT2C,USP7
KMT2C,SNX7
KMT2C,RAB11A
KMT2C,HIP1
KMT2C,EED
KMT2C,SEC23A
KMT2C,SUPT16
KMT2C,SNX2
KMT2C,BAG2
KMT2C,PRDX4
KMT2C,NSL1
KMT2C,FXYD6
KMT2C,ARF5
KMT2C,HNRNPL
KMT2C,CLCN5
KMT2C,ZFP384
KMT2C,COBLL1
KMT2C,CTDSPL
KMT2C,DNMT3B
KMT2C,PDCD6IP
KMT2C,SMARCA2
KMT2C,TIMP3
KMT2C,BAZ2A
KMT2C,FRS2
KMT2C,DAB2
KMT2C,SETD1A
KMT2C,RRBP1
KMT2C,ZFYVE21
KMT2C,ZFP281
KMT2C,TBP
KMT2C,GABARAP
KMT2C,KDELR1
KMT2C,SELENON
KMT2C,ARHGEF28
KMT2C,PRSS35
KMT2C,RPN2
KMT2C,SHF
KMT2C,DCLK2
KMT2C,GNAS
KMT2C,NIPSNAP1
KMT2C,GHR
KMT2C,AFF3
KMT2C,SALL1
KMT2C,FLRT3
KMT2C,KAT8
KMT2C,MPRIP
KMT2C,ZFX
KMT2C,OBSL1
KMT2C,NFYA
KMT2C,AKT1
KMT2C,WDR5
KMT2C,HEATR1
KMT2C,GALNT7
KMT2C,NCAPG
KMT2C,SMARCAD1
KMT2C,SOX2
KMT2C,MFSD1
KMT2C,VKORC1
KMT2C,NONO
KMT2C,DICER1
KMT2C,LTBP4
KMT2C,ILDR1
KMT2C,TCF3
KMT2C,FUT9
KMT2C,SRGN
KMT2C,TMED2
KMT2C,FGF3
KMT2C,FGF4
KMT2C,MSL1
KMT2C,FKBP5
KMT2C,HIRIP3
KMT2C,PHF19
KMT2C,JAM2
KMT2C,ERAS
KMT2C,ZIC3
KMT2C,EXT2
KMT2C,MVB12B
KMT2C,PCBD1
KMT2C,LAMB1
KMT2C,RCOR1
KMT2C,N4BP3
KMT2C,MSL3
KMT2C,PECAM1
KMT2C,TCF15
KMT2C,NMNAT2
KMT2C,COL18A1
KMT2C,RCC2
KMT2C,ATF7IP
KMT2C,GLDC
KMT2C,ITPK1
KMT2C,GATA4
KMT2C,KDM6B
KMT2C,ZFP990
KMT2C,TFCP2L1
KMT2C,TMED10
KMT2C,KRT42
KMT2C,BMPER
KMT2C,CCND1
KMT2C,SLC9A6
KMT2C,NCOR2
KMT2C,ESRRB
KMT2C,PTH1R
KMT2C,CBX8
KMT2C,STAG2
KMT2C,COBL
KMT2C,SHTN1
KMT2C,ARHGEF5
KMT2C,HAP1
KMT2C,BMP1
KMT2C,FGF10
KMT2D,CXXC1
KMT2D,SUPT5
KMT2D,DAXX
KMT2D,NELFA
KMT2D,YY1
KMT2D,TMED10
KMT2D,METTL3
KMT2D,ZFP143
KMT2D,RAB11A
KMT2D,CBX5
KMT2D,ZC3H11A
KMT2D,RAF1
KMT2D,CLTC
KMT2D,LMNB1
KMT2D,NFYC
KMT2D,ELOB
KMT2D,MTF2
KMT2D,ACP6
KMT2D,RER1
KMT2D,GNB2
KMT2D,KMT2C
KMT2D,STAT3
KMT2D,WDR46
KMT2D,ARHGAP1
KMT2D,NSL1
KMT2D,TAX1BP3
KMT2D,CALM1
KMT2D,NRF1
KMT2D,SRSF2
KMT2D,COLGALT1
KMT2D,SELENOW
KMT2D,CD63
KMT2D,TAF3
KMT2D,KANSL3
KMT2D,ITGB1
KMT2D,PCOLCE
KMT2D,HSP90AB1
KMT2D,SMC3
KMT2D,PKNOX1
KMT2D,PHF5A
KMT2D,LAMP1
KMT2D,ZFX
KMT2D,RBPJ
KMT2D,OPLAH
KMT2D,RPN2
KMT2D,MAP1A
KMT2D,TCF3
KMT2D,ARID1A
KMT2D,SERBP1
KMT2D,TFRC
KMT2D,ARID3A
KMT2D,ADNP
KMT2D,POFUT2
KMT2D,KAT8
KMT2D,MORC3
KMT2D,TMEM214
KMT2D,HDAC1
KMT2D,PIPOX
KMT2D,BRD2
KMT2D,DDOST
KMT2D,CTCF
KMT2D,PTOV1
KMT2D,KCTD10
KMT2D,HCFC1
KMT2D,SS18
KMT2D,GORASP2
KMT2D,PLOD3
KMT2D,RDM1
KMT2D,ELL
KMT2D,INO80
KMT2D,SRSF1
KMT2D,SLC25A4
KMT2D,ZFYVE21
KMT2D,NCAPH2
KMT2D,LMF2
KMT2D,MYDGF
KMT2D,LAMB2
KMT2D,PHRF1
KMT2D,IFITM2
KMT2D,NACC1
KMT2D,NFYA
KMT2D,ATP6V0A1
KMT2D,ARF1
KMT2D,CALR
KMT2D,OGT
KMT2D,POLE4
KMT2D,SLC39A7
KMT2D,COPA
KMT2D,STAG1
KMT2D,RIF1
KMT2D,E4F1
KMT2D,FBXW8
KMT2D,TNKS
KMT2D,KMT2B
KMT2D,PAFAH1B3
KMT2D,SIK1
KMT2D,MBD2
KMT2D,UBA2
KMT2D,GTF2B
KMT2D,SLC35F5
KMT2D,HDAC2
KMT2D,ILK
KMT2D,KDM5A
KMT2D,TMED9
KMT2D,TXNDC12
KMT2D,RARA
KMT2D,HDLBP
KMT2D,CDC42SE2
KMT2D,RAD21
KMT2D,MOV10
KMT2D,MSH6
KMT2D,USP16
KMT2D,TCF12
KMT2D,BAZ1B
KMT2D,NR4A1
KMT2D,SETX
KMT2D,RAD23B
KMT2D,PAF1
KMT2D,IRF2BPL
KMT2D,PTPN14
KMT2D,PRDM15
KMT2D,ZFP819
KMT2D,REEP5
KMT2D,P4HA1
KMT2D,KLF2
KMT2D,FNDC3B
KMT2D,RTN3
KMT2D,COTL1
KMT2D,SMAD1
KMT2D,ARPC5
KMT2D,FABP3
KMT2D,RPN1
KMT2D,FOXH1
KMT2D,SSRP1
KMT2D,NASP
KMT2D,P3H4
KMT2D,AP2A2
KMT2D,PDK1
KMT2D,EP300
KMT2D,RRN3
KMT2D,TMED2
KMT2D,GNS
KMT2D,KDM5B
KMT2D,ACBD3
KMT2D,CNOT3
KMT2D,SMARCA5
KMT2D,EDEM1
KMT2D,EP400
KMT2D,LRRC59
KMT2D,E2F4
KMT2D,EED
KMT2D,PPIB
KMT2D,DPF2
KMT2D,NPM1
KMT2D,HSP90AA1
KMT2D,KDELR2
KMT2D,CST3
KMT2D,B4GALT1
KMT2D,BSG
KMT2D,MED23
KMT2D,CDC16
KMT2D,PLAT
KMT2D,PTPN21
KMT2D,TAF2
KMT2D,WDR82
KMT2D,CPD
KMT2D,MTA2
KMT2D,YEATS4
KMT2D,GCNT2
KMT2D,EFEMP2
KMT2D,GALK1
KMT2D,PRDX1
KMT2D,HSPA4
KMT2D,FBRSL1
KMT2D,TGIF2
KMT2D,CDK7
KMT2D,TMEM59
KMT2D,DUSP6
KMT2D,PNP
KMT2D,KDM2A
KMT2D,PDCD6IP
KMT2D,GSR
KMT2D,ZCCHC24
KMT2D,DDB1
KMT2D,MPHOSPH8
KMT2D,ZFP42
KMT2D,KDM1A
KMT2D,SEC23A
KMT2D,CHMP4B
KMT2D,TET3
KMT2D,ASPH
KMT2D,TMOD3
KMT2D,NCOR1
KMT2D,SERPINH1
KMT2D,COPG1
KMT2D,SOD1
KMT2D,MFSD1
KMT2D,FUT8
KMT2D,PHLDB2
KMT2D,NFXL1
KMT2D,ZYX
KMT2D,ZBTB2
KMT2D,VAMP8
KMT2D,DGCR8
KMT2D,HEATR1
KMT2D,TMEM150A
KMT2D,KAT6B
KMT2D,PLEKHF2
KMT2D,CBX3
KMT2D,MYL6
KMT2D,TMEM30A
KMT2D,ERP29
KMT2D,BMI1
KMT2D,ABHD5
KMT2D,APPBP2
KMT2D,ADAM10
KMT2D,MED1
KMT2D,IMPDH2
KMT2D,ARHGAP29
KMT2D,NFYB
KMT2D,KAT5
KMT2D,USP7
KMT2D,ZFP384
KMT2D,SNX2
KMT2D,PDIA5
KMT2D,BTAF1
KMT2D,AARS
KMT2D,JUN
KMT2D,FBLIM1
KMT2D,FKBP9
KMT2D,TBRG1
KMT2D,DNAJC3
KMT2D,SURF4
KMT2D,TBP
KMT2D,PLA2G15
KMT2D,RUVBL2
KMT2D,SET
KMT2D,LTBP4
KMT2D,LGALS3
KMT2D,CALU
KMT2D,HIRA
KMT2D,SAP18
KMT2D,ZBTB44
KMT2D,SH3GLB1
KMT2D,HEXIM1
KMT2D,DMAP1
KMT2D,MBD3
KMT2D,TCOF1
KMT2D,ARF4
KMT2D,SRI
KMT2D,SETDB1
KMT2D,ASS1
KMT2D,HELB
KMT2D,ARFGAP1
KMT2D,CBX8
KMT2D,VKORC1
KMT2D,TRP53
KMT2D,MED26
KMT2D,GNAI3
KMT2D,CREB3
KMT2D,CDC5L
KMT2D,LRPAP1
KMT2D,SLC7A6
KMT2D,SUMO2
KMT2D,SELENOS
KMT2D,PDIA3
KMT2D,RNF138
KMT2D,TDG
KMT2D,FRS2
KMT2D,BRD4
KMT2D,P3H1
KMT2D,CRYAB
KMT2D,SDCBP
KMT2D,KDELC2
KMT2D,LRRC34
KMT2D,KDM2B
KMT2D,XPNPEP1
KMT2D,MCRS1
KMT2D,AEBP2
KMT2D,GFPT1
KMT2D,XBP1
KMT2D,APEX1
KMT2D,LEO1
KMT2D,TGOLN1
KMT2D,CERS4
KMT2D,TM9SF3
KMT2D,MSL2
KMT2D,DICER1
KMT2D,XRCC5
KMT2D,USP28
KMT2D,CBFA2T2
KMT2D,GFPT2
KMT2D,DNAJC10
KMT2D,MYH9
KMT2D,DERL1
KMT2D,GTF3C1
KMT2D,MAPKAPK2
KMT2D,PARP1
KMT2D,KLF4
KMT2D,HIRIP3
KMT2D,GABARAP
KMT2D,CDC73
KMT2D,CTSL
KMT2D,CDK9
KMT2D,DCTPP1
KMT2D,SIRT6
KMT2D,HIP1
KMT2D,HSPG2
KMT2D,SUMO1
KMT2D,B2M
KMT2D,TCN2
KMT2D,SLC39A1
KMT2D,STT3A
KMT2D,SMARCA2
KMT2D,BRD9
KMT2D,PTP4A1
KMT2D,GGA2
KMT2D,TBX3
KMT2D,SEMA4C
KMT2D,NIPBL
KMT2D,H13
KMT2D,CARHSP1
KMT2D,FKBP5
KMT2D,ZFP710
KMT2D,DARS
KMT2D,KDM4A
KMT2D,JARID2
KMT2D,NID1
KMT2D,SEC24A
KMT2D,RASGRP2
KMT2D,ARPC2
KMT2D,AMFR
KMT2D,TMEM165
KMT2D,HNRNPL
KMT2D,AMPD2
KMT2D,MAFK
KMT2D,RAB3IL1
KMT2D,TLE4
KMT2D,MAPK8
KMT2D,OSBP
KMT2D,TGFBR3
KMT2D,LDLRAP1
KMT2D,VAMP3
KMT2D,SUZ12
KMT2D,RRAS2
KMT2D,PATJ
KMT2D,WDR5
KMT2D,CLN6
KMT2D,GOT1
KMT2D,PSEN1
KMT2D,MSL1
KMT2D,HTATSF1
KMT2D,MSH2
KMT2D,CTSD
KMT2D,TET2
KMT2D,EZH2
KMT2D,SNX7
KMT2D,TFCP2L1
KMT2D,SFRP1
KMT2D,SSR1
KMT2D,MCAM
KMT2D,RNF2
KMT2D,MKRN1
KMT2D,LPAR2
KMT2D,RFFL
KMT2D,REST
KMT2D,SLC16A1
KMT2D,GSN
KMT2D,ARFIP1
KMT2D,RRBP1
KMT2D,DR1
KMT2D,KDM4C
KMT2D,TXNDC5
KMT2D,SERPING1
KMT2D,MEN1
KMT2D,KDM6A
KMT2D,CRTC3
KMT2D,PHF19
KMT2D,GXYLT1
KMT2D,GLMP
KMT2D,MDN1
KMT2D,MYMX
KMT2D,SEC11A
KMT2D,CHD1
KMT2D,PARD6B
KMT2D,PDGFRA
KMT2D,IKBIP
KMT2D,APAF1
KMT2D,SMARCA4
KMT2D,HMGA1
KMT2D,SARAF
KMT2D,RBBP7
KMT2D,OSTC
KMT2D,UHRF1
KMT2D,TPM4
KMT2D,LY75
KMT2D,RUVBL1
KMT2D,ST5
KMT2D,LAMC1
KMT2D,GNAS
KMT2D,TRAM1
KMT2D,NUCB1
KMT2D,NCAPG
KMT2D,MYBL2
KMT2D,TMBIM6
KMT2D,DDX21
KMT2D,UBTF
KMT2D,MED12
KMT2D,FBXO22
KMT2D,SPP1
KMT2D,OAT
KMT2D,CREBBP
KMT2D,COPB1
KMT2D,TIMP2
KMT2D,ETV1
KMT2D,MPRIP
KMT2D,EIF2S2
KMT2D,SETD7
KMT2D,CDK8
KMT2D,N4BP3
KMT2D,GDPD5
KMT2D,ITGA6
KMT2D,MCM2
KMT2D,ERF
KMT2D,SMAD2
KMT2D,LRRC58
KMT2D,PARVA
KMT2D,ATP6V0E
KMT2D,MAN1A
KMT2D,ANXA4
KMT2D,SAP30
KMT2D,HSPB1
KMT2D,FZD5
KMT2D,LYN
KMT2D,GNA12
KMT2D,SHF
KMT2D,PDIA6
KMT2D,TMED3
KMT2D,KLF5
KMT2D,TCEA3
KMT2D,PLOD1
KMT2D,AU018091
KMT2D,PCOLCE2
KMT2D,TSPAN9
KMT2D,SMARCC1
KMT2D,FAM129B
KMT2D,GALNT7
KMT2D,EXT2
KMT2D,PHC1
KMT2D,P4HB
KMT2D,ME1
KMT2D,WDR11
KMT2D,IFITM1
KMT2D,STAG2
KMT2D,2410141K09RIK
KMT2D,KLHDC3
KMT2D,RYBP
KMT2D,ARL8A
KMT2D,DROSHA
KMT2D,CTR9
KMT2D,ITGAV
KMT2D,ZFP322A
KMT2D,UPP1
KMT2D,CKAP4
KMT2D,E2F1
KMT2D,COL18A1
KMT2D,ETV5
KMT2D,GLIPR2
KMT2D,NIPSNAP1
KMT2D,RAB2A
KMT2D,MYLPF
KMT2D,ELL2
KMT2D,FRMD4A
KMT2D,SETD1A
KMT2D,ADAM19
KMT2D,BMPR2
KMT2D,SUPT16
KMT2D,TTC39B
KMT2D,ZFHX3
KMT2D,QSOX1
KMT2D,RAP1GDS1
KMT2D,RARG
KMT2D,NONO
KMT2D,HMGA1B
KMT2D,SSR3
KMT2D,MAX
KMT2D,CBX2
KMT2D,GSTA4
KMT2D,AGPAT4
KMT2D,PITPNC1
KMT2D,HAP1
KMT2D,GMNN
KMT2D,EHMT2
KMT2D,ZFP428
KMT2D,BAG2
KMT2D,TCL1
KMT2D,ADGRA2
KMT2D,CTDSPL
KMT2D,GGTA1
KMT2D,MMGT1
KMT2D,FGFR1
KMT2D,UBQLN2
KMT2D,PURB
KMT2D,THAP11
KMT2D,ANO10
KMT2D,TEX264
KMT2D,IFI30
KMT2D,MARC2
KMT2D,LRP2
KMT2D,NCAPD3
KMT2D,ELL3
KMT2D,CHCHD10
KMT2D,TDH
KMT2D,FGF4
KMT2D,SMC1A
KMT2D,DAP
KMT2D,CPOX
KMT2D,ARF5
KMT2D,ALDH2
KMT2D,NOTCH4
KMT2D,TRIM28
KMT2D,APP
KMT2D,CTSZ
KMT2D,EPAS1
KMT2D,FGD1
KMT2D,PFKP
KMT2D,DKC1
KMT2D,SSR4
KMT2D,ZFP281
KMT2D,DPY30
KMT2D,SUPT6
KMT2D,FN1
KMT2D,ACTL6A
KMT2D,ARHGEF28
KMT2D,SEC24D
KMT2D,GLO1
KMT2D,RETREG1
KMT2D,F3
KMT2D,GATA4
KMT2D,TPD52
KMT2D,SELENOM
KMT2D,SEPT1
KMT2D,SOAT1
KMT2D,CREB3L2
KMT2D,COMMD3
KMT2D,TUBB2B
KMT2D,ATRX
KMT2D,KDELR1
KMT2D,P4HA2
KMT2D,GNPTAB
KMT2D,VSIR
KMT2D,CLCN5
KMT2D,NUP210
KMT2D,ATF7IP
KMT2D,SPNS2
KMT2D,ZFP532
KMT2D,HDAC3
KMT2D,PRDX4
KMT2D,MBNL2
KMT2D,GPX3
KMT2D,SLC7A3
KMT2D,GNG10
KMT2D,RBPMS2
KMT2D,LAMA1
KMT2D,BCLAF3
KMT2D,FLRT3
KMT2D,TMEM9B
KMT2D,FGFR4
KMT2D,ZFP217
KMT2D,RANBP17
KMT2D,CAR2
KMT2D,FAM114A1
KMT2D,TALDO1
KMT2D,TAF1
KMT2D,DUSP9
KMT2D,EPOP
KMT2D,ILDR1
KMT2D,PLOD2
KMT2D,TMEM144
KMT2D,BNC2
KMT2D,PWP1
KMT2D,DNMT3B
KMT2D,PRKAA2
KMT2D,FHDC1
KMT2D,ZFP57
KMT2D,NR5A2
KMT2D,NOTUM
KMT2D,NANOG
KMT2D,PCBD1
KMT2D,ALPL
KMT2D,DCLK2
KMT2D,BMP1
KMT2D,CBX7
KMT2D,SLC9A6
KMT2D,SORD
KMT2D,GLDC
KMT2D,CDH6
KMT2D,EPHA1
KMT2D,CHST15
KMT2D,KRT8
KMT2D,TCF15
KMT2D,CMKLR1
KMT2D,DRAM1
KMT2D,GCNT1
KMT2D,ZIC2
KMT2D,FXYD6
KMT2D,SMYD2
KMT2D,MRAS
KMT2D,RBMXL2
KMT2D,MVB12B
KMT2D,MAN1A2
KMT2D,2200002D01RIK
KMT2D,TRH
KMT2D,MOB3B
KMT2D,CEMIP
KMT2D,CCDC88C
KMT2D,TYRO3
KMT2D,PRSS35
KMT2D,HSF2BP
KMT2D,TIMP3
KMT2D,UTF1
KMT2D,HSD17B14
KMT2D,IGFBP2
KMT2D,ETV4
KMT2D,ERAS
KMT2D,SH3PXD2B
KMT2D,ADAM23
KMT2D,ANP32A
KMT2D,AFF3
KMT2D,SOX2
KMT2D,KHDC3
KMT2D,NOS3
KMT2D,SIN3A
KMT2D,SALL1
KMT2D,RPP25
KMT2D,POU5F1
KMT2D,FGF10
KMT2D,L1TD1
KMT2D,SLC15A1
KMT2D,SELENON
LEO1,KRT42
MAFK,RTN3
MAFK,SMARCC1
MAFK,RAB11A
MAFK,PRDX1
MAFK,ACP6
MAFK,BRD2
MAFK,SRGN
MAFK,PHF5A
MAFK,ZFP143
MAFK,PTOV1
MAFK,CLTC
MAFK,GSTA4
MAFK,XRCC5
MAFK,LAMC1
MAFK,GSR
MAFK,RETREG1
MAFK,SPP1
MAFK,INO80
MAFK,SRSF2
MAFK,RDM1
MAFK,ETV5
MAFK,KMT2D
MAFK,SSR3
MAFK,RBBP7
MAFK,MDN1
MAFK,SOD1
MAFK,MED23
MAFK,L1TD1
MAFK,ZC3H11A
MAFK,STAT3
MAFK,GCNT2
MAFK,UPP1
MAFK,PTP4A1
MAFK,ZFP217
MAFK,TSPAN9
MAFK,ME1
MAFK,MBD3
MAFK,GLO1
MAFK,MTF2
MAFK,TGIF1
MAFK,ZMYND8
MAFK,HSPA4
MAFK,LAMP1
MAFK,TMED2
MAFK,PATJ
MAFK,ADNP
MAFK,TRAM1
MAFK,COPG1
MAFK,TDG
MAFK,HSP90AB1
MAFK,UBQLN2
MAFK,FBRSL1
MAFK,KAT8
MAFK,OGT
MAFK,NCAPH2
MAFK,LMF2
MAFK,DMAP1
MAFK,CTSD
MAFK,NFXL1
MAFK,ZFP428
MAFK,POU5F1
MAFK,LRPAP1
MAFK,USP28
MAFK,PHC1
MAFK,RAD23B
MAFK,ZFP819
MAFK,SMARCA5
MAFK,OOEP
MAFK,RBPJ
MAFK,PIPOX
MAPK8,OSBP
MAPK8,HNRNPL
MAPK8,ZFYVE21
MAPK8,CNOT3
MAPK8,STT3A
MAPK8,TMBIM6
MAPK8,KAT6B
MAPK8,RUVBL2
MAPK8,DGCR8
MAPK8,RRBP1
MAPK8,ANP32A
MAPK8,HIP1
MAPK8,RPN2
MAPK8,ZFP143
MAPK8,RCOR1
MAPK8,GOT1
MAPK8,SIN3A
MAPK8,ETV5
MAPK8,DDOST
MAPK8,MPRIP
MAPK8,CBX5
MAPK8,NCAPD3
MAPK8,AARS
MAPK8,MPHOSPH8
MAPK8,NFYC
MAPK8,KDM4A
MAPK8,ACTL6A
MAPK8,2410141K09RIK
MAX,RBBP5
MAX,HDAC2
MAX,CDK7
MAX,APEX1
MAX,USP16
MAX,MORC3
MAX,LAMP1
MAX,IMPDH2
MAX,MFSD1
MAX,NPM1
MAX,TRP53
MAX,STAT3
MAX,RRN3
MAX,KMT2D
MAX,HEATR1
MAX,TRIM28
MAX,SLC39A8
MAX,MAPK8
MAX,PDCD6IP
MAX,DDX21
MAX,TMED3
MAX,MDN1
MAX,RAB3IL1
MAX,AMPD2
MAX,INO80
MAX,KRTCAP2
MAX,MBD3
MAX,SELENOS
MAX,ADNP
MAX,SELENOW
MAX,CLTC
MAX,CDK8
MAX,ILK
MAX,SEC24A
MAX,LTBP4
MAX,TCOF1
MAX,KMT2C
MAX,SS18
MAX,GNAS
MAX,MYDGF
MAX,EZH2
MAX,H13
MAX,XRCC5
MAX,DDOST
MAX,USP28
MAX,WDR82
MAX,TFRC
MAX,HNRNPL
MAX,SMARCA2
MAX,PARP1
MAX,SUZ12
MAX,DCTPP1
MAX,MAN1A2
MAX,FKBP5
MAX,SSRP1
MAX,RAP1GDS1
MAX,ZBTB44
MAX,SMAD2
MAX,SMARCC1
MAX,DDB1
MAX,SRSF1
MAX,AEBP2
MAX,P4HB
MAX,TET2
MAX,NELFA
MAX,ZFP428
MAX,GORASP2
MAX,CCDC88C
MAX,TBRG1
MAX,STAG1
MAX,ARID1A
MAX,CD63
MAX,COLGALT1
MAX,CTBP2
MAX,YY1
MAX,SLC7A6
MAX,NFYC
MAX,PPIB
MAX,SMYD2
MAX,APOBEC3
MAX,ALPL
MAX,MAFK
MAX,TRAM1
MAX,BRD9
MAX,VKORC1
MAX,TXNDC12
MAX,TMEM165
MAX,SMARCA5
MAX,EPOP
MAX,GNAI3
MAX,UBA2
MAX,NRF1
MAX,TXNDC5
MAX,CDC5L
MAX,RPN2
MAX,ERP29
MAX,PFKP
MAX,MED26
MAX,SPNS2
MAX,ZFYVE21
MAX,B2M
MAX,GTF3C1
MAX,RPP25
MAX,DICER1
MAX,F3
MAX,ARPC2
MAX,N4BP3
MAX,CTSZ
MAX,P4HA1
MAX,PDIA5
MAX,B4GALT1
MAX,P3H4
MAX,CREBBP
MAX,ARHGAP29
MAX,PCOLCE
MAX,CMKLR1
MAX,TDH
MAX,FABP3
MAX,TCL1
MAX,RBMXL2
MAX,BMP4
MAX,PLOD2
MAX,SH3PXD2B
MAX,FUT9
MAX,SOX2
MAX,COBL
MBD3,CTCF
MBD3,EZH2
MBD3,ITPK1
MBD3,CALU
MBD3,OSBP
MBD3,HNRNPL
MBD3,CDK8
MBD3,PATJ
MBD3,GNG10
MBD3,STT3A
MBD3,RCC2
MBD3,2410141K09RIK
MBD3,ZFP143
MBD3,UHRF1
MBD3,KDELC2
MBD3,POU5F1
MBD3,TEX264
MBD3,GSR
MBD3,MSL2
MBD3,CNOT3
MBD3,RETREG1
MBD3,CDC16
MBD3,DCLK2
MBD3,BRD2
MBD3,TCF12
MBD3,DTX1
MBD3,RDM1
MBD3,TCF3
MBD3,COLGALT1
MBD3,TET2
MBD3,MED23
MBD3,SIN3A
MBD3,RAB11A
MBD3,ADNP
MBD3,SMARCC1
MBD3,RIF1
MBD3,ZFYVE21
MBD3,DDOST
MBD3,SLC7A6
MBD3,ZFP217
MBD3,BAZ1A
MBD3,KMT2C
MBD3,LGALS3
MBD3,NSL1
MBD3,FBXW8
MBD3,RBPJ
MBD3,KDM2B
MBD3,TMBIM6
MBD3,GOT1
MBD3,SPP1
MBD3,KAT6B
MBD3,SALL4
MBD3,KANSL3
MBD3,MYLPF
MBD3,SUZ12
MBD3,CLTC
MBD3,ETV1
MBD3,RUVBL1
MBD3,TGFBR3
MBD3,ZBTB44
MBD3,HMGA1
MBD3,DMAP1
MBD3,FBLIM1
MBD3,HIP1
MBD3,MED1
MBD3,MOV10
MBD3,INO80
MBD3,PPIB
MBD3,DRAM1
MBD3,ACP6
MBD3,KLF5
MBD3,PTPN21
MBD3,CALM1
MBD3,PAF1
MBD3,CBX3
MBD3,LMNB1
MBD3,TPD52
MBD3,SMARCA4
MBD3,TBRG1
MBD3,CHMP4B
MBD3,RARA
MBD3,SMYD2
MBD3,KDM5A
MBD3,SMARCA5
MBD3,ANK
MBD3,RUVBL2
MBD3,RBPMS2
MBD3,FKBP5
MBD3,LRRC59
MBD3,PTOV1
MBD3,PSEN1
MBD3,PIPOX
MBD3,RTN3
MBD3,RCOR1
MBD3,MTF2
MBD3,BRD9
MBD3,GNB2
MBD3,LAMA1
MBD3,GALNT7
MBD3,ARHGAP29
MBD3,MYDGF
MBD3,KMT2D
MBD3,RRAS2
MBD3,MAN1A2
MBD3,DGCR8
MBD3,DNMT3B
MBD3,ZFP710
MBD3,CDC73
MBD3,TM9SF3
MBD3,MAX
MBD3,MYCN
MBD3,RPP25
MBD3,ERF
MBD3,TET3
MBD3,CDK9
MBD3,PLOD2
MBD3,GORASP2
MBD3,KDELR2
MBD3,ERP29
MBD3,RASGRP2
MBD3,GNA12
MBD3,LAMP1
MBD3,ARL8A
MBD3,CBX2
MBD3,CAR2
MBD3,XRCC5
MBD3,PDIA6
MBD3,OPLAH
MBD3,NAA10
MBD3,P4HA1
MBD3,MAPK8
MBD3,SHF
MBD3,PCOLCE2
MBD3,SPNS2
MBD3,NUP210
MBD3,DOCK5
MBD3,TRAM1
MBD3,COL27A1
MBD3,SLC16A1
MBD3,SFRP1
MBD3,SEC11A
MBD3,SET
MBD3,CCDC88C
MBD3,ANXA4
MBD3,GGTA1
MBD3,SUPT16
MBD3,SEC24A
MBD3,RYBP
MBD3,DARS
MBD3,RAP1GDS1
MBD3,HSPA4
MBD3,PXDN
MBD3,MCRS1
MBD3,LRP2
MBD3,SLC39A7
MBD3,MAP1A
MBD3,IKBIP
MBD3,APAF1
MBD3,ADGRA2
MBD3,ZFP384
MBD3,NANOG
MBD3,LTBP4
MBD3,FBXO22
MBD3,BMPR2
MBD3,CBX5
MBD3,RPN2
MBD3,EFEMP2
MBD3,SSRP1
MBD3,RAD23B
MBD3,P4HB
MBD3,HMGA1B
MBD3,FOXH1
MBD3,CHD1
MBD3,BTAF1
MBD3,RRBP1
MBD3,TTC39B
MBD3,MFSD1
MBD3,CTDSPL
MBD3,RXRA
MBD3,PURB
MBD3,NOTCH4
MBD3,ALPL
MBD3,STAT3
MBD3,COL4A2
MBD3,COL4A1
MCRS1,FBXW8
MCRS1,MFSD1
MCRS1,ZFX
MCRS1,CDC16
MCRS1,LAMP1
MCRS1,TBP
MCRS1,MED23
MCRS1,DMAP1
MCRS1,DDOST
MCRS1,AARS
MCRS1,NSL1
MCRS1,ATP6V0A1
MCRS1,PURB
MCRS1,TMEM30A
MCRS1,PTPN21
MCRS1,WDR11
MCRS1,RUVBL1
MCRS1,NRF1
MCRS1,STAG1
MCRS1,PDCD6IP
MCRS1,SEC24A
MCRS1,ARFGAP1
MCRS1,COPA
MCRS1,SRSF1
MCRS1,ZFP143
MCRS1,TNKS
MCRS1,SUMO2
MCRS1,SELENOS
MCRS1,GLO1
MCRS1,LRRC59
MCRS1,SLC35F5
MCRS1,YEATS4
MCRS1,FBXO22
MCRS1,KDM5A
MCRS1,FUT8
MCRS1,KCTD10
MCRS1,SARAF
MCRS1,SERBP1
MCRS1,ADNP
MCRS1,NFYA
MCRS1,KAT5
MCRS1,DARS
MCRS1,CBX5
MCRS1,ARHGAP1
MCRS1,ZFP979
MCRS1,RAF1
MCRS1,GABARAP
MCRS1,PHF5A
MCRS1,NFYC
MCRS1,POLE4
MCRS1,GTF2B
MCRS1,PAF1
MCRS1,CLTC
MCRS1,PWP1
MCRS1,NCOR1
MCRS1,CTCF
MCRS1,E2F4
MCRS1,TMED2
MCRS1,HAP1
MCRS1,NPM1
MCRS1,COPG1
MCRS1,MDN1
MCRS1,MYDGF
MCRS1,USP16
MCRS1,SMARCAD1
MCRS1,METTL3
MCRS1,ARF1
MCRS1,SEC11A
MCRS1,TMEM9B
MCRS1,KDELR1
MCRS1,CNOT3
MCRS1,INO80
MCRS1,TMEM214
MCRS1,GORASP2
MCRS1,TGOLN1
MCRS1,NELFA
MCRS1,TM9SF3
MCRS1,TCF12
MCRS1,SUPT6
MCRS1,GNB2
MCRS1,SUMO1
MCRS1,APPBP2
MCRS1,EP300
MCRS1,KMT2D
MCRS1,PHRF1
MCRS1,STT3A
MCRS1,POFUT2
MCRS1,EP400
MCRS1,ACTL6A
MCRS1,HEATR1
MCRS1,OGT
MCRS1,NASP
MCRS1,TAF2
MCRS1,TAF3
MCRS1,RER1
MCRS1,FRS2
MCRS1,CDK7
MCRS1,RPN2
MCRS1,RBBP5
MCRS1,POU5F1
MCRS1,ACBD3
MCRS1,SUPT5
MCRS1,DERL1
MCRS1,CDC42SE2
MCRS1,TAX1BP3
MCRS1,RPN1
MCRS1,TMED10
MCRS1,GSR
MCRS1,2410141K09RIK
MCRS1,HIRA
MCRS1,TRAM1
MCRS1,SUZ12
MCRS1,CREBBP
MCRS1,GNAI3
MCRS1,SLC39A7
MCRS1,ELOB
MCRS1,PPIB
MCRS1,TDG
MCRS1,MTF2
MCRS1,KAT8
MCRS1,SNX2
MCRS1,COLGALT1
MCRS1,ZFP322A
MCRS1,TXNDC12
MCRS1,EXT2
MCRS1,CREB3
MCRS1,UBA2
MCRS1,XRCC5
MCRS1,PSEN1
MCRS1,MMGT1
MCRS1,RRN3
MCRS1,USP7
MCRS1,RIF1
MCRS1,SRSF2
MCRS1,SS18
MCRS1,MED1
MCRS1,DPF2
MCRS1,ILK
MCRS1,MKRN1
MCRS1,SETDB1
MCRS1,BRD9
MCRS1,KDELR2
MCRS1,CALM1
MCRS1,ATP6V0E
MCRS1,NCAPH2
MCRS1,LMF2
MCRS1,BTAF1
MCRS1,WDR82
MCRS1,SLC7A6
MCRS1,NACC1
MCRS1,HCFC1
MCRS1,HTATSF1
MCRS1,HIRIP3
MCRS1,CDC73
MCRS1,ARFIP1
MCRS1,ARF4
MCRS1,PLOD3
MCRS1,HDLBP
MCRS1,RAD21
MCRS1,RUVBL2
MCRS1,COPB1
MCRS1,AMFR
MCRS1,LRRC58
MCRS1,SIRT6
MCRS1,PRDM15
MCRS1,HEXIM1
MCRS1,TMEM59
MCRS1,E4F1
MCRS1,GXYLT1
MCRS1,GTF3C1
MCRS1,YY1
MCRS1,MYL6
MCRS1,GNS
MCRS1,DROSHA
MCRS1,CXXC1
MCRS1,CPOX
MCRS1,RNF138
MCRS1,CTSD
MCRS1,WDR46
MCRS1,MSH2
MCRS1,SSRP1
MCRS1,TAF1
MCRS1,SMARCA5
MCRS1,MPHOSPH8
MCRS1,NFYB
MCRS1,GFPT1
MCRS1,CTR9
MCRS1,RAD23B
MCRS1,KANSL3
MCRS1,ZFP384
MCRS1,ZC3H11A
MCRS1,NIPBL
MCRS1,KDM2A
MCRS1,MPRIP
MCRS1,ELL
MCRS1,BRD4
MCRS1,NCAPD3
MCRS1,MORC3
MCRS1,GNA12
MCRS1,TMED9
MCRS1,P4HB
MCRS1,TET2
MCRS1,MED26
MCRS1,DPY30
MCRS1,NCAPG
MCRS1,ZBTB44
MCRS1,FBRSL1
MCRS1,CCDC88C
MCRS1,TMOD3
MCRS1,DNAJC10
MCRS1,SLC16A1
MCRS1,SMAD1
MCRS1,HSPA4
MCRS1,DTX3L
MCRS1,RPP25
MCRS1,TXNDC5
MCRS1,SNX7
MCRS1,SMARCA4
MCRS1,CDK8
MCRS1,AP2A2
MCRS1,WDR5
MCRS1,ARID1A
MCRS1,RAB2A
MCRS1,GALK1
MCRS1,SAP18
MCRS1,VAMP3
MCRS1,NIPSNAP1
MCRS1,DDX21
MCRS1,CPD
MCRS1,CBX2
MCRS1,MAN1A2
MCRS1,PLA2G15
MCRS1,CALR
MCRS1,SUPT16
MCRS1,SLC15A1
MCRS1,CALU
MCRS1,TMEM165
MCRS1,PATJ
MCRS1,ITGB1
MCRS1,MARC2
MCRS1,HDAC2
MCRS1,BAZ1B
MCRS1,DICER1
MCRS1,DCTPP1
MCRS1,P3H1
MCRS1,TMED3
MCRS1,CHD1
MCRS1,BRD2
MCRS1,DR1
MCRS1,PDIA3
MCRS1,EIF2S2
MCRS1,MSL1
MCRS1,SMC3
MCRS1,SETD1A
MCRS1,LRPAP1
MCRS1,KDM4A
MCRS1,HSF2BP
MCRS1,GALNT7
MCRS1,UBQLN2
MCRS1,SELENON
MCRS1,DDB1
MCRS1,CHMP4B
MCRS1,ATRX
MCRS1,TCN2
MCRS1,SLC25A4
MCRS1,PNP
MCRS1,ARPC2
MCRS1,SSR1
MCRS1,SMARCC1
MCRS1,OSTC
MCRS1,APEX1
MCRS1,EDEM1
MCRS1,E2F1
MCRS1,TBRG1
MCRS1,GOT1
MCRS1,FRMD4A
MCRS1,CDK9
MCRS1,TFRC
MCRS1,ELL2
MCRS1,ABHD5
MCRS1,GNPTAB
MCRS1,H13
MCRS1,PLEKHF2
MCRS1,IMPDH2
MCRS1,ZFP281
MCRS1,SAP30
MCRS1,RANBP17
MCRS1,HNRNPL
MCRS1,GNG10
MCRS1,CRTC3
MCRS1,CDC5L
MCRS1,AEBP2
MCRS1,TRP53
MCRS1,MVB12B
MCRS1,ZFP532
MCRS1,ITGAV
MCRS1,ERP29
MCRS1,XPNPEP1
MCRS1,TCOF1
MCRS1,GDF3
MCRS1,PLA2G1B
MCRS1,CBFA2T2
MCRS1,QSOX1
MCRS1,JUN
MCRS1,EZH2
MCRS1,BSG
MCRS1,SRI
MCRS1,PDIA6
MCRS1,GNAS
MCRS1,CAR2
MCRS1,SEC23A
MCRS1,PRDX1
MCRS1,PLOD2
MCRS1,OSBP
MCRS1,LEO1
MED1,CBX3
MED1,RDM1
MED1,LAMP1
MED1,GABARAP
MED1,ADNP
MED1,NSL1
MED1,CLTC
MED1,MFSD1
MED1,LRRC59
MED1,RBPJ
MED1,CALR
MED1,MTF2
MED1,SRSF2
MED1,MYMX
MED1,GNB2
MED1,NPM1
MED1,YEATS4
MED1,AARS
MED1,RAF1
MED1,PRDX1
MED1,HSPA4
MED1,SUPT16
MED1,CALM1
MED1,APEX1
MED1,ZBTB2
MED1,CD63
MED1,KDM4C
MED1,TXNDC12
MED1,PDCD6IP
MED1,SLC25A4
MED1,DDOST
MED1,SMARCA5
MED1,SUPT5
MED1,HDLBP
MED1,STAT3
MED1,MED23
MED1,CTSD
MED1,CDC5L
MED1,ASPH
MED1,ARPC5
MED1,ERP29
MED1,SAP18
MED1,LRRC58
MED1,KMT2D
MED1,NFYC
MED1,GORASP2
MED1,FABP3
MED1,DARS
MED1,GNS
MED1,AP2A2
MED1,SEC24A
MED1,HSP90AA1
MED1,SERBP1
MED1,TFRC
MED1,SH3GLB1
MED1,SLC16A1
MED1,EP300
MED1,NR4A1
MED1,ANXA4
MED1,AEBP2
MED1,PHF5A
MED1,DDB1
MED1,TMED2
MED1,KANSL3
MED1,RBBP5
MED1,SRSF1
MED1,OGT
MED1,HIRA
MED1,YY1
MED1,SMARCA4
MED1,ARID1A
MED1,RRN3
MED1,MBD3
MED1,GCNT2
MED1,CTCF
MED1,BRD2
MED1,CDK7
MED1,POLE4
MED1,ARHGAP1
MED1,INO80
MED1,RPP25
MED1,KMT2C
MED1,SUZ12
MED1,STAG1
MED1,GGA2
MED1,LMNB1
MED1,TRP53
MED1,PLEKHF2
MED1,TDG
MED1,GTF2B
MED1,CTSL
MED1,PIPOX
MED1,PTP4A1
MED1,UBA2
MED1,RANBP17
MED1,ZC3H11A
MED1,ATP6V0E
MED1,BSG
MED1,HMGA1
MED1,TBRG1
MED1,KAT5
MED1,KDM1A
MED1,EP400
MED1,RARA
MED1,SSR1
MED1,MAX
MED1,SMC3
MED1,P4HA1
MED1,TRAM1
MED1,SSRP1
MED1,SPP1
MED1,HSP90AB1
MED1,NCAPG
MED1,TCN2
MED1,CDC73
MED1,ZFYVE21
MED1,IMPDH2
MED1,NRF1
MED1,KMT2B
MED1,DMAP1
MED1,COPG1
MED1,ZFP143
MED1,TCF3
MED1,NELFA
MED1,CALU
MED1,IRF2BPL
MED1,SUMO2
MED1,IER2
MED1,UBTF
MED1,IKBIP
MED1,APAF1
MED1,HMGA1B
MED1,NFYB
MED1,GFPT1
MED1,CDC16
MED1,SNX2
MED1,EDEM1
MED1,MCM2
MED1,TAF3
MED1,TMEM30A
MED1,SSR4
MED1,XRCC5
MED1,TMED10
MED1,LPAR2
MED1,SAP30
MED1,ELL
MED1,PLA2G15
MED1,CBX5
MED1,USP16
MED1,P4HB
MED1,MORC3
MED1,WDR11
MED1,KDELC2
MED1,EIF2S2
MED1,TNKS
MED1,SLC39A7
MED1,ILK
MED1,SMARCAD1
MED1,APP
MED1,SIRT6
MED1,REEP5
MED1,SET
MED1,PDIA3
MED1,BAZ1B
MED1,ARPC2
MED1,PPIB
MED1,IFITM2
MED1,CHMP4B
MED1,GSR
MED1,COPA
MED1,ARF1
MED1,ACP6
MED1,MYDGF
MED1,USP28
MED1,CNOT3
MED1,EED
MED1,RUVBL2
MED1,TET3
MED1,HNRNPL
MED1,SEC11A
MED1,ARF4
MED1,LRRC2
MED1,EXT2
MED1,TGOLN1
MED1,DUSP6
MED1,RIF1
MED1,SIK1
MED1,MDN1
MED1,CST3
MED1,PARP1
MED1,MBD2
MED1,COMMD3
MED1,STT3A
MED1,RAD23B
MED1,MED26
MED1,MYLPF
MED1,TGIF1
MED1,SMARCA2
MED1,DERL1
MED1,E4F1
MED1,MSL2
MED1,ATP6V0A1
MED1,VAMP3
MED1,TCF12
MED1,KAT8
MED1,KDM5A
MED1,SPNS2
MED1,SELENOS
MED1,SELENOW
MED1,TMED9
MED1,BTAF1
MED1,UPP1
MED1,CXXC1
MED1,SEC24D
MED1,PHC1
MED1,GALNT7
MED1,NUP210
MED1,PTPN21
MED1,ADAM10
MED1,RFFL
MED1,TMEM214
MED1,ZYX
MED1,PURB
MED1,NCAPH2
MED1,MSH6
MED1,LMF2
MED1,NANOG
MED1,KDM2A
MED1,DPF2
MED1,ARID3A
MED1,NACC1
MED1,POFUT2
MED1,OAT
MED1,SMAD1
MED1,RTN3
MED1,GSTA4
MED1,COLGALT1
MED1,ZBTB44
MED1,SS18
MED1,CDK8
MED1,RAD21
MED1,MPHOSPH8
MED1,TBP
MED1,KLF4
MED1,GMNN
MED1,KLF2
MED1,ARFGAP1
MED1,FBXW8
MED1,FUT8
MED1,ZFP384
MED1,NCOR1
MED1,SMARCC1
MED1,DGCR8
MED1,PARD6B
MED1,EZH2
MED1,DNAJC10
MED1,RNF138
MED1,RAB3IL1
MED1,METTL3
MED1,GLMP
MED1,REST
MED1,SLC35F5
MED1,SETDB1
MED1,ABHD5
MED1,LRRC34
MED1,PSEN1
MED1,XPNPEP1
MED1,BMI1
MED1,ATF7IP
MED1,ASS1
MED1,OSTC
MED1,HEXIM1
MED1,H13
MED1,RPN1
MED1,TCOF1
MED1,IFI30
MED1,CDC42SE2
MED1,B4GALT1
MED1,SETX
MED1,GOT1
MED1,PRDM14
MED1,FBRSL1
MED1,FBXO22
MED1,DPY30
MED1,TRIM28
MED1,MAFK
MED1,KCTD10
MED1,MAPK8
MED1,HDAC1
MED1,FZD5
MED1,TDGF1
MED1,MEN1
MED1,KDM2B
MED1,NFYA
MED1,APPBP2
MED1,PRDX4
MED1,GXYLT1
MED1,PDIA5
MED1,MCRS1
MED1,CBFA2T2
MED1,NFXL1
MED1,SMC1A
MED1,PLOD2
MED1,TAX1BP3
MED1,RCC2
MED1,ELOB
MED1,ERF
MED1,PNP
MED1,XBP1
MED1,SSR3
MED1,WDR5
MED1,SOD1
MED1,ITGB1
MED1,BRD9
MED1,PDK1
MED1,SLC7A6
MED1,SARAF
MED1,GFPT2
MED1,MYH9
MED1,PRKCE
MED1,TMED3
MED1,CREB3L2
MED1,DNAJC3
MED1,ZFX
MED1,RAB11A
MED1,GALK1
MED1,MYBL2
MED1,TMBIM6
MED1,SURF4
MED1,HDAC2
MED1,RER1
MED1,THAP11
MED1,GNAI3
MED1,DCTPP1
MED1,TGIF2
MED1,GNPTAB
MED1,TET2
MED1,PDIA6
MED1,RUVBL1
MED1,CLN6
MED1,KDM5B
MED1,RPN2
MED1,E2F1
MED1,FKBP5
MED1,LAMC1
MED1,CLCN5
MED1,DDX21
MED1,TLE4
MED1,MAP1A
MED1,RCOR1
MED1,CTSZ
MED1,TM9SF3
MED1,CCDC88C
MED1,TDH
MED1,DR1
MED1,RBBP7
MED1,ZFP710
MED1,KLF5
MED1,RYBP
MED1,SDCBP
MED1,UHRF1
MED1,ZFP428
MED1,SETD1A
MED1,PLOD3
MED1,CARHSP1
MED1,TMEM150A
MED1,KLHDC3
MED1,SEMA4C
MED1,NID1
MED1,OPLAH
MED1,ZFP217
MED1,ETV5
MED1,ZMYND8
MED1,RETREG1
MED1,DAXX
MED1,PKNOX1
MED1,PHRF1
MED1,GSN
MED1,KDM6A
MED1,TAF2
MED1,MYL6
MED1,CHD1
MED1,MAPKAPK2
MED1,AMPD2
MED1,CREB3
MED1,HIRIP3
MED1,KDELR2
MED1,VKORC1
MED1,EHMT2
MED1,FNDC3B
MED1,GTF3C1
MED1,ZFP42
MED1,MKRN1
MED1,BAZ1A
MED1,TBX3
MED1,CHD7
MED1,E2F4
MED1,SUMO1
MED1,SMAD2
MED1,VSIR
MED1,IGFBP2
MED1,KAT6B
MED1,TCF15
MED1,SLC39A1
MED1,PCGF2
MED1,ALDH2
MED1,UBQLN2
MED1,ITGAV
MED1,FRMD4A
MED1,SLC15A1
MED1,CTBP2
MED1,TMEM165
MED1,GNAS
MED1,MSL1
MED1,WDR82
MED1,FRS2
MED1,N4BP3
MED1,GLIPR2
MED1,MSH2
MED1,NCAPD3
MED1,DAP
MED1,TMEM144
MED1,ETV1
MED1,NUCB1
MED1,RAP1GDS1
MED1,RNF2
MED1,ELL2
MED1,BCLAF3
MED1,FUT9
MED1,SEPT1
MED1,BRD4
MED1,SOAT1
MED1,SLC39A8
MED1,ARFIP1
MED1,NASP
MED1,APOBEC3
MED1,B2M
MED1,MYC
MED1,ZFP819
MED1,KRTCAP2
MED1,PITPNC1
MED1,L1TD1
MED1,CBX1
MED1,MTA2
MED1,SOX2
MED1,RAB2A
MED1,CPOX
MED1,NONO
MED1,P3H1
MED1,RRBP1
MED1,HEATR1
MED1,FKBP9
MED1,ARL8A
MED1,STX3
MED1,OSBP
MED1,LRPAP1
MED1,ZFP57
MED1,GLO1
MED1,SHF
MED1,KDELR1
MED1,PAF1
MED1,COPB1
MED1,CBX7
MED1,COBLL1
MED1,MAN1A
MED1,ST5
MED1,CDK9
MED1,PRDM15
MED1,STAG2
MED1,SEC23A
MED1,JUN
MED1,POU5F1
MED1,TMEM9B
MED1,PWP1
MED1,SETD7
MED1,HTATSF1
MED1,RBPMS2
MED1,ITGA6
MED1,SMAD3
MED1,JARID2
MED1,MAN1A2
MED1,ZFP281
MED1,SORD
MED1,FOXH1
MED1,PCOLCE
MED1,HELB
MED1,TMEM59
MED1,2410141K09RIK
MED1,ETV4
MED1,USP7
MED1,F3
MED1,ACBD3
MED1,TXNDC5
MED1,PTOV1
MED1,MMGT1
MED1,CTR9
MED1,COTL1
MED1,ITPK1
MED1,DROSHA
MED1,TPD52
MED1,ARF5
MED1,CTDSPL
MED1,TMOD3
MED1,ANO10
MED1,PTPN14
MED1,MED12
MED1,NIPBL
MED1,BMPR2
MED1,TPM4
MED1,UTP14A
MED1,TEX264
MED1,ARHGAP29
MED1,ACTL6A
MED1,DUSP9
MED1,CBX8
MED1,LY75
MED1,ZFP322A
MED1,RBMXL2
MED1,AGPAT4
MED1,GDPD5
MED1,HSD17B14
MED1,MOV10
MED1,EFEMP2
MED1,TFE3
MED1,RARG
MED1,MARC2
MED1,HDAC3
MED1,KDM4A
MED1,AMFR
MED1,GNA12
MED1,ZFP532
MED1,ZFP459
MED1,ALPL
MED1,LEO1
MED1,SMYD2
MED1,DKC1
MED1,FN1
MED1,GLI2
MED1,HSPB1
MED1,SALL4
MED1,ME1
MED1,TET1
MED1,MPRIP
MED1,FBLIM1
MED1,PAFAH1B3
MED1,NR5A2
MED1,GGTA1
MED1,GCNT1
MED1,NCOR2
MED1,TSPAN9
MED1,TTC39B
MED1,DOCK5
MED1,MVB12B
MED1,SERPING1
MED1,GABBR1
MED1,TUBB2B
MED1,BNC2
MED1,SLC7A3
MED1,LAMB2
MED1,GATA4
MED1,MSL3
MED1,1700061G19RIK
MED1,DPPA2
MED1,P3H4
MED1,CAR2
MED1,ANK
MED1,EPAS1
MED1,CHD4
MED1,WDR46
MED1,CHCHD10
MED1,CREBBP
MED1,TALDO1
MED1,FLRT3
MED1,ADGRA2
MED1,PLA2G1B
MED1,NIPSNAP1
MED1,ZFHX3
MED1,SFRP1
MED1,DAB2
MED1,HNF1B
MED1,CBX2
MED1,LYN
MED1,EPOP
MED1,LDLRAP1
MED1,HCFC1
MED1,ARHGEF28
MED1,GLDC
MED1,PFKP
MED1,ATRX
MED1,FAM129B
MED1,CCND1
MED1,TAF1
MED1,ALG13
MED1,FGFR1
MED1,BAG2
MED1,SPARC
MED1,ZIC2
MED1,ZFP979
MED1,GLI1
MED1,ADAM23
MED1,ZIC3
MED1,PHLDB2
MED1,HSPG2
MED1,ADAM19
MED1,LTBP4
MED1,NOTCH4
MED1,PCOLCE2
MED1,COBL
MED1,CPD
MED1,COL18A1
MED1,DRAM1
MED1,CRTC3
MED1,PLOD1
MED1,DNMT3B
MED1,BAZ2A
MED1,DCLK2
MED1,LRP2
MED1,STARD10
MED1,TFCP2L1
MED1,ZCCHC24
MED1,MYCN
MED1,2200002D01RIK
MED1,IFITM1
MED1,RRAS2
MED1,PATJ
MED1,SALL1
MED1,LAMA1
MED1,HSF2BP
MED1,OTX2
MED1,NR0B1
MED1,CKAP4
MED1,AU018091
MED1,CHST15
MED1,ELL3
MED1,OBSL1
MED1,PLAT
MED1,FGF4
MED1,QSOX1
MED1,RXRA
MED1,ARHGEF5
MED1,P4HA2
MED1,FST
MED1,TCL1
MED1,GHR
MED1,ERAS
MED1,SNURF
MED1,SNRPN
MED1,BASP1
MED1,AFF3
MED1,GDF3
MED1,TYRO3
MED1,ENOX1
MED1,FXYD6
MED1,B4GALNT4
MED1,SPOCK1
MED1,FGD1
MED1,PML
MED1,TRH
MED1,UTF1
MED1,SLC9A6
MED1,COL4A2
MED1,BEND5
MED1,DPPA4
MED1,PRKAA2
MED1,TCEA3
MED1,BMPER
MED1,FGF10
MED1,RCN3
MED1,EVA1A
MED1,PXDN
MED1,LAMB1
MED1,COL4A1
MED12,CLTC
MED12,RIF1
MED12,RDM1
MED12,MTF2
MED12,ADNP
MED12,PRDM15
MED12,MYMX
MED12,CALM1
MED12,IMPDH2
MED12,KANSL3
MED12,KMT2C
MED12,NFYC
MED12,KAT8
MED12,KMT2D
MED12,GNB2
MED12,PSEN1
MED12,PRDX1
MED12,MBD3
MED12,SMARCA5
MED12,PIPOX
MED12,TDGF1
MED12,HSP90AA1
MED12,TBRG1
MED12,RBPJ
MED12,MED23
MED12,TFRC
MED12,KDM5A
MED12,GORASP2
MED12,STAT3
MED12,COLGALT1
MED12,LAMP1
MED12,HMGA1B
MED12,HMGA1
MED12,INO80
MED12,POLE4
MED12,GTF2B
MED12,PHC1
MED12,SELENOS
MED12,DDOST
MED12,SH3GLB1
MED12,KDM2B
MED12,ARF4
MED12,SRSF1
MED12,HSP90AB1
MED12,RAF1
MED12,EP400
MED12,SSRP1
MED12,CDC73
MED12,RPN2
MED12,POU5F1
MED12,DARS
MED12,ZFP143
MED12,HDAC2
MED12,GSR
MED12,KAT6B
MED12,ARID1A
MED12,TCF3
MED12,LRRC59
MED12,ETV1
MED12,KMT2B
MED12,RANBP17
MED12,SLC15A1
MED12,ZBTB2
MED12,CD63
MED12,ZC3H11A
MED12,PTOV1
MED12,FBXO22
MED12,NRF1
MED12,ERF
MED12,SETD1A
MED12,ACP6
MED12,MFSD1
MED12,EED
MED12,HDLBP
MED12,SPP1
MED12,SETDB1
MED12,KDM1A
MED12,CBX3
MED12,ZFP384
MED12,YEATS4
MED12,BTAF1
MED12,NSL1
MED12,KLF4
MED12,TRAM1
MED12,SOD1
MED12,UBA2
MED12,LMNB1
MED12,TRIM28
MED12,LRRC58
MED12,EZH2
MED12,SS18
MED12,KLF2
MED12,AEBP2
MED12,SUPT16
MED12,SMC3
MED12,E2F1
MED12,STAG1
MED12,SUZ12
MED12,PHRF1
MED12,ZBTB44
MED12,PKNOX1
MED12,BRD2
MED12,ZFP532
MED12,ITGB1
MED12,GABARAP
MED12,NFYB
MED12,FBXW8
MED12,PTP4A1
MED12,TCF12
MED12,CLN6
MED12,CTSL
MED12,EP300
MED12,RYBP
MED12,PDIA3
MED12,SRSF2
MED12,IRF2BPL
MED12,CTCF
MED12,PLEKHF2
MED12,CALR
MED12,SMARCA4
MED12,FOXH1
MED12,DMAP1
MED12,SET
MED12,ME1
MED12,FABP3
MED12,UPP1
MED12,OSBP
MED12,TXNDC12
MED12,RBBP5
MED12,P4HA1
MED12,OAT
MED12,ELL
MED12,NPM1
MED12,PNP
MED12,CBX5
MED12,ZFHX3
MED12,B4GALT1
MED12,ATP6V0E
MED12,KDM5B
MED12,CDC42SE2
MED12,ZFP428
MED12,MSL2
MED12,ARF1
MED12,SETX
MED12,CDC16
MED12,DGCR8
MED12,PPIB
MED12,RER1
MED12,RRN3
MED12,NCOR1
MED12,XRCC5
MED12,SMARCAD1
MED12,EDEM1
MED12,DUSP6
MED12,TMEM165
MED12,PDK1
MED12,PTPN14
MED12,PAFAH1B3
MED12,HSPA4
MED12,TMEM214
MED12,SUPT5
MED12,MAPKAPK2
MED12,RAD23B
MED12,HNRNPL
MED12,LAMC1
MED12,RCOR1
MED12,ABHD5
MED12,NACC1
MED12,YY1
MED12,MORC3
MED12,SURF4
MED12,TGIF2
MED12,SLC25A4
MED12,SLC16A1
MED12,APPBP2
MED12,ATF7IP
MED12,SMAD1
MED12,CHST15
MED12,NUP210
MED12,PDCD6IP
MED12,VAMP3
MED12,APEX1
MED12,HEXIM1
MED12,SIK1
MED12,FKBP5
MED12,RNF2
MED12,RBMXL2
MED12,DDB1
MED12,RPN1
MED12,BRD4
MED12,ASPH
MED12,TAF3
MED12,SEMA4C
MED12,PURB
MED12,KCTD10
MED12,BRD9
MED12,TMED2
MED12,SMAD2
MED12,CDK7
MED12,HIRA
MED12,WDR5
MED12,KDM4C
MED12,SEC24A
MED12,GSTA4
MED12,DNAJC10
MED12,CBX1
MED12,SMARCC1
MED12,FKBP9
MED12,TSPAN9
MED12,NELFA
MED12,NASP
MED12,RRAS2
MED12,GMNN
MED12,GCNT2
MED12,PTPN21
MED12,HDAC1
MED12,SIRT6
MED12,RNF138
MED12,RPP25
MED12,NCAPH2
MED12,LMF2
MED12,GFPT1
MED12,COPA
MED12,TCF15
MED12,PHF5A
MED12,WDR11
MED12,MED26
MED12,ARHGAP1
MED12,F3
MED12,OGT
MED12,E4F1
MED12,MKRN1
MED12,FBRSL1
MED12,SUMO1
MED12,DR1
MED12,L1TD1
MED12,GGA2
MED12,TAF2
MED12,LPAR2
MED12,CDC5L
MED12,CBFA2T2
MED12,ILK
MED12,BAZ1B
MED12,GLMP
MED12,DPY30
MED12,PDIA5
MED12,ZFP281
MED12,MBD2
MED12,SLC39A1
MED12,GFPT2
MED12,RAP1GDS1
MED12,MPHOSPH8
MED12,ACTL6A
MED12,ZFX
MED12,MYBL2
MED12,AARS
MED12,SALL4
MED12,TMED3
MED12,ITGAV
MED12,POFUT2
MED12,RBPMS2
MED12,MDN1
MED12,KLHDC3
MED12,NCAPG
MED12,ZYX
MED12,DERL1
MED12,RRBP1
MED12,GLIPR2
MED12,FUT8
MED12,FNDC3B
MED12,METTL3
MED12,RCC2
MED12,NANOG
MED12,2410141K09RIK
MED12,MED1
MED12,KAT5
MED12,TMOD3
MED12,UHRF1
MED12,PHLDB2
MED12,CKAP4
MED12,MTA2
MED12,PCOLCE2
MED12,MAN1A2
MED12,PATJ
MED12,TMED10
MED12,USP16
MED12,SELENOW
MED12,ARHGAP29
MED12,RUVBL2
MED12,ELL2
MED12,KDM2A
MED12,SAP18
MED12,TMEM30A
MED12,NR4A1
MED12,GLO1
MED12,IKBIP
MED12,APAF1
MED12,NFYA
MED12,CST3
MED12,GOT1
MED12,COPG1
MED12,RAD21
MED12,MAX
MED12,ARPC5
MED12,MAPK8
MED12,CAR2
MED12,ARID3A
MED12,TAX1BP3
MED12,RTN3
MED12,GNA12
MED12,TGIF1
MED12,SARAF
MED12,H13
MED12,CPD
MED12,TMED9
MED12,OSTC
MED12,ZFP217
MED12,CBX2
MED12,CHMP4B
MED12,P4HB
MED12,ATP6V0A1
MED12,SERBP1
MED12,RFFL
MED12,BMI1
MED12,DDX21
MED12,UBTF
MED12,MYL6
MED12,OPLAH
MED12,ADAM10
MED12,TEX264
MED12,CDK8
MED12,GNS
MED12,BEND5
MED12,TXNDC5
MED12,ACBD3
MED12,KDELC2
MED12,PARP1
MED12,RAB2A
MED12,TM9SF3
MED12,KLF5
MED12,TET2
MED12,ZFP57
MED12,ZFP42
MED12,TMEM150A
MED12,REST
MED12,BMPR2
MED12,AP2A2
MED12,CHD1
MED12,CALU
MED12,COPB1
MED12,LAMB2
MED12,AMFR
MED12,SUMO2
MED12,TDH
MED12,GNAI3
MED12,SEC11A
MED12,TRP53
MED12,ATRX
MED12,TPM4
MED12,UBQLN2
MED12,FUT9
MED12,JUN
MED12,SERPING1
MED12,SOX2
MED12,MSH6
MED12,FN1
MED12,CTSD
MED12,WDR82
MED12,ITGA6
MED12,TBP
MED12,ZFP322A
MED12,IGFBP2
MED12,TPD52
MED12,ETV5
MED12,SETD7
MED12,NAA10
MED12,BSG
MED12,GLDC
MED12,IER2
MED12,FZD5
MED12,LRRC2
MED12,DICER1
MED12,TMBIM6
MED12,FGF4
MED12,SLC39A7
MED12,STARD10
MED12,BCLAF3
MED12,PLOD2
MED12,APP
MED12,GXYLT1
MED12,TFE3
MED12,CXXC1
MED12,STT3A
MED12,PWP1
MED12,SSR1
MED12,EXT2
MED12,BNC2
MED12,SLC7A6
MED12,SDCBP
MED12,JARID2
MED12,ARPC2
MED12,ZFP710
MED12,EIF2S2
MED12,CCDC88C
MED12,MSL1
MED12,SLC35F5
MED12,TGOLN1
MED12,ARFGAP1
MED12,LRPAP1
MED12,CDK9
MED12,USP28
MED12,GLI2
MED12,CREB3
MED12,HIRIP3
MED12,HEATR1
MED12,TNKS
MED12,MSH2
MED12,GABBR1
MED12,XPNPEP1
MED12,CCND1
MED12,HTATSF1
MED12,TLE4
MED12,RBBP7
MED12,TET3
MED12,ALPL
MED12,XBP1
MED12,REEP5
MED12,RARA
MED12,FRS2
MED12,MARC2
MED12,SAP30
MED12,P3H4
MED12,MAFK
MED12,ETV4
MED12,MYLPF
MED12,LRP2
MED12,DCTPP1
MED12,TCOF1
MED12,ELOB
MED12,NFXL1
MED12,BAG2
MED12,ITPK1
MED12,USP7
MED12,SMAD3
MED12,PARD6B
MED12,N4BP3
MED12,SOAT1
MED12,DNAJC3
MED12,SMC1A
MED12,SHF
MED12,ADAM19
MED12,CREBBP
MED12,ADAM23
MED12,RUVBL1
MED12,ERP29
MED12,PLOD3
MED12,LRRC34
MED12,PRDX4
MED12,TMEM9B
MED12,PDIA6
MED12,ZIC2
MED12,KDELR2
MED12,SNX7
MED12,NCAPD3
MED12,NONO
MED12,B2M
MED12,GALK1
MED12,ARFIP1
MED12,HELB
MED12,MOV10
MED12,ST5
MED12,TDG
MED12,PAF1
MED12,MCRS1
MED12,ZFP819
MED12,GTF3C1
MED12,GHR
MED12,FRMD4A
MED12,CHD7
MED12,PLA2G15
MED12,DNMT3B
MED12,RAB11A
MED12,KDM6A
MED12,SEC24D
MED12,ASS1
MED12,KDM4A
MED12,UTF1
MED12,GDPD5
MED12,CTBP2
MED12,SALL1
MED12,CBX7
MED12,DROSHA
MED12,LAMB1
MED12,SNX2
MED12,PRKCE
MED12,DOCK5
MED12,HCFC1
MED12,NR0B1
MED12,DAXX
MED12,MYC
MED12,MMGT1
MED12,TUBB2B
MED12,VSIR
MED12,DAP
MED12,FHDC1
MED12,COL18A1
MED12,MAP1A
MED12,CARHSP1
MED12,PRKAA2
MED12,PRDM14
MED12,TGFBR3
MED12,FBLIM1
MED12,COBLL1
MED12,ADGRA2
MED12,TET1
MED12,CNOT3
MED12,BASP1
MED12,FGFR1
MED12,MYH9
MED12,E2F4
MED12,MPRIP
MED12,DCLK2
MED12,SNURF
MED12,SNRPN
MED12,CPOX
MED12,HSPB1
MED12,AGPAT4
MED12,LAMA1
MED12,FGD1
MED12,LY75
MED12,HSPG2
MED12,IFITM1
MED12,QSOX1
MED12,GNPTAB
MED12,STAG2
MED12,FGF10
MED12,HIP1
MED12,TBX3
MED12,BAZ1A
MED12,ALG13
MED12,SSR3
MED12,DKC1
MED12,LEO1
MED12,FLRT3
MED12,ZFYVE21
MED12,TIMP2
MED12,TMEM59
MED12,COBL
MED12,TTC39B
MED12,DAB2
MED12,RARG
MED12,FXYD6
MED12,MYDGF
MED12,CBX8
MED12,THAP11
MED12,STX3
MED12,SSR4
MED12,NCOR2
MED12,TRH
MED12,ANK
MED12,ERAS
MED12,VKORC1
MED12,CHCHD10
MED12,SPARC
MED12,AFF3
MED12,SPNS2
MED12,ZCCHC24
MED12,SMYD2
MED12,GNAS
MED12,GCNT1
MED12,ARF5
MED12,CTSZ
MED12,SMARCA2
MED12,BMP1
MED12,P3H1
MED12,SLC7A3
MED12,PARVA
MED12,PITPNC1
MED12,FAM129B
MED12,EHMT2
MED12,MYCN
MED12,TALDO1
MED12,COMMD3
MED12,ENOX1
MED12,HAP1
MED12,CTR9
MED12,GALNT7
MED12,SEC23A
MED12,DRAM1
MED12,TFCP2L1
MED12,SFRP1
MED12,PCGF2
MED12,ANO10
MED12,TYRO3
MED12,ZMYND8
MED12,CLCN5
MED12,ARL8A
MED12,NID1
MED12,KRTCAP2
MED12,TAF1
MED12,HS3ST1
MED12,SLC9A6
MED12,CHD4
MED12,CRTC3
MED12,NOTUM
MED12,MAN1A
MED12,SH3PXD2B
MED12,NIPBL
MED12,KDM6B
MED12,MCM2
MED12,SUPT6
MED12,NR5A2
MED12,TMEM144
MED12,APOBEC3
MED12,MVB12B
MED12,ZFP979
MED12,SPOCK1
MED12,KRT8
MED12,MOB3B
MED12,GSN
MED12,GDF3
MED12,SERPINH1
MED12,TCN2
MED12,ZIC3
MED12,MEN1
MED12,B4GALNT4
MED12,RASGRP2
MED12,DPF2
MED12,MRAS
MED12,PFKP
MED12,SORD
MED12,GNG10
MED12,CEMIP
MED12,UTP14A
MED12,ALDH2
MED12,EFEMP2
MED12,P4HA2
MED12,RETREG1
MED12,TCEA3
MED12,PDGFRA
MED12,LDLRAP1
MED12,NUCB1
MED12,SELENOM
MED12,PCOLCE
MED12,COL4A2
MED12,COL4A1
MED12,SEPT1
MED12,IFI30
MED12,KDELR1
MED12,KHDC3
MED12,NIPSNAP1
MED12,COTL1
MED12,EPOP
MED12,ILDR1
MED12,ZFP459
MED12,SIN3A
MED12,JAM2
MED12,P3H2
MED12,DUSP9
MED12,RXRA
MED12,LTBP4
MED12,GGTA1
MED12,BAZ2A
MED12,MSL3
MED12,EPAS1
MED12,LGALS3
MED12,IFITM2
MED12,BMPER
MED12,CREB3L2
MED12,NOTCH4
MED12,EVA1A
MED12,OOEP
MED12,DTX3L
MED12,COL27A1
MED12,WDR46
MED12,PLOD1
MED12,EPHA1
MED12,CERS4
MED23,RDM1
MED26,CDC5L
MED26,YEATS4
MED26,POLE4
MED26,NSL1
MED26,RAF1
MED26,SUPT5
MED26,KAT8
MED26,GSTA4
MED26,COPG1
MED26,MED1
MED26,RDM1
MED26,SMC3
MED26,SS18
MED26,EED
MED26,RPN1
MED26,KDM5A
MED26,TAF3
MED26,KCTD10
MED26,METTL3
MED26,MSL2
MED26,NCAPG
MED26,ARF1
MED26,DARS
MED26,XRCC5
MED26,DGCR8
MED26,SSR4
MED26,RBBP5
MED26,MCRS1
MED26,WDR82
MED26,DPY30
MED26,SERBP1
MED26,CARHSP1
MED26,NRF1
MED26,TET2
MED26,HTATSF1
MED26,SSR1
MED26,UBA2
MED26,SNX2
MED26,DDX21
MED26,BAZ1B
MED26,NFYC
MED26,PTP4A1
MED26,STT3A
MED26,SMARCA4
MED26,SELENOW
MED26,PRDX1
MED26,TGOLN1
MED26,BTAF1
MED26,DERL1
MED26,RRN3
MED26,RAD23B
MED26,TRIM28
MED26,ARID1A
MED26,SRSF1
MED26,SUMO1
MED26,TMBIM6
MED26,COPA
MED26,TAX1BP3
MED26,WDR5
MED26,CLTC
MED26,ZFP143
MED26,APPBP2
MED26,TMED9
MED26,MORC3
MED26,HDLBP
MED26,MDN1
MED26,GLO1
MED26,HDAC2
MED26,LEO1
MED26,LAMP1
MED26,TAF2
MED26,SMARCA5
MED26,CTCF
MED26,RANBP17
MED26,STAG1
MED26,CTSL
MED26,NASP
MED26,EIF2S2
MED26,ERP29
MED26,TMEM165
MED26,SAP18
MED26,NCAPH2
MED26,LMF2
MED26,HIRA
MED26,MYBL2
MED26,NELFA
MED26,SDCBP
MED26,LRRC58
MED26,CALR
MED26,KANSL3
MED26,GGA2
MED26,PHF5A
MED26,SOD1
MED26,PRDX4
MED26,GTF2B
MED26,SLC39A7
MED26,CBX5
MED26,KLF2
MED26,OSTC
MED26,HSPA4
MED26,TXNDC12
MED26,RIF1
MED26,BSG
MED26,NPM1
MED26,TRP53
MED26,DR1
MED26,SUZ12
MED26,PLEKHF2
MED26,KMT2D
MED26,ATP6V0A1
MED26,GMNN
MED26,SSRP1
MED26,SHF
MED26,SLC16A1
MED26,SUMO2
MED26,ATF7IP
MED26,KAT5
MED26,HSP90AA1
MED26,CDC16
MED26,INO80
MED26,RNF138
MED26,MTF2
MED26,YY1
MED26,MCM2
MED26,ADNP
MED26,MBD3
MED26,E2F1
MED26,P4HB
MED26,RYBP
MED26,SMAD1
MED26,KDM2A
MED26,ACTL6A
MED26,BRD9
MED26,KDM1A
MED26,CDC42SE2
MED26,LRPAP1
MED26,MPHOSPH8
MED26,CBX1
MED26,MYDGF
MED26,RRBP1
MED26,GORASP2
MED26,CBX3
MED26,TMED10
MED26,SMARCAD1
MED26,OGT
MED26,FKBP5
MED26,EZH2
MED26,SSR3
MED26,HSP90AB1
MED26,ETV5
MED26,WDR11
MED26,HEXIM1
MED26,SUPT16
MED26,CALU
MED26,ASPH
MED26,NCAPD3
MED26,DDOST
MED26,GABARAP
MED26,GFPT1
MED26,TBP
MED26,DNAJC10
MED26,SMARCC1
MED26,SRSF2
MED26,RTN3
MED26,CALM1
MED26,XBP1
MED26,CDC73
MED26,KMT2B
MED26,TCF12
MED26,GSR
MED26,ZBTB44
MED26,FBXW8
MED26,SMC1A
MED26,HNRNPL
MED26,TDG
MED26,RBPMS2
MED26,TRAM1
MED26,RPN2
MED26,AARS
MED26,SETDB1
MED26,MSH2
MED26,NONO
MED26,ATP6V0E
MED26,RCC2
MED26,2410141K09RIK
MED26,BMPR2
MED26,PNP
MED26,TMEM30A
MED26,TBRG1
MED26,LMNB1
MED26,ZBTB2
MED26,CREBBP
MED26,KDM5B
MED26,SET
MED26,HELB
MED26,CDK9
MED26,PAF1
MED26,FBXO22
MED26,NUP210
MED26,DKC1
MED26,SELENOS
MED26,PURB
MED26,SIK1
MED26,HEATR1
MED26,E4F1
MED26,CST3
MED26,AEBP2
MED26,MAFK
MED26,GNAI3
MED26,TFRC
MED26,TPD52
MED26,MSH6
MED26,BRD4
MED26,DNAJC3
MED26,ZFP384
MED26,GNS
MED26,H13
MED26,SURF4
MED26,ZFP428
MED26,SETD1A
MED26,LRRC59
MED26,KDELR2
MED26,PDIA3
MED26,MKRN1
MED26,CDK7
MED26,RAD21
MED26,GOT1
MED26,NCOR1
MED26,HIRIP3
MED26,FRS2
MED26,ZC3H11A
MED26,DDB1
MED26,B4GALT1
MED26,HCFC1
MED26,AGPAT4
MED26,PWP1
MED26,PDIA6
MED26,RBBP7
MED26,ZFP217
MED26,RNF2
MED26,NACC1
MED26,PPIB
MED26,TXNDC5
MED26,IKBIP
MED26,CHD1
MED26,APAF1
MED26,SLC25A4
MED26,KLF4
MED26,ZFP57
MED26,UBQLN2
MED26,ZFHX3
MED26,APEX1
MED26,ARFGAP1
MED26,ZFX
MED26,DCTPP1
MED26,EP400
MED26,SUPT6
MED26,SETX
MED26,MAPK8
MED26,L1TD1
MED26,ARF4
MED26,KLF5
MED26,RBPJ
MED26,SLC7A6
MED26,POFUT2
MED26,TCF3
MED26,ARPC5
MED26,ARHGAP1
MED26,TNKS
MED26,SEC11A
MED26,SEC24A
MED26,LRP2
MED26,ALG13
MED26,ZFP281
MED26,ILK
MED26,PDIA5
MED26,USP7
MED26,CTSD
MED26,TUBB2B
MED26,ATRX
MED26,IRF2BPL
MED26,RPP25
MED26,COBL
MED26,MMGT1
MED26,ELL
MED26,FBRSL1
MED26,PHRF1
MED26,TMOD3
MED26,NFYA
MED26,SMAD2
MED26,EP300
MED26,RER1
MED26,PSEN1
MED26,RUVBL2
MED26,PARP1
MED26,ZFP42
MED26,VAMP3
MED26,DROSHA
MED26,CXXC1
MED26,HMGA1B
MED26,HMGA1
MED26,RBMXL2
MED26,TMEM214
MED26,GTF3C1
MED26,COLGALT1
MED26,IER2
MED26,P4HA1
MED26,MYL6
MED26,B2M
MED26,FUT8
MED26,XPNPEP1
MED26,ACBD3
MED26,PLOD3
MED26,FNDC3B
MED26,ITGB1
MED26,ARFIP1
MED26,CNOT3
MED26,CD63
MED26,EDEM1
MED26,PDK1
MED26,NFYB
MED26,PKNOX1
MED26,HSPB1
MED26,BRD2
MED26,KDM4A
MED26,GLMP
MED26,MED23
MED26,TCOF1
MED26,KDM4C
MED26,GFPT2
MED26,TM9SF3
MED26,CDK8
MED26,TLE4
MED26,AP2A2
MED26,SARAF
MED26,RRAS2
MED26,ELL2
MED26,USP16
MED26,TBX3
MED26,CBFA2T2
MED26,NIPBL
MED26,UHRF1
MED26,P3H1
MED26,PTOV1
MED26,ACP6
MED26,NR0B1
MED26,FUT9
MED26,ITPK1
MED26,JUN
MED26,RAB2A
MED26,DMAP1
MED26,MYH9
MED26,STAT3
MED26,NUCB1
MED26,ADAM23
MED26,PRDM15
MED26,DUSP6
MED26,UTP14A
MED26,CTSZ
MED26,GDPD5
MED26,RCOR1
MED26,ME1
MED26,USP28
MED26,PARD6B
MED26,SEC24D
MED26,PDCD6IP
MED26,FXYD6
MED26,ARHGAP29
MED26,ZFP322A
MED26,PLOD2
MED26,LRRC34
MED26,EPOP
MED26,NFXL1
MED26,NCOR2
MED26,SLC35F5
MED26,COPB1
MED26,KDM6A
MED26,LAMC1
MED26,ETV4
MED26,RUVBL1
MED26,BNC2
MED26,CKAP4
MED26,PHC1
MED26,FKBP9
MED26,FGD1
MED26,SH3GLB1
MED26,FN1
MED26,TFCP2L1
MED26,SIRT6
MED26,CLN6
MED26,KMT2C
MED26,MBD2
MED26,EXT2
MED26,ZFP979
MED26,HDAC1
MED26,CTR9
MED26,ADAM10
MED26,MAN1A2
MED26,HAP1
MED26,TDH
MED26,OAT
MED26,ARPC2
MED26,RAB11A
MED26,PTPN21
MED26,OSBP
MED26,REST
MED26,IMPDH2
MED26,TDGF1
MED26,HSPG2
MED26,BASP1
MED26,FABP3
MED26,GALK1
MED26,ZFYVE21
MED26,NR4A1
MED26,RFFL
MED26,NAA10
MED26,TGIF2
MED26,CCDC88C
MED26,SPARC
MED26,CHD4
MED26,KAT6B
MED26,PIPOX
MED26,CBX7
MED26,IGFBP2
MED26,GXYLT1
MED26,HSF2BP
MED26,FZD5
MED26,F3
MED26,ETV1
MED26,CREB3
MED26,ERF
MED26,PCOLCE2
MED26,TSPAN9
MED26,SEC23A
MED26,GCNT2
MED26,MFSD1
MED26,CREB3L2
MED26,TMEM59
MED26,CAR2
MED26,MARC2
MED26,GNA12
MED26,COMMD3
MED26,ITGAV
MED26,ZFP710
MED26,CPOX
MED26,PLOD1
MED26,DPF2
MED26,DCLK2
MED26,GNPTAB
MED26,TPM4
MED26,TAF1
MED26,MYMX
MED26,KDM2B
MED26,CTBP2
MED26,E2F4
MED26,KLHDC3
MED26,FLRT3
MED26,GNB2
MED26,GCNT1
MED26,SAP30
MED26,RAP1GDS1
MED26,GNAS
MED26,DAXX
MED26,ST5
MED26,PAFAH1B3
MED26,TMED2
MED26,SETD7
MED26,ELOB
MED26,MAX
MED26,CLCN5
MED26,BAZ1A
MED26,TET3
MED26,REEP5
MED26,SOAT1
MED26,SLC7A3
MED26,STX3
MED26,LAMA1
MED26,FAM129B
MED26,STAG2
MED26,WDR46
MED26,TGIF1
MED26,SNURF
MED26,SNRPN
MED26,SLC39A1
MED26,SOX2
MED26,MPRIP
MED26,GDF3
MED26,PRKAA2
MED26,ZIC3
MED26,ITGA6
MED26,KDELC2
MED26,TEX264
MED26,PLA2G15
MED26,SALL4
MED26,CHD7
MED26,QSOX1
MED26,ZMYND8
MED26,DICER1
MED26,MTA2
MED26,LY75
MED26,MAPKAPK2
MED26,ZFP819
MED26,ZYX
MED26,SPP1
MED26,ANO10
MED26,LRRC2
MED26,BAG2
MED26,TTC39B
MED26,MYCN
MED26,SIN3A
MED26,AMFR
MED26,ZFP459
MED26,AMPD2
MED26,TCF15
MED26,SRI
MED26,MYLPF
MED26,SMYD2
MED26,SALL1
MED26,ABHD5
MED26,PATJ
MED26,DOCK5
MED26,ASS1
MED26,ARID3A
MED26,ARF5
MED26,PITPNC1
MED26,FBLIM1
MED26,TMED3
MED26,MED12
MED26,VKORC1
MED26,ZIC2
MED26,KRTCAP2
MED26,PCGF2
MED26,KDELR1
MED26,JARID2
MED26,MOV10
MED26,EHMT2
MED26,BCLAF3
MED26,LAMB2
MED26,GLIPR2
MED26,GLDC
MED26,BMI1
MED26,SNX7
MED26,ADAM19
MED26,FGF4
MED26,B4GALNT4
MED26,GABBR1
MED26,NIPSNAP1
MED26,TMEM9B
MED26,ALPL
MED26,MAN1A
MED26,IFI30
MED26,FOXH1
MED26,CHST15
MED26,ZCCHC24
MED26,SFRP1
MED26,DAP
MED26,MSL3
MED26,MSL1
MED26,N4BP3
MED26,IFITM2
MED26,LPAR2
MED26,RARA
MED26,MBNL2
MED26,TYRO3
MED26,MAP1A
MED26,CPD
MED26,ALDH2
MED26,COL18A1
MED26,TMEM144
MED26,ZFP532
MED26,UTF1
MED26,NANOG
MED26,CHMP4B
MED26,UPP1
MED26,UBTF
MED26,ANK
MED26,APOBEC3
MED26,ANXA4
MED26,LAMB1
MED26,COBLL1
MED26,FRMD4A
MED26,LDLRAP1
MED26,GLI2
MED26,SLC9A6
MED26,FGFR1
MED26,GNG10
MED26,SORD
MED26,NODAL
MED26,TCN2
MED26,PTPN14
MED26,TMEM150A
MED26,MYC
MED26,APP
MED26,TALDO1
MED26,MVB12B
MED26,ERAS
MED26,DTX3L
MED26,TIMP3
MED26,PFKP
MED26,MEN1
MED26,2200002D01RIK
MED26,SLC15A1
MED26,PML
MED26,KDELR3
MED26,CRTC3
MED26,VAMP8
MED26,JAM2
MED26,NID1
MED26,SMAD3
MED26,MCAM
MED26,VSIR
MED26,GALNT7
MED26,CCND1
MED26,CBX2
MED26,MOB3B
MED26,ARL8A
MED26,SEMA4C
MED26,DPPA2
MED26,ANP32A
MED26,SERPING1
MED26,MRAS
MED26,RETREG1
MED26,DUSP9
MED26,CERS4
MED26,CHCHD10
MED26,TRH
MED26,ZFP990
MED26,TFE3
MED26,PARVA
MED26,BAZ2A
MED26,RCN3
MED26,SH3PXD2B
MED26,TIMP2
MED26,THAP11
MED26,RXRA
MED26,PHLDB2
MED26,DPPA4
MED26,DAB2
MED26,HDAC3
MED26,PRKCE
MED26,GGTA1
MED26,LYN
MED26,EVA1A
MED26,PLA2G1B
MED26,POU5F1
MED26,AFF3
MED26,EPAS1
MED26,PHF19
MED26,GPC6
MED26,GHR
MEN1,OSBP
MEN1,HNRNPL
MEN1,STT3A
MEN1,KAT6B
MEN1,CNOT3
MEN1,GOT1
MEN1,RUVBL2
MEN1,HIP1
MEN1,ZFP143
MEN1,ZFYVE21
MEN1,RCOR1
MEN1,MPHOSPH8
MEN1,TMBIM6
MEN1,RPN2
MEN1,GTF2B
MEN1,DDOST
MEN1,MTF2
MEN1,SELENOS
MEN1,DGCR8
MEN1,SEC11A
MEN1,DROSHA
MEN1,SSR3
MEN1,FKBP5
MEN1,RRBP1
MEN1,CLTC
MEN1,XBP1
MEN1,MAN1A
MEN1,RRN3
MEN1,ASPH
MEN1,ETV5
MEN1,PDIA6
MEN1,SRSF2
MEN1,MYH9
MEN1,NFYA
MEN1,ADNP
MEN1,TFRC
MEN1,GORASP2
MEN1,ANP32A
MEN1,BAZ1B
MEN1,RAF1
MEN1,NSL1
MEN1,SEC24A
MEN1,FBXO22
MEN1,CBX5
MEN1,EP400
MEN1,GLO1
MEN1,POLE4
MEN1,CBFA2T2
MEN1,CALR
MEN1,ITGAV
MEN1,DDX21
MEN1,LRRC59
MEN1,ARPC2
MEN1,DTX3L
MEN1,NELFA
MEN1,UBA2
MEN1,PDIA3
MEN1,GNA12
MEN1,SLC25A4
MEN1,DARS
MEN1,SERBP1
MEN1,MPRIP
MEN1,LY75
MEN1,ARPC5
MEN1,DNAJC10
MEN1,P4HB
MEN1,DR1
MEN1,OAT
MEN1,WDR11
MEN1,CCDC88C
MEN1,MSL2
MEN1,SIN3A
MEN1,BRD9
MEN1,SRSF1
MEN1,FUT8
MEN1,CALU
MEN1,SUPT16
MEN1,CBX3
MEN1,PSEN1
MEN1,SEC23A
MEN1,GALNT7
MEN1,RAP1GDS1
MEN1,MYLPF
MEN1,TMEM30A
MEN1,MAFK
MEN1,NCAPG
MEN1,SARAF
MEN1,MFSD1
MEN1,RAD21
MEN1,MOV10
MEN1,RRAS2
MEN1,CDC42SE2
MEN1,CREB3
MEN1,H13
MEN1,GTF3C1
MEN1,TBRG1
MEN1,ACBD3
MEN1,ADAM10
MEN1,KANSL3
MEN1,ARF4
MEN1,NFYC
MEN1,PHRF1
MEN1,KAT8
MEN1,EZH2
MEN1,EP300
MEN1,TMEM165
MEN1,E2F1
MEN1,PDCD6IP
MEN1,RUVBL1
MEN1,DCTPP1
MEN1,SOAT1
MEN1,RDM1
MEN1,GFPT1
MEN1,NPM1
MEN1,ZFP281
MEN1,TAF2
MEN1,SUPT5
MEN1,PARP1
MEN1,SLC7A6
MEN1,KDM5A
MEN1,MTA2
MEN1,TRAM1
MEN1,SUZ12
MEN1,PURB
MEN1,STAG1
MEN1,ARL8A
MEN1,GNAI3
MEN1,TCF12
MEN1,B4GALT1
MEN1,KDM4C
MEN1,HDLBP
MEN1,ZFP322A
MEN1,CDK7
MEN1,SLC16A1
MEN1,IMPDH2
MEN1,RETREG1
MEN1,ADAM19
MEN1,TGFBR3
MEN1,KMT2C
MEN1,TPM4
MEN1,KLF5
MEN1,APPBP2
MEN1,MKRN1
MEN1,YEATS4
MEN1,TNKS
MEN1,IKBIP
MEN1,APAF1
MEN1,BAZ1A
MEN1,PDK1
MEN1,PPIB
MEN1,PHF5A
MEN1,CBX1
MEN1,TAF3
MEN1,RPN1
MEN1,VAMP3
MEN1,PHF19
MEN1,P4HA1
MEN1,TM9SF3
MEN1,USP16
MEN1,SETX
MEN1,RAB2A
MEN1,ZBTB44
MEN1,ATP6V0E
MEN1,VSIR
MEN1,HIRA
MEN1,MBD2
MEN1,ATP6V0A1
MEN1,CREB3L2
MEN1,PLEKHF2
MEN1,NCOR1
MEN1,RNF138
MEN1,NCAPD3
MEN1,DICER1
MEN1,SMAD1
MEN1,TMEM9B
MEN1,RAD23B
MEN1,SMARCA4
MEN1,SETD1A
MEN1,PLA2G15
MEN1,AARS
MEN1,KDM4A
MEN1,TMEM214
MEN1,KDM1A
MEN1,CDC16
MEN1,B2M
MEN1,MED23
MEN1,MED26
MEN1,ITGA6
MEN1,STAT3
MEN1,DPY30
MEN1,ITGB1
MEN1,PWP1
MEN1,KMT2D
MEN1,TMOD3
MEN1,FRS2
MEN1,BRD4
MEN1,TMED9
MEN1,COPB1
MEN1,DAP
MEN1,ARFIP1
MEN1,MDN1
MEN1,SMAD2
MEN1,SAP30
MEN1,CTCF
MEN1,B4GALNT4
MEN1,SDCBP
MEN1,YY1
MEN1,ARID1A
MEN1,WDR82
MEN1,PAF1
MEN1,TDG
MEN1,NACC1
MEN1,SAP18
MEN1,BTAF1
MEN1,TLE4
MEN1,QSOX1
MEN1,NIPBL
MEN1,ELL2
MEN1,SH3GLB1
MEN1,TAX1BP3
MEN1,RAB11A
MEN1,MARC2
MEN1,MAPKAPK2
MEN1,TPD52
MEN1,LAMP1
MEN1,LRRC58
MEN1,RNF2
MEN1,TET2
MEN1,ARHGAP29
MEN1,TET3
MEN1,CDK8
MEN1,ILK
MEN1,GSR
MEN1,PNP
MEN1,AMFR
MEN1,ABHD5
MEN1,FBRSL1
MEN1,SSR1
MEN1,SMARCA5
MEN1,EED
MEN1,CPD
MEN1,CHD1
MEN1,DOCK5
MEN1,E2F4
MEN1,NRF1
MEN1,SEC24D
MEN1,BMPR2
MEN1,GGA2
MEN1,KDM2A
MEN1,CBX8
MEN1,OSTC
MEN1,COPA
MEN1,DRAM1
MEN1,COBLL1
MEN1,CHST15
MEN1,BAG2
MEN1,SLC39A1
MEN1,KDM2B
MEN1,GNS
MEN1,INO80
MEN1,2410141K09RIK
MEN1,SMARCAD1
MEN1,KCTD10
MEN1,P4HA2
MEN1,ACP6
MEN1,TIMP2
MEN1,COMMD3
MEN1,BEND5
MEN1,P3H1
MEN1,ANK
MEN1,KDELC2
MEN1,SETDB1
MEN1,RBBP5
MEN1,PAFAH1B3
MEN1,MAPK8
MEN1,COPG1
MEN1,ZFHX3
MEN1,COLGALT1
MEN1,TBX3
MEN1,F3
MEN1,DPF2
MEN1,CDC5L
MEN1,TFCP2L1
MEN1,CHMP4B
MEN1,LYN
MEN1,CBX2
MEN1,PRDM15
MEN1,SMYD2
MEN1,CDC73
MEN1,PTPN21
MEN1,FHDC1
MEN1,PHLDB2
MEN1,TBP
MEN1,MAP1A
MEN1,FNDC3B
MEN1,SLC9A6
MEN1,PTPN14
MEN1,ME1
MEN1,SPNS2
MEN1,LRP2
MEN1,STARD10
MEN1,PDIA5
MEN1,PDE4DIP
MEN1,PTH1R
MEN1,FGFR1
MEN1,TET1
MEN1,RARG
MEN1,TSPAN9
MEN1,PARVA
MEN1,ARHGEF5
MEN1,RBMXL2
MEN1,PCOLCE2
MEN1,FRMD4A
MEN1,BMPER
MEN1,FGF3
MEN1,ADAM23
MEN1,ZIC2
MEN1,GLDC
MEN1,OTX2
MEN1,CAR2
MEN1,P3H2
MEN1,FUT9
MEN1,ZFP57
MEN1,DAB2
MEN1,COL4A2
MEN1,COL4A1
MEN1,PRKAA2
MEN1,MRAS
MEN1,PDGFRA
MEN1,GFPT2
MEN1,GATA4
MEN1,FAM129B
MEN1,ENOX1
MEN1,BMP1
MEN1,APP
MEN1,BNC2
MEN1,HNF1B
MEN1,L1TD1
MEN1,ST5
MEN1,GCNT2
MEN1,GABBR1
METTL3,SMARCA5
METTL3,IER2
METTL3,SUPT16
METTL3,CDK8
METTL3,PDIA5
METTL3,DARS
METTL3,MED23
METTL3,EIF2S2
METTL3,ARF4
METTL3,TBRG1
METTL3,GLO1
METTL3,APEX1
METTL3,E4F1
METTL3,TMOD3
METTL3,MDN1
METTL3,HSPB1
METTL3,INO80
METTL3,GALNT7
METTL3,SUZ12
METTL3,CBX5
METTL3,ELL
METTL3,MTF2
METTL3,QSOX1
METTL3,ZFP322A
METTL3,FBXO22
METTL3,SLC7A6
METTL3,COPG1
METTL3,MSL2
METTL3,RAD23B
METTL3,PSEN1
METTL3,MPHOSPH8
METTL3,KMT2C
METTL3,COPA
METTL3,FN1
METTL3,STAT3
METTL3,EP400
METTL3,SARAF
METTL3,HSP90AA1
METTL3,IMPDH2
METTL3,ZFP819
METTL3,CTR9
METTL3,SETDB1
METTL3,CREBBP
METTL3,NPM1
METTL3,ZFP281
METTL3,THAP11
METTL3,RFFL
METTL3,GSR
METTL3,MED26
METTL3,AARS
METTL3,ETV4
METTL3,RANBP17
METTL3,PRDX1
METTL3,ARFIP1
METTL3,RAD21
METTL3,NCAPD3
METTL3,CDK7
METTL3,RPN1
METTL3,CDC42SE2
METTL3,SERPING1
METTL3,APPBP2
METTL3,SOX2
METTL3,CLTC
METTL3,CPD
METTL3,NFXL1
METTL3,2410141K09RIK
METTL3,EP300
METTL3,ZBTB2
METTL3,ATP6V0E
METTL3,LAMC1
METTL3,XBP1
METTL3,CALU
METTL3,CERS4
METTL3,HDLBP
METTL3,P4HB
METTL3,ARPC2
METTL3,PNP
METTL3,PDK1
METTL3,BASP1
METTL3,SEC24D
METTL3,TFCP2L1
METTL3,P3H1
METTL3,YY1
METTL3,ADNP
METTL3,EZH2
METTL3,NELFA
METTL3,DERL1
METTL3,COPB1
METTL3,PTP4A1
METTL3,KAT8
METTL3,HELB
METTL3,PLA2G15
METTL3,ACBD3
METTL3,LYN
METTL3,MAX
METTL3,LAMP1
METTL3,MAP1A
METTL3,KDM2A
METTL3,ACTL6A
METTL3,DDX21
METTL3,RBPJ
METTL3,KAT5
METTL3,SELENOS
METTL3,TBP
METTL3,GFPT1
METTL3,ZFP143
METTL3,SLC39A8
METTL3,MPRIP
METTL3,ATF7IP
METTL3,KDM2B
METTL3,NFYC
METTL3,KDM5A
METTL3,CDC5L
METTL3,HSPA4
METTL3,GFPT2
METTL3,NASP
METTL3,ZFP384
METTL3,TMEM9B
METTL3,DROSHA
METTL3,POLE4
METTL3,SEC23A
METTL3,TALDO1
METTL3,FKBP9
METTL3,ZC3H11A
METTL3,MSH2
METTL3,TMEM59
METTL3,NCOR1
METTL3,TM9SF3
METTL3,RTN3
METTL3,ELL3
METTL3,AGPAT4
METTL3,EED
METTL3,GTF3C1
METTL3,P4HA2
METTL3,SUPT5
METTL3,SUMO1
METTL3,STAG1
METTL3,GSN
METTL3,ARF1
METTL3,SELENOW
METTL3,CTCF
METTL3,TMED3
METTL3,SETX
METTL3,SNURF
METTL3,SNRPN
METTL3,CALR
METTL3,MAPKAPK2
METTL3,SRSF1
METTL3,ASPH
METTL3,B2M
METTL3,CTBP2
METTL3,TMED9
METTL3,SLC35F5
METTL3,LRRC34
METTL3,GDPD5
METTL3,MED1
METTL3,RAF1
METTL3,ZYX
METTL3,ARFGAP1
METTL3,RBBP5
METTL3,ADAM19
METTL3,SAP30
METTL3,PRKAA2
METTL3,ANO10
METTL3,PURB
METTL3,TGOLN1
METTL3,SOD1
METTL3,ARPC5
METTL3,GMNN
METTL3,SERBP1
METTL3,NUCB1
METTL3,SRSF2
METTL3,PHF5A
METTL3,TNKS
METTL3,NCAPG
METTL3,HIP1
METTL3,BRD9
METTL3,SAP18
METTL3,SUPT6
METTL3,RNF2
METTL3,HIRA
METTL3,P3H4
METTL3,NID1
METTL3,TTC39B
METTL3,RAB11A
METTL3,GTF2B
METTL3,ANXA4
METTL3,SLC16A1
METTL3,RBMXL2
METTL3,CST3
METTL3,FUT9
METTL3,NMNAT2
METTL3,CAR2
METTL3,SSRP1
METTL3,GORASP2
METTL3,ZFP532
METTL3,JUN
METTL3,MCRS1
METTL3,BMPR2
METTL3,ADAM10
METTL3,MOV10
METTL3,CDC16
METTL3,RUVBL1
METTL3,TGIF1
METTL3,KANSL3
METTL3,TAF3
METTL3,IKBIP
METTL3,FGF4
METTL3,APAF1
METTL3,OPLAH
METTL3,MEN1
METTL3,ITGB1
METTL3,ELL2
METTL3,RCN3
METTL3,TPM4
METTL3,PARVA
METTL3,GLIPR2
METTL3,ATP6V0A1
METTL3,UHRF1
METTL3,OAT
METTL3,RNF138
METTL3,MCM2
METTL3,ELOB
METTL3,CBX3
METTL3,CALM1
METTL3,KLHDC3
METTL3,SELENOM
METTL3,EPAS1
METTL3,PCGF2
METTL3,NFYA
METTL3,FHDC1
METTL3,CREB3L2
METTL3,GGA2
METTL3,ZBTB44
METTL3,ERP29
METTL3,GNAI3
METTL3,POFUT2
METTL3,B4GALT1
METTL3,SMARCC1
METTL3,FBRSL1
METTL3,TGIF2
METTL3,UTF1
METTL3,VAMP3
METTL3,NSL1
METTL3,HDAC3
METTL3,MMGT1
METTL3,COBLL1
METTL3,ZFP57
METTL3,TCF12
METTL3,MAFK
METTL3,SIK1
METTL3,XPNPEP1
METTL3,SIRT6
METTL3,TLE4
METTL3,EMP2
METTL3,P4HA1
METTL3,CNOT3
METTL3,TGFBR3
METTL3,PRDM15
METTL3,MFSD1
METTL3,GNAS
METTL3,GNA12
METTL3,SUMO2
METTL3,USP16
METTL3,SLC15A1
METTL3,RAP1GDS1
METTL3,STARD10
METTL3,KDM4A
METTL3,DMAP1
METTL3,SETD1A
METTL3,TMBIM6
METTL3,SURF4
METTL3,STT3A
METTL3,DGCR8
METTL3,EXT2
METTL3,DAP
METTL3,CBX7
METTL3,SPNS2
METTL3,TFRC
METTL3,CKAP4
METTL3,KLF2
METTL3,EFEMP2
METTL3,TAF2
METTL3,PLEKHF2
METTL3,FKBP5
METTL3,TAX1BP3
METTL3,HSP90AB1
METTL3,TET1
METTL3,KLF5
METTL3,SDCBP
METTL3,DR1
METTL3,WDR82
METTL3,KAT6B
METTL3,CBX1
METTL3,USP28
METTL3,TRAM1
METTL3,SPOCK1
METTL3,TXNDC12
METTL3,BAZ1A
METTL3,ZCCHC24
METTL3,MOB3B
METTL3,PRKCE
METTL3,MAN1A2
METTL3,TUBB2B
METTL3,AEBP2
METTL3,SMAD1
METTL3,KCTD10
METTL3,ITGA6
METTL3,ARHGAP1
METTL3,PHLDB2
METTL3,RER1
METTL3,PRSS35
METTL3,NRF1
METTL3,RPN2
METTL3,TIMP2
METTL3,HS3ST1
METTL3,NACC1
METTL3,EDEM1
METTL3,COTL1
METTL3,MYLPF
METTL3,LMNB1
METTL3,L1TD1
METTL3,REEP5
METTL3,LAMB1
METTL3,H13
METTL3,FAM114A1
METTL3,LPAR2
METTL3,KDM4C
METTL3,HAP1
METTL3,DTX3L
METTL3,ZFP459
METTL3,RCOR1
METTL3,NONO
METTL3,CD63
METTL3,DNAJC3
METTL3,AFF3
METTL3,HEATR1
METTL3,NIPSNAP1
METTL3,TMED10
METTL3,DPY30
METTL3,RAB2A
METTL3,GHR
METTL3,TMEM30A
METTL3,TMED2
METTL3,ARHGAP29
METTL3,SOAT1
METTL3,SH3GLB1
METTL3,ABHD5
METTL3,ILDR1
METTL3,UPP1
METTL3,SEC24A
METTL3,TSPAN9
METTL3,MBD2
METTL3,COLGALT1
METTL3,CRYAB
METTL3,YEATS4
METTL3,CPOX
METTL3,DDB1
METTL3,LRRC59
METTL3,PLOD2
METTL3,SEC11A
METTL3,LRPAP1
METTL3,FUT8
METTL3,SLC25A4
METTL3,NUP210
METTL3,MAPK8
METTL3,KDELR2
METTL3,GLI1
METTL3,PDIA3
METTL3,COBL
METTL3,FABP3
METTL3,TMEM165
METTL3,GALK1
METTL3,GLI2
METTL3,CBX2
METTL3,SS18
METTL3,PDE4DIP
METTL3,AP2A2
METTL3,FGFR1
METTL3,CMKLR1
METTL3,CBFA2T2
METTL3,AMFR
METTL3,ANP32A
METTL3,ITGAV
METTL3,DICER1
METTL3,KDELR1
METTL3,PTPN14
METTL3,LEO1
METTL3,DNMT3B
METTL3,COL27A1
METTL3,LY75
METTL3,GOT1
METTL3,SMARCA4
METTL3,SRI
METTL3,MARC2
METTL3,CDC73
METTL3,USP7
METTL3,PARD6B
METTL3,SOX17
METTL3,PIPOX
METTL3,TRIM28
METTL3,JARID2
METTL3,GCNT2
METTL3,CEMIP
METTL3,PWP1
METTL3,WDR5
METTL3,OSBP
METTL3,SEMA4C
METTL3,MSL1
METTL3,IRF2BPL
METTL3,ZFP428
METTL3,MKRN1
METTL3,EPHA1
METTL3,ME1
METTL3,DNAJC10
METTL3,TCEA3
METTL3,UBTF
METTL3,VAMP8
METTL3,PHRF1
METTL3,ADGRA2
METTL3,WDR11
METTL3,TET2
METTL3,SMAD2
METTL3,RBPMS2
METTL3,SLC39A1
METTL3,TET3
METTL3,ARL8A
METTL3,ALDH2
METTL3,TDG
METTL3,PAFAH1B3
METTL3,KDM6B
METTL3,FRS2
METTL3,VKORC1
METTL3,ADAM23
METTL3,EPOP
METTL3,HSPG2
METTL3,BMPER
METTL3,PDGFRA
METTL3,HDAC2
METTL3,ETV5
METTL3,GLDC
METTL3,SORD
METTL3,SFRP1
METTL3,CHD7
METTL3,BNC2
METTL3,FBXW8
METTL3,CTSL
METTL3,SHTN1
METTL3,RARG
METTL3,PFKP
METTL3,ACP6
METTL3,MBD3
METTL3,ZFP979
METTL3,NAA10
METTL3,ILK
METTL3,ZFP710
METTL3,GNG10
METTL3,SH3PXD2B
METTL3,MYH9
METTL3,TMEM150A
METTL3,MTA2
METTL3,RXRA
METTL3,SET
METTL3,KRTCAP2
METTL3,KHDC3
METTL3,SSR4
METTL3,SETD7
METTL3,PAF1
METTL3,GCNT1
METTL3,ARHGEF28
METTL3,SSR1
METTL3,MYL6
METTL3,KMT2B
METTL3,GATA6
METTL3,CARHSP1
METTL3,BEND5
METTL3,PDCD6IP
METTL3,MORC3
METTL3,PXDN
METTL3,SPP1
METTL3,CXXC1
METTL3,CDK9
METTL3,PATJ
METTL3,ITPK1
METTL3,DDOST
METTL3,ST5
METTL3,PTH1R
METTL3,BTAF1
METTL3,TMEM144
METTL3,RRAS2
METTL3,PLAT
METTL3,TIMP3
METTL3,SNX2
METTL3,GPA33
METTL3,CHD1
METTL3,TRP53
METTL3,PTPN21
METTL3,TBX3
METTL3,STX3
METTL3,NIPBL
METTL3,PPIB
METTL3,L3MBTL3
METTL3,TXNDC5
METTL3,DCTPP1
METTL3,GPX3
METTL3,CHD4
METTL3,SSR3
METTL3,MSH6
METTL3,BAZ1B
METTL3,ZMYND8
METTL3,SMARCAD1
METTL3,RARA
METTL3,PDIA6
METTL3,PARP1
METTL3,FNDC3B
METTL3,CTSD
METTL3,LAMB2
METTL3,RYBP
METTL3,HDAC1
METTL3,PHC1
METTL3,F3
METTL3,BCLAF3
METTL3,ZFP42
METTL3,ZFHX3
METTL3,OSTC
METTL3,TPD52
METTL3,OBSL1
METTL3,GDF3
METTL3,COMMD3
METTL3,UTP14A
METTL3,RRBP1
METTL3,BRD4
METTL3,CCDC88C
METTL3,JAM2
METTL3,TCOF1
METTL3,BAG2
METTL3,PCOLCE2
METTL3,LRP2
METTL3,BSG
METTL3,PKNOX1
METTL3,XRCC5
METTL3,OOEP
METTL3,MED12
METTL3,CLCN5
METTL3,HTATSF1
METTL3,FRMD4A
METTL3,RIF1
METTL3,DRAM1
METTL3,MYBL2
METTL3,E2F4
METTL3,ASS1
METTL3,UBA2
METTL3,MYDGF
METTL3,KMT2D
METTL3,LRRC58
METTL3,GXYLT1
METTL3,COL4A2
METTL3,COL4A1
METTL3,GATA4
METTL3,DCLK2
METTL3,BRD2
METTL3,SMC3
METTL3,PCBD1
METTL3,RETREG1
METTL3,MAN1A
METTL3,AMPD2
METTL3,STAG2
METTL3,MVB12B
METTL3,FGD1
METTL3,SIN3A
METTL3,FBLIM1
METTL3,HEXIM1
METTL3,ZFYVE21
METTL3,EHMT2
METTL3,IFITM2
METTL3,RRN3
METTL3,FOXH1
METTL3,APP
METTL3,ZIC3
METTL3,RAB3IL1
METTL3,P3H2
METTL3,HMGA1B
METTL3,HMGA1
METTL3,ENOX1
METTL3,SERPINH1
METTL3,IFI30
METTL3,2200002D01RIK
METTL3,CREB3
METTL3,TEX264
METTL3,SNX7
METTL3,RDM1
METTL3,HIRIP3
METTL3,BAZ2A
METTL3,TDH
METTL3,GNS
METTL3,LAMA1
METTL3,PITPNC1
METTL3,RUVBL2
METTL3,NFYB
METTL3,IGFBP2
METTL3,CHMP4B
METTL3,CBX8
METTL3,FGF3
METTL3,DPF2
METTL3,PLOD1
METTL3,FGF10
METTL3,TMEM214
METTL3,GABARAP
METTL3,RBBP7
METTL3,KDM1A
MORC3,ELL
MORC3,HEXIM1
MORC3,CLTC
MORC3,PHRF1
MORC3,PHF5A
MORC3,SETD1A
MORC3,STAG1
MORC3,ARID3A
MORC3,DARS
MORC3,KMT2D
MORC3,GNB2
MORC3,CBX5
MORC3,PLOD3
MPHOSPH8,HDAC2
MPHOSPH8,SOX2
MPHOSPH8,SMARCA5
MPHOSPH8,RYBP
MPHOSPH8,RBMXL2
MPHOSPH8,RAP1GDS1
MPHOSPH8,TMED3
MPHOSPH8,IER2
MPHOSPH8,LRRC58
MPHOSPH8,ZBTB44
MPHOSPH8,TRIM28
MPHOSPH8,DPY30
MPHOSPH8,PDIA5
MPHOSPH8,ASPH
MPHOSPH8,SH3GLB1
MPHOSPH8,AEBP2
MPHOSPH8,SEC24D
MPHOSPH8,NR0B1
MPHOSPH8,MFSD1
MPHOSPH8,STAG1
MPHOSPH8,BRD4
MPHOSPH8,RPP25
MPHOSPH8,RRN3
MPHOSPH8,MTF2
MPHOSPH8,TCF15
MPHOSPH8,MAN1A2
MPHOSPH8,LAMP1
MSL1,ELOB
MSL1,SIN3A
MSL1,STAT3
MSL1,YY1
MSL1,ARL8A
MSL1,KDM1A
MSL1,XBP1
MSL1,KDM5B
MSL1,RAF1
MSL1,HSP90AB1
MSL1,TTC39B
MSL1,SIK1
MSL1,RTN3
MSL1,CLTC
MSL1,APPBP2
MSL1,HSP90AA1
MSL1,FNDC3B
MSL1,FKBP5
MSL1,HAP1
MSL1,IER2
MSL1,MAX
MSL1,ETV5
MSL1,TCF3
MSL1,CTSL
MSL1,ARHGAP1
MSL1,ARPC2
MSL1,ARPC5
MSL1,CREB3L2
MSL1,SNX2
MSL1,MSH6
MSL1,NASP
MSL1,SRSF2
MSL1,ZFP143
MSL1,HSPA4
MSL2,ELOB
MSL2,RAF1
MSL2,RTN3
MSL2,NELFA
MSL2,YY1
MSL2,SRSF2
MSL2,ZFP143
MSL2,JUN
MSL2,PHF5A
MSL2,OGT
MSL2,CBX5
MSL2,HCFC1
MSL2,CEMIP
MSL2,RFFL
MSL2,CTCF
MSL2,ZMYND8
MSL2,AARS
MSL2,ZC3H11A
MSL2,USP7
MSL2,RDM1
MSL2,ZFP532
MSL2,STAG2
MSL2,ARF1
MSL2,NSL1
MSL2,ATRX
MSL2,SRSF1
MSL2,MYL6
MSL2,HIRIP3
MSL2,SUMO2
MSL2,NFYB
MSL2,NFYC
MSL2,SETD7
MSL2,NRF1
MSL2,EP300
MSL2,NFYA
MSL2,ZFX
MSL2,SIRT6
MSL2,RRAS2
MSL2,SUPT5
MSL2,TTC39B
MTA2,CTCF
MTA2,MSH6
MTA2,PPIB
MTA2,ADNP
MTA2,BSG
MTA2,CALU
MTA2,MTF2
MTA2,MED26
MTA2,STAG1
MTA2,KDELR2
MTA2,AP2A2
MTA2,ITPK1
MTA2,SEC24D
MTA2,EZH2
MTA2,TDG
MTA2,PDIA3
MTA2,ARF4
MTA2,SUMO2
MTA2,MBD3
MTA2,BRD4
MTA2,COLGALT1
MTA2,ZBTB2
MTA2,IMPDH2
MTA2,KDM2B
MTA2,USP28
MTA2,APPBP2
MTA2,RFFL
MTA2,UHRF1
MTA2,ACBD3
MTA2,HELB
MTA2,MAPK8
MTA2,SEC24A
MTA2,HDLBP
MTA2,TCF12
MTA2,KDM4C
MTA2,SSR1
MTA2,CREBBP
MTA2,SRSF1
MTA2,SMARCA4
MTA2,NFYC
MTA2,ITGB1
MTA2,CHD1
MTA2,ASS1
MTA2,TEX264
MTA2,HSP90AB1
MTA2,BTAF1
MTA2,DGCR8
MTA2,SMARCA5
MTA2,MOB3B
MTA2,XPNPEP1
MTA2,PTPN14
MTA2,SLC7A6
MTA2,KDELC2
MTA2,SMARCAD1
MTA2,PIPOX
MTA2,HMGA1B
MTA2,HMGA1
MTA2,GLIPR2
MTA2,DPF2
MTA2,RNF138
MTA2,GSTA4
MTA2,ZFYVE21
MTA2,KDM5B
MTA2,TMEM150A
MTA2,NR4A1
MTA2,RIF1
MTA2,ACP6
MTA2,LAMA1
MTA2,YY1
MTA2,GNS
MTA2,SPP1
MTA2,NCAPD3
MTA2,LRPAP1
MTA2,SLC7A3
MTA2,ZFX
MTA2,PATJ
MTA2,ST5
MTA2,2410141K09RIK
MTA2,RYBP
MTA2,UPP1
MTA2,LRRC34
MTF2,ELOB
MTF2,USP7
MTF2,BMP1
MTF2,BMI1
MTF2,ESRRB
MTF2,IHH
MTF2,MSX2
MTF2,SLC39A8
MTF2,PTH1R
MTF2,SELENON
MTF2,TGFBR3
MTF2,P3H2
MTF2,COL27A1
MTF2,CRTC3
MTF2,BMPER
MTF2,GNAS
MTF2,FST
MTF2,ADGRA2
MTF2,FOXA2
MTF2,FRMD4A
MTF2,FGF3
MTF2,SPOCK1
MTF2,SHTN1
MTF2,FHDC1
MTF2,MAN1A
MTF2,PDGFRA
MTF2,L3MBTL3
MTF2,BAZ1A
MTF2,GPC6
MTF2,COBLL1
MTF2,P4HA2
MTF2,CDH6
MTF2,ZIC2
MTF2,CPD
MTF2,APP
MTF2,PARVA
MTF2,CDK8
MTF2,ANK
MTF2,PRKCE
MTF2,AFF3
MTF2,SNX7
MTF2,ARHGEF28
MTF2,COL4A2
MTF2,COL4A1
MTF2,SPNS2
MTF2,KHDC3
MTF2,ELL
MTF2,ANO10
MTF2,CHST15
MTF2,LYN
MTF2,LAMB1
MTF2,DTX1
MTF2,ABHD5
MTF2,AMFR
MTF2,HS3ST1
MTF2,CTDSPL
MTF2,ENOX1
MTF2,ARHGAP29
MTF2,TIMP2
MTF2,GALNT7
MTF2,HNF1B
MTF2,PDE4DIP
MTF2,ME1
MTF2,FAM114A1
MTF2,GSN
MTF2,DRAM1
MTF2,SMARCA5
MTF2,NMNAT2
MTF2,PXDN
MTF2,PTPN14
MTF2,RAP1GDS1
MTF2,SETD7
MTF2,GDPD5
MTF2,SMYD2
MTF2,DNMT3B
MTF2,HSPB1
MTF2,JUN
MTF2,OTX2
MTF2,SH3PXD2B
MTF2,ZFHX3
MTF2,MAPKAPK2
MTF2,STARD10
MTF2,TIMP3
MTF2,LRP2
MTF2,GATA4
MTF2,GLDC
MTF2,SMARCA2
MTF2,RXRA
MTF2,ZYX
MTF2,PHLDB2
MTF2,GNG10
MTF2,DAB2
MTF2,CBX2
MTF2,PHF19
MTF2,SFRP1
MTF2,SOX17
MTF2,FGFR4
MTF2,GHR
MTF2,TENM4
MTF2,ARHGEF5
MTF2,DOCK5
MTF2,FGF10
MTF2,TET3
MTF2,MFSD1
MTF2,CEMIP
MTF2,QSOX1
MTF2,BAG2
MTF2,MVB12B
MTF2,KANSL3
MTF2,NOTUM
MTF2,MAN1A2
MTF2,SETDB1
MTF2,MRAS
MTF2,DPY30
MTF2,APOBEC3
MTF2,CHD7
MTF2,SRI
MTF2,CAR2
MTF2,MAFK
MTF2,DAP
MTF2,CLCN5
MTF2,COMMD3
MTF2,EPAS1
MTF2,TBX3
MTF2,BMPR2
MTF2,B2M
MTF2,OBSL1
MYC,RIF1
MYC,POU5F1
NAA10,APOBEC3
NANOG,UPP1
NANOG,SPP1
NANOG,SLC15A1
NANOG,RIF1
NANOG,MTF2
NANOG,POU5F1
NANOG,OTX2
NANOG,RBPJ
NANOG,TFE3
NANOG,PLEKHF2
NANOG,WDR82
NANOG,CST3
NANOG,SLC7A3
NANOG,ETV1
NANOG,2410141K09RIK
NANOG,MED12
NANOG,MSH6
NANOG,PHC1
NANOG,KMT2C
NANOG,OGT
NANOG,PATJ
NANOG,TMEM150A
NANOG,ZFP819
NANOG,NFYC
NANOG,MTA2
NANOG,SET
NANOG,PRDM14
NANOG,NR5A2
NANOG,LRRC34
NANOG,ADGRA2
NANOG,ADAM19
NANOG,TEX264
NANOG,BMP4
NANOG,TSPAN9
NANOG,MYMX
NANOG,ZFP42
NANOG,TBRG1
NANOG,MKRN1
NANOG,DPPA2
NANOG,GSTA4
NANOG,SELENOS
NANOG,TXNDC5
NANOG,CHD7
NANOG,LRPAP1
NANOG,CBX5
NANOG,CLTC
NANOG,ACP6
NANOG,ZFP384
NANOG,BAZ1A
NANOG,TCEA3
NANOG,EIF2S2
NANOG,LAMC1
NANOG,PDK1
NANOG,IFITM1
NANOG,SOX2
NANOG,FBXO22
NANOG,REST
NANOG,PIPOX
NANOG,ALG13
NANOG,KDM1A
NANOG,ACTL6A
NANOG,ZMYND8
NANOG,LPAR2
NANOG,TFRC
NANOG,LAMB2
NANOG,ZFP532
NANOG,E4F1
NANOG,ZFP428
NANOG,RUVBL1
NANOG,KDM4A
NANOG,SMARCA5
NANOG,TCF3
NANOG,ANXA4
NANOG,MSL2
NANOG,PLA2G15
NANOG,SALL1
NANOG,LAMB1
NANOG,HNRNPL
NANOG,RPN2
NANOG,TPD52
NANOG,TLE4
NANOG,TBX3
NANOG,TAF1
NANOG,CDK7
NANOG,KDM5B
NANOG,ZFP322A
NANOG,ST5
NANOG,NFXL1
NANOG,TUBB2B
NANOG,MAPK8
NANOG,MYLPF
NANOG,RNF138
NANOG,TRAM1
NANOG,SS18
NANOG,NONO
NANOG,SUPT6
NANOG,CALU
NANOG,TAX1BP3
NANOG,SERBP1
NANOG,SNURF
NANOG,SNRPN
NANOG,CPD
NANOG,RAD21
NANOG,NASP
NANOG,GTF3C1
NANOG,TAF3
NANOG,NOTCH4
NANOG,OSBP
NANOG,BAZ1B
NANOG,SFRP1
NANOG,GOT1
NANOG,CXXC1
NANOG,NCAPG
NANOG,SDCBP
NANOG,APEX1
NANOG,HSPB1
NANOG,CDC16
NANOG,PDIA6
NANOG,SERPING1
NANOG,HEXIM1
NANOG,ETV5
NANOG,KDM2B
NANOG,TCF12
NANOG,UHRF1
NANOG,ME1
NANOG,RARA
NANOG,PLOD1
NANOG,VAMP3
NANOG,TTC39B
NANOG,MCRS1
NANOG,DUSP6
NANOG,HIP1
NANOG,XRCC5
NANOG,SRSF1
NANOG,RPN1
NANOG,STT3A
NANOG,E2F4
NANOG,DDOST
NANOG,BRD2
NANOG,NCAPH2
NANOG,LMF2
NANOG,EXT2
NANOG,ADNP
NANOG,DPY30
NANOG,BTAF1
NANOG,TGFBR3
NANOG,FUT9
NANOG,KANSL3
NANOG,GNS
NANOG,UBA2
NANOG,STAT3
NANOG,FRMD4A
NANOG,GTF2B
NANOG,FBRSL1
NANOG,ATP6V0A1
NANOG,ZFP710
NANOG,PTPN21
NANOG,TGIF1
NANOG,MBD3
NANOG,NELFA
NANOG,GXYLT1
NANOG,PTPN14
NANOG,DPF2
NANOG,RRN3
NANOG,GSR
NANOG,INO80
NANOG,MAX
NANOG,GCNT2
NANOG,JARID2
NANOG,MORC3
NANOG,PKNOX1
NANOG,B4GALT1
NANOG,PTP4A1
NANOG,MED23
NANOG,CDC5L
NANOG,ELOB
NANOG,MAP1A
NANOG,CDK8
NANOG,DERL1
NANOG,TMEM30A
NANOG,ELL2
NANOG,TMED9
NANOG,ZFP143
NANOG,SAP18
NANOG,ARF1
NANOG,SMARCA4
NANOG,MPHOSPH8
NANOG,FLRT3
NANOG,MFSD1
NANOG,TDH
NANOG,RAP1GDS1
NANOG,FBXW8
NANOG,IRF2BPL
NANOG,KDELC2
NANOG,USP28
NANOG,CBX1
NANOG,SALL4
NANOG,TDGF1
NANOG,DICER1
NANOG,RTN3
NANOG,COPG1
NANOG,FKBP5
NANOG,ARFIP1
NANOG,CLCN5
NANOG,OPLAH
NANOG,HDLBP
NANOG,KAT6B
NANOG,MARC2
NANOG,ARPC2
NANOG,NFYB
NANOG,GALNT7
NANOG,SMARCC1
NANOG,CDK9
NANOG,IMPDH2
NANOG,YEATS4
NANOG,USP7
NANOG,MDN1
NANOG,TBP
NANOG,FOXH1
NANOG,CHST15
NANOG,P4HA1
NANOG,GDF3
NANOG,LAMP1
NANOG,MSL1
NANOG,RAD23B
NANOG,ARHGAP1
NANOG,CHD1
NANOG,CRTC3
NANOG,COL18A1
NANOG,GLI2
NANOG,FABP3
NANOG,ETV4
NANOG,PCOLCE2
NANOG,SELENOM
NANOG,B2M
NANOG,GORASP2
NANOG,MYC
NANOG,RCOR1
NANOG,XPNPEP1
NANOG,EP300
NANOG,HSP90AA1
NANOG,SLC25A4
NANOG,NR4A1
NANOG,AEBP2
NANOG,SETD1A
NANOG,SMAD1
NANOG,FUT8
NANOG,CREBBP
NANOG,ANP32A
NANOG,CALR
NANOG,RBBP5
NANOG,DAP
NANOG,HDAC2
NANOG,DNAJC10
NANOG,SRSF2
NANOG,GNAI3
NANOG,ERP29
NANOG,ZFHX3
NANOG,TRIM28
NANOG,NCAPD3
NANOG,GALK1
NANOG,SOAT1
NANOG,NPM1
NANOG,EP400
NANOG,REEP5
NANOG,EVA1A
NANOG,TXNDC12
NANOG,NACC1
NANOG,ATP6V0E
NANOG,GFPT1
NANOG,SAP30
NANOG,STAG1
NANOG,DDB1
NANOG,NR0B1
NANOG,TET2
NANOG,EZH2
NANOG,TMED3
NANOG,SH3PXD2B
NANOG,OAT
NANOG,MED26
NANOG,TET1
NANOG,OSTC
NANOG,RDM1
NANOG,RBBP7
NANOG,ERF
NANOG,DARS
NANOG,P4HB
NANOG,TCL1
NANOG,DROSHA
NANOG,VKORC1
NANOG,P3H1
NANOG,ZFP57
NANOG,PDCD6IP
NANOG,TALDO1
NANOG,PSEN1
NANOG,EDEM1
NANOG,CREB3
NANOG,RASGRP2
NANOG,LMNB1
NANOG,FN1
NANOG,KMT2D
NANOG,SARAF
NANOG,NAA10
NANOG,PRDX1
NANOG,NUCB1
NANOG,SETD7
NANOG,SUZ12
NANOG,ZFP217
NANOG,STX3
NANOG,ELL
NANOG,FKBP9
NANOG,ARHGAP29
NANOG,ARF4
NANOG,CBX3
NANOG,KAT5
NANOG,POLE4
NANOG,SSRP1
NANOG,SSR1
NANOG,RANBP17
NANOG,PML
NANOG,ITGB1
NANOG,GABARAP
NANOG,USP16
NANOG,SEC11A
NANOG,PWP1
NANOG,MOB3B
NANOG,TAF2
NANOG,MAFK
NANOG,ZFP281
NANOG,MMGT1
NANOG,POFUT2
NANOG,HSPA4
NANOG,PDIA5
NANOG,RBMXL2
NANOG,SLC7A6
NANOG,RBPMS2
NANOG,UTF1
NANOG,CALM1
NANOG,FBLIM1
NANOG,RNF2
NANOG,SMC1A
NANOG,SEC24A
NANOG,ATF7IP
NANOG,SETDB1
NANOG,PARD6B
NANOG,DGCR8
NANOG,PHRF1
NANOG,MSH2
NANOG,TMED2
NANOG,COPA
NANOG,HMGA1
NANOG,MSL3
NANOG,GSN
NANOG,ADAM10
NANOG,PCOLCE
NANOG,NFYA
NANOG,DMAP1
NANOG,KDM4C
NANOG,PPIB
NANOG,IKBIP
NANOG,APAF1
NANOG,TMED10
NANOG,ABHD5
NANOG,LRRC59
NANOG,WDR5
NANOG,RAB11A
NANOG,PURB
NANOG,RRBP1
NANOG,RARG
NANOG,PAF1
NANOG,FNDC3B
NANOG,TMBIM6
NANOG,RETREG1
NANOG,PHF5A
NANOG,GGA2
NANOG,TMEM144
NANOG,APPBP2
NANOG,MYDGF
NANOG,HELB
NANOG,CTBP2
NANOG,PDIA3
NANOG,CTSL
NANOG,BASP1
NANOG,GMNN
NANOG,MYH9
NANOG,RPP25
NANOG,PNP
NANOG,TM9SF3
NANOG,GLO1
NANOG,DCLK2
NANOG,TMOD3
NANOG,PXDN
NANOG,TGOLN1
NANOG,BRD9
NANOG,SSR3
NANOG,RER1
NANOG,ZBTB44
NANOG,TNKS
NANOG,KLF4
NANOG,SH3GLB1
NANOG,HIRA
NANOG,E2F1
NANOG,PAFAH1B3
NANOG,SMAD2
NANOG,PARP1
NANOG,TRP53
NANOG,NRF1
NANOG,NSL1
NANOG,GPX3
NANOG,SLC16A1
NANOG,CTSD
NANOG,MED1
NANOG,TCN2
NANOG,SELENOW
NANOG,ITGA6
NANOG,BSG
NANOG,SUPT16
NANOG,WDR11
NANOG,COPB1
NANOG,ESRRB
NANOG,KDM2A
NANOG,SMARCA2
NANOG,SLC35F5
NANOG,EED
NANOG,DDX21
NANOG,HMGA1B
NANOG,CTCF
NANOG,HDAC1
NANOG,CDC42SE2
NANOG,AP2A2
NANOG,KLF5
NANOG,CD63
NANOG,NMNAT2
NANOG,SIN3A
NANOG,GGTA1
NANOG,SIK1
NANOG,DAXX
NANOG,ARID1A
NANOG,LRP2
NANOG,HSP90AB1
NANOG,SPNS2
NANOG,NUP210
NANOG,NODAL
NANOG,ASPH
NANOG,MAPKAPK2
NANOG,AU018091
NANOG,MCM2
NANOG,RAF1
NANOG,DR1
NANOG,DPPA4
NANOG,B4GALNT4
NANOG,STARD10
NANOG,FGFR4
NANOG,COBL
NANOG,ZIC3
NANOG,SEC23A
NANOG,SUPT5
NANOG,SLC39A8
NANOG,ACBD3
NANOG,KAT8
NANOG,ITGAV
NANOG,UBQLN2
NANOG,NID1
NANOG,KDM5A
NANOG,MBD2
NANOG,CBX7
NANOG,ARPC5
NANOG,TGIF2
NANOG,ANO10
NANOG,KHDC3
NANOG,HSF2BP
NANOG,AMPD2
NANOG,SMARCAD1
NANOG,KCTD10
NANOG,CAR2
NANOG,PRDM15
NANOG,LRRC2
NANOG,SOD1
NANOG,APOBEC3
NANOG,LRRC58
NANOG,ASS1
NANOG,DAB2
NANOG,SMC3
NANOG,HIRIP3
NANOG,CPOX
NANOG,MAN1A2
NANOG,CERS4
NANOG,CBFA2T2
NANOG,KLF2
NANOG,PDGFRA
NANOG,OOEP
NANOG,CDH6
NANOG,PHLDB2
NANOG,RFFL
NANOG,PLOD3
NANOG,LAMA1
NANOG,FXYD6
NANOG,TDG
NANOG,COLGALT1
NANOG,ZFP990
NANOG,TCF15
NANOG,GNAS
NANOG,GNB2
NANOG,SETX
NANOG,TMEM214
NANOG,FST
NANOG,COBLL1
NANOG,CDC73
NANOG,MAN1A
NANOG,AARS
NANOG,CREB3L2
NANOG,N4BP3
NANOG,ZBTB2
NANOG,TMEM9B
NANOG,METTL3
NANOG,GFPT2
NANOG,BNC2
NANOG,ZC3H11A
NANOG,RRAS2
NANOG,ZCCHC24
NANOG,HEATR1
NANOG,CBX8
NANOG,ZFP979
NANOG,MOV10
NANOG,BMI1
NANOG,ALDH2
NANOG,TCOF1
NANOG,PITPNC1
NANOG,GABBR1
NANOG,FAM129B
NANOG,FGD1
NANOG,GNA12
NANOG,PRSS35
NANOG,BRD4
NANOG,BMPR2
NANOG,RYBP
NANOG,GDPD5
NANOG,BEND5
NANOG,CARHSP1
NANOG,ENOX1
NANOG,THAP11
NANOG,LYN
NANOG,IGFBP2
NANOG,GLDC
NANOG,COTL1
NANOG,FHDC1
NANOG,MBNL2
NANOG,ZFYVE21
NANOG,ZIC2
NANOG,LGALS3
NANOG,CNOT3
NANOG,SSR4
NANOG,RAB3IL1
NANOG,BAG2
NANOG,SUMO1
NANOG,TMEM165
NANOG,FGF3
NANOG,PTOV1
NANOG,SRGN
NANOG,L3MBTL3
NANOG,FGF4
NANOG,P4HA2
NANOG,MPRIP
NANOG,GLIPR2
NANOG,GATA4
NANOG,EFEMP2
NANOG,KDM6A
NANOG,SUMO2
NANOG,PFKP
NANOG,L1TD1
NANOG,FOXA2
NANOG,DCTPP1
NANOG,GCNT1
NANOG,NCOR1
NANOG,BMPER
NANOG,ELL3
NANOG,TET3
NANOG,MYL6
NANOG,JUN
NANOG,KRT42
NANOG,F3
NANOG,CHCHD10
NANOG,TMEM59
NANOG,DTX3L
NANOG,SRI
NANOG,SORD
NANOG,ZYX
NANOG,ZFX
NANOG,SIRT6
NANOG,EPOP
NANOG,GNPTAB
NANOG,DNMT3B
NANOG,PLOD2
NANOG,ARID3A
NANOG,SERPINH1
NANOG,CBX2
NANOG,SURF4
NANOG,PLAT
NANOG,CHMP4B
NANOG,ALPL
NANOG,QSOX1
NANOG,H13
NANOG,TFCP2L1
NANOG,TIMP2
NANOG,CCDC88C
NANOG,SEC24D
NANOG,RUVBL2
NANOG,PRDX4
NANOG,GHR
NANOG,NIPBL
NANOG,RCN3
NANOG,CTDSPL
NANOG,LY75
NANOG,YY1
NANOG,SHTN1
NANOG,LEO1
NANOG,WDR46
NANOG,CKAP4
NANOG,PDE4DIP
NANOG,GLI1
NANOG,COL27A1
NANOG,FZD5
NANOG,DNAJC3
NANOG,RAB2A
NANOG,APP
NANOG,DRAM1
NANOG,DOCK5
NANOG,KDELR3
NANOG,ERAS
NANOG,HDAC3
NANOG,CHD4
NANOG,SNX7
NANOG,MEN1
NANOG,FAM114A1
NANOG,SMYD2
NANOG,GPC6
NANOG,SEMA4C
NANOG,AMFR
NANOG,TPM4
NANOG,ILDR1
NANOG,HNF1B
NANOG,ARFGAP1
NANOG,KMT2B
NANOG,EPAS1
NANOG,KDELR2
NANOG,COMMD3
NANOG,BMP1
NANOG,ATRX
NANOG,PARVA
NANOG,ILK
NANOG,SLC39A7
NANOG,P3H2
NANOG,NIPSNAP1
NANOG,DKC1
NANOG,HTATSF1
NANOG,BAZ2A
NANOG,MYBL2
NANOG,XBP1
NANOG,ANK
NANOG,CTR9
NANOG,UTP14A
NANOG,SLC39A1
NANOG,TYRO3
NANOG,FGF10
NANOG,PCGF2
NANOG,PRKAA2
NANOG,FGFR1
NANOG,VSIR
NANOG,HSPG2
NANOG,KLHDC3
NANOG,ARL8A
NANOG,2200002D01RIK
NANOG,ARHGEF28
NANOG,TIMP3
NANOG,JAM2
NANOG,ARHGEF5
NANOG,EMP2
NANOG,ADAM23
NANOG,PHF19
NANOG,BCLAF3
NANOG,MCAM
NANOG,LDLRAP1
NANOG,PCBD1
NANOG,VAMP8
NANOG,TRH
NANOG,KRT8
NANOG,COL4A2
NANOG,COL4A1
NANOG,SMAD3
NANOG,LTBP4
NANOG,GNG10
NANOG,CEMIP
NANOG,FRS2
NANOG,HAP1
NANOG,EPHA1
NANOG,P3H4
NANOG,RCC2
NANOG,HS3ST1
NANOG,DUSP27
NANOG,KRT17
NANOG,ITPK1
NANOG,AFF3
NANOG,HCFC1
NANOG,FAM25C
NANOG,GLMP
NANOG,CTSZ
NANOG,AGPAT4
NANOG,MRAS
NANOG,ZFP459
NANOG,NOS3
NANOG,MVB12B
NANOG,SPARC
NANOG,SNX2
NANOG,CRYAB
NANOG,KDELR1
NANOG,PTH1R
NANOG,NOTUM
NANOG,EHMT2
NANOG,STAG2
NANOG,CLN6
NANOG,SHF
NANOG,RXRA
NANOG,IHH
NANOG,1700061G19RIK
NANOG,KRTCAP2
NANOG,MYCN
NCAPD3,HSPA4
NCAPD3,SUPT5
NCAPD3,LAMP1
NCAPD3,SMARCA5
NCAPD3,SLC25A4
NCAPD3,PRDX1
NCAPD3,DARS
NCAPD3,RDM1
NCAPD3,NPM1
NCAPD3,CDC5L
NCAPD3,NFYC
NCAPD3,ASPH
NCAPD3,NCAPG
NCAPD3,SAP18
NCAPD3,INO80
NCAPD3,MED1
NCAPD3,SSR4
NCAPD3,ADNP
NCAPD3,PHF5A
NCAPD3,TCF3
NCAPD3,SMC1A
NCAPD3,RBPJ
NCAPD3,ZBTB2
NCAPD3,SERBP1
NCAPD3,SLC39A7
NCAPD3,TRP53
NCAPD3,CALR
NCAPD3,FZD5
NCAPD3,CALM1
NCAPD3,PRDX4
NCAPD3,TGOLN1
NCAPD3,PNP
NCAPD3,HEXIM1
NCAPD3,GFPT2
NCAPD3,ERP29
NCAPD3,IER2
NCAPD3,B4GALT1
NCAPD3,TFRC
NCAPD3,SSR1
NCAPD3,CTSL
NCAPD3,ELL
NCAPD3,YY1
NCAPD3,SUPT16
NCAPD3,HIRA
NCAPD3,TLE4
NCAPD3,SOD1
NCAPD3,HSP90AB1
NCAPD3,RANBP17
NCAPD3,FGFR1
NCAPD3,SRSF2
NCAPD3,FGF4
NCAPD3,MEN1
NCAPD3,ZFP217
NCAPD3,GTF2B
NCAPD3,PLOD2
NCAPD3,THAP11
NCAPD3,HSP90AA1
NCAPD3,JARID2
NCAPD3,EIF2S2
NCAPD3,CARHSP1
NCAPD3,CDC42SE2
NCAPD3,NASP
NCAPD3,KLF2
NCAPD3,APPBP2
NCAPD3,COL18A1
NCAPD3,MSH2
NCAPD3,MAX
NCAPD3,DDB1
NCAPD3,GORASP2
NCAPD3,EED
NCAPD3,BTAF1
NCAPD3,CBX3
NCAPD3,SMC3
NCAPD3,ABHD5
NCAPD3,TMED9
NCAPD3,H13
NCAPD3,KDM4C
NCAPD3,BSG
NCAPD3,P4HA1
NCAPD3,SOX2
NCAPD3,IMPDH2
NCAPD3,VAMP3
NCAPD3,BMPR2
NCAPD3,GNAI3
NCAPD3,EP400
NCAPD3,RRAS2
NCAPD3,ATP6V0A1
NCAPD3,DDX21
NCAPD3,2410141K09RIK
NCAPD3,LPAR2
NCAPD3,TFCP2L1
NCAPD3,PARP1
NCAPD3,KDM5B
NCAPD3,MORC3
NCAPD3,RAF1
NCAPD3,TAF2
NCAPD3,PDIA5
NCAPD3,LRPAP1
NCAPD3,TAF3
NCAPD3,ARHGAP29
NCAPD3,IGFBP2
NCAPD3,GFPT1
NCAPD3,DUSP6
NCAPD3,FN1
NCAPD3,HIP1
NCAPD3,GNA12
NCAPD3,SLC16A1
NCAPD3,NFYB
NCAPD3,IFI30
NCAPD3,GSTA4
NCAPD3,GXYLT1
NCAPD3,KDM1A
NCAPD3,CALU
NCAPD3,ADAM19
NCAPD3,WDR46
NCAPD3,RTN3
NCAPD3,IKBIP
NCAPD3,DR1
NCAPD3,APAF1
NCAPD3,DCTPP1
NCAPD3,CPOX
NCAPD3,TXNDC12
NCAPD3,OAT
NCAPD3,DAXX
NCAPD3,TBX3
NCAPD3,GLDC
NCAPD3,PAF1
NCAPD3,MTF2
NCAPD3,KDM4A
NCAPD3,RRN3
NCAPD3,METTL3
NCAPD3,SPP1
NCAPD3,KMT2B
NCAPD3,CTR9
NCAPD3,ARFGAP1
NCAPD3,DPF2
NCAPD3,ITGB1
NCAPD3,MAPK8
NCAPD3,SEC11A
NCAPD3,P4HB
NCAPD3,TMOD3
NCAPD3,FBXW8
NCAPD3,MYH9
NCAPD3,POFUT2
NCAPD3,FBXO22
NCAPD3,XRCC5
NCAPD3,MARC2
NCAPD3,COLGALT1
NCAPD3,SUMO1
NCAPD3,TMEM165
NCAPD3,COTL1
NCAPD3,USP16
NCAPD3,TMEM214
NCAPD3,PPIB
NCAPD3,KDM5A
NCAPD3,GCNT2
NCAPD3,XPNPEP1
NCAPD3,SLC39A1
NCAPD3,MED23
NCAPD3,HAP1
NCAPD3,ALDH2
NCAPD3,CDC16
NCAPD3,NSL1
NCAPD3,RAD23B
NCAPD3,TAX1BP3
NCAPD3,PDIA3
NCAPD3,ASS1
NCAPD3,QSOX1
NCAPD3,GNB2
NCAPD3,EXT2
NCAPD3,SSRP1
NCAPD3,SNX2
NCAPD3,NCAPH2
NCAPD3,LMF2
NCAPD3,HMGA1B
NCAPD3,HMGA1
NCAPD3,COPA
NCAPD3,CBX5
NCAPD3,PLEKHF2
NCAPD3,HSF2BP
NCAPD3,GOT1
NCAPD3,SET
NCAPD3,MTA2
NCAPD3,CLTC
NCAPD3,SURF4
NCAPD3,NRF1
NCAPD3,MYL6
NCAPD3,CHCHD10
NCAPD3,GLO1
NCAPD3,FNDC3B
NCAPD3,CPD
NCAPD3,UBQLN2
NCAPD3,GTF3C1
NCAPD3,FOXH1
NCAPD3,VKORC1
NCAPD3,TBP
NCAPD3,KLF5
NCAPD3,MED26
NCAPD3,HDLBP
NCAPD3,ZFP384
NCAPD3,OSTC
NCAPD3,ZBTB44
NCAPD3,MPHOSPH8
NCAPD3,ITGA6
NCAPD3,FLRT3
NCAPD3,CDK8
NCAPD3,UBA2
NCAPD3,SS18
NCAPD3,NODAL
NCAPD3,NANOG
NCAPD3,STAG1
NCAPD3,DMAP1
NCAPD3,DERL1
NCAPD3,SHF
NCAPD3,MAN1A
NCAPD3,LTBP4
NCAPD3,CTSZ
NCAPD3,PLA2G15
NCAPD3,CDC73
NCAPD3,ARF4
NCAPD3,P3H1
NCAPD3,ATP6V0E
NCAPD3,ARF1
NCAPD3,SEC24A
NCAPD3,ELL2
NCAPD3,CST3
NCAPD3,NFXL1
NCAPD3,HDAC3
NCAPD3,ARPC2
NCAPD3,ACBD3
NCAPD3,NACC1
NCAPD3,AP2A2
NCAPD3,ZFP979
NCAPD3,MBD3
NCAPD3,BMP4
NCAPD3,TTC39B
NCAPD3,RUVBL2
NCAPD3,ZFYVE21
NCAPD3,HIRIP3
NCAPD3,DGCR8
NCAPD3,YEATS4
NCAPD3,UTF1
NCAPD3,SIRT6
NCAPD3,NUCB1
NCAPD3,LRRC59
NCAPD3,POLE4
NCAPD3,MAFK
NCAPD3,RPP25
NCAPD3,PTPN21
NCAPD3,MAN1A2
NCAPD3,CDK7
NCAPD3,AMPD2
NCAPD3,CNOT3
NCAPD3,TDG
NCAPD3,FAM129B
NCAPD3,ARPC5
NCAPD3,PARD6B
NCAPD3,MDN1
NCAPD3,LY75
NCAPD3,DNAJC10
NCAPD3,ZFP57
NCAPD3,MSH6
NCAPD3,KANSL3
NCAPD3,ARID3A
NCAPD3,TCF15
NCAPD3,LRRC34
NCAPD3,KMT2D
NCAPD3,ZFP143
NCAPD3,TNKS
NCAPD3,MFSD1
NCAPD3,CBX7
NCAPD3,TALDO1
NCAPD3,HSPG2
NCAPD3,UBTF
NCAPD3,RBMXL2
NCAPD3,BRD9
NCAPD3,LMNB1
NCAPD3,KAT8
NCAPD3,SAP30
NCAPD3,LAMC1
NCAPD3,GDPD5
NCAPD3,FABP3
NCAPD3,RNF2
NCAPD3,MKRN1
NCAPD3,KDELC2
NCAPD3,E4F1
NCAPD3,CERS4
NCAPD3,TCOF1
NCAPD3,TBRG1
NCAPD3,SEC23A
NCAPD3,NIPSNAP1
NCAPD3,NID1
NCAPD3,HELB
NCAPD3,HDAC1
NCAPD3,EDEM1
NCAPD3,CHD4
NCAPD3,SETDB1
NCAPD3,IFITM2
NCAPD3,CREB3L2
NCAPD3,APEX1
NCAPD3,ALG13
NCAPD3,SMARCAD1
NCAPD3,NR4A1
NCAPD3,GLMP
NCAPD3,FUT8
NCAPD3,FBRSL1
NCAPD3,DDOST
NCAPD3,UHRF1
NCAPD3,PWP1
NCAPD3,IFITM1
NCAPD3,PSEN1
NCAPD3,NFYA
NCAPD3,TPD52
NCAPD3,SELENOM
NCAPD3,CHMP4B
NCAPD3,B2M
NCAPD3,ARFIP1
NCAPD3,ZFP428
NCAPD3,RBBP7
NCAPD3,MYBL2
NCAPD3,HEATR1
NCAPD3,SELENOS
NCAPD3,DPY30
NCAPD3,ANP32A
NCAPD3,RER1
NCAPD3,DNAJC3
NCAPD3,AGPAT4
NCAPD3,RAP1GDS1
NCAPD3,SEMA4C
NCAPD3,GALK1
NCAPD3,LDLRAP1
NCAPD3,GCNT1
NCAPD3,SRSF1
NCAPD3,ZFP322A
NCAPD3,SH3GLB1
NCAPD3,NELFA
NCAPD3,MCM2
NCAPD3,MAP1A
NCAPD3,COPG1
NCAPD3,CBX1
NCAPD3,ARHGAP1
NCAPD3,GLIPR2
NCAPD3,BCLAF3
NCAPH2,NFYC
NCAPH2,HSPA4
NCAPH2,INO80
NCAPH2,ZFP384
NCAPH2,NACC1
NCAPH2,LAMP1
NCAPH2,SMARCA5
NCAPH2,RANBP17
NCAPH2,MBD3
NCAPH2,PTOV1
NCAPH2,TXNDC12
NCAPH2,BRD4
NCAPH2,E2F1
NCAPH2,GSR
NCAPH2,RAD23B
NCAPH2,CTCF
NCAPH2,MSH6
NCAPH2,SETD1A
NCAPH2,ITGB1
NCAPH2,ADNP
NCAPH2,PSEN1
NCAPH2,RAF1
NCAPH2,BRD2
NCAPH2,HNRNPL
NCAPH2,CDC16
NCAPH2,ARF1
NCAPH2,RAD21
NCAPH2,CLTC
NCAPH2,SERBP1
NCAPH2,PRDX1
NCAPH2,PLEKHF2
NCAPH2,KANSL3
NCAPH2,COLGALT1
NCAPH2,MORC3
NCAPH2,ZFP428
NCAPH2,HSP90AA1
NCAPH2,RARA
NCAPH2,SET
NCAPH2,TFRC
NCAPH2,RIF1
NCAPH2,EP400
NCAPH2,KDM1A
NCAPH2,SLC16A1
NCAPH2,RNF2
NCAPH2,KLF5
NCAPH2,PATJ
NCAPH2,GORASP2
NCAPH2,ZBTB44
NCAPH2,SRSF2
NCAPH2,SMARCC1
NCAPH2,MTF2
NCAPH2,EP300
NCAPH2,NRF1
NCAPH2,SMARCAD1
NCAPH2,CBX1
NCAPH2,TMEM165
NCAPH2,HSP90AB1
NCAPH2,NPM1
NCAPH2,ZFHX3
NCAPH2,SAP30
NCAPH2,SALL4
NCAPH2,ACP6
NCAPH2,CDC42SE2
NCAPH2,TDG
NCAPH2,VAMP3
NCAPH2,AEBP2
NCAPH2,ZFP217
NCAPH2,TMED10
NCAPH2,CDC73
NCAPH2,OTX2
NCAPH2,EDEM1
NCAPH2,AP2A2
NCAPH2,ZFX
NCAPH2,PURB
NCAPH2,NCOR1
NCAPH2,ITPK1
NCAPH2,IMPDH2
NCAPH2,YY1
NCAPH2,ZBTB2
NCAPH2,KMT2D
NCAPH2,SMC3
NCAPH2,SRSF1
NCAPH2,TCF3
NCAPH2,BAZ1B
NCAPH2,MSH2
NCAPH2,ITGAV
NCAPH2,CBX3
NCAPH2,ZFP532
NCAPH2,TCF12
NCAPH2,BTAF1
NCAPH2,GALNT7
NCAPH2,EZH2
NCAPH2,CDC5L
NCAPH2,SOD1
NCAPH2,MAPKAPK2
NCAPH2,SLC25A4
NCAPH2,JARID2
NCAPH2,PTPN21
NCAPH2,SS18
NCAPH2,NELFA
NCAPH2,DGCR8
NCAPH2,ME1
NCAPH2,NSL1
NCAPH2,RYBP
NCAPH2,SMYD2
NCAPH2,UBTF
NCAPH2,KLF2
NCAPH2,RPN2
NCAPH2,SUMO1
NCAPH2,SSR1
NCAPH2,TNKS
NCAPH2,RDM1
NCAPH2,FBRSL1
NCAPH2,SUZ12
NCAPH2,SMARCA4
NCAPH2,CLN6
NCAPH2,NUP210
NCAPH2,CDK9
NCAPH2,SH3GLB1
NCAPH2,LRRC58
NCAPH2,FRS2
NCAPH2,TPD52
NCAPH2,ZFP143
NCAPH2,PTP4A1
NCAPH2,COBL
NCAPH2,SLC39A7
NCAPH2,POLE4
NCAPH2,CNOT3
NCAPH2,REST
NCAPH2,APPBP2
NCAPH2,MKRN1
NCAPH2,IGFBP2
NCAPH2,KMT2B
NCAPH2,COPB1
NCAPH2,WDR5
NCAPH2,TM9SF3
NCAPH2,SUPT16
NCAPH2,HDLBP
NCAPH2,PDK1
NCAPH2,PCOLCE2
NCAPH2,SMAD1
NCAPH2,TMED2
NCAPH2,CAR2
NCAPH2,ELL2
NCAPH2,LTBP4
NCAPH2,CDK8
NCAPH2,MOV10
NCAPH2,TPM4
NCAPH2,LAMC1
NCAPH2,MED26
NCAPH2,TET2
NCAPH2,UBA2
NCAPH2,PRDM15
NCAPH2,KDELC2
NCAPH2,NFYA
NCAPH2,CHD1
NCAPH2,ELOB
NCAPH2,SUPT5
NCAPH2,H13
NCAPH2,GNB2
NCAPH2,ZC3H11A
NCAPH2,KAT8
NCAPH2,RCC2
NCAPH2,CCDC88C
NCAPH2,RRN3
NCAPH2,MED23
NCAPH2,RFFL
NCAPH2,ARPC5
NCAPH2,CST3
NCAPH2,AMFR
NCAPH2,TRIM28
NCAPH2,RER1
NCAPH2,XBP1
NCAPH2,FKBP5
NCAPH2,RAP1GDS1
NCAPH2,GMNN
NCAPH2,YEATS4
NCAPH2,PDIA5
NCAPH2,DARS
NCAPH2,SFRP1
NCAPH2,HMGA1B
NCAPH2,HMGA1
NCAPH2,LRRC59
NCAPH2,PRKAA2
NCAPH2,SLC7A6
NCAPH2,DDOST
NCAPH2,TSPAN9
NCAPH2,KMT2C
NCAPH2,TXNDC5
NCAPH2,BMPR2
NCAPH2,ARF4
NCAPH2,SAP18
NCAPH2,TRAM1
NCAPH2,SMAD2
NCAPH2,NASP
NCAPH2,B4GALNT4
NCAPH2,TET3
NCAPH2,ATRX
NCAPH2,ABHD5
NCAPH2,ASPH
NCAPH2,CD63
NCAPH2,PLOD3
NCAPH2,APEX1
NCAPH2,KDM5A
NCAPH2,SHF
NCAPH2,WDR82
NCAPH2,MYBL2
NCAPH2,ERP29
NCAPH2,LMNB1
NCAPH2,FGFR1
NCAPH2,ETV5
NCAPH2,GLIPR2
NCAPH2,NOTUM
NCAPH2,GNS
NCAPH2,SSRP1
NCAPH2,RRBP1
NCAPH2,P3H4
NCAPH2,RNF138
NCAPH2,PARD6B
NCAPH2,RBPMS2
NCAPH2,P3H1
NCAPH2,TCF15
NCAPH2,CPOX
NCAPH2,TMEM30A
NCAPH2,RBPJ
NCAPH2,STAT3
NCAPH2,KDELR2
NCAPH2,ARL8A
NCAPH2,GNPTAB
NCAPH2,DDB1
NCAPH2,COBLL1
NCAPH2,CPD
NCAPH2,HDAC2
NCAPH2,DCLK2
NCAPH2,MVB12B
NCAPH2,TEX264
NCAPH2,FBXO22
NCAPH2,TYRO3
NCAPH2,MDN1
NCAPH2,USP16
NCAPH2,B4GALT1
NCAPH2,PKNOX1
NCAPH2,CDK7
NCAPH2,ACBD3
NCAPH2,ADGRA2
NCAPH2,EED
NCAPH2,COPG1
NCAPH2,GGA2
NCAPH2,BAG2
NCAPH2,NFYB
NCAPH2,PDCD6IP
NCAPH2,PTPN14
NCAPH2,BNC2
NCAPH2,LAMA1
NCAPH2,DICER1
NCAPH2,STAG1
NCAPH2,SDCBP
NCAPH2,KLF4
NCAPH2,CREB3
NCAPH2,RBBP5
NCAPH2,ZFP281
NCAPH2,BMI1
NCAPH2,DNAJC3
NCAPH2,MAN1A2
NCAPH2,CKAP4
NCAPH2,RBMXL2
NCAPH2,STARD10
NCAPH2,POFUT2
NCAPH2,RAB2A
NCAPH2,GFPT2
NCAPH2,EHMT2
NCAPH2,ADAM10
NCAPH2,IRF2BPL
NCAPH2,ZFP710
NCAPH2,ARF5
NCAPH2,SUMO2
NCAPH2,TMEM150A
NCAPH2,GNG10
NCAPH2,FBXW8
NCAPH2,RPP25
NCAPH2,REEP5
NCAPH2,HSPB1
NCAPH2,TMED9
NCAPH2,SETD7
NCAPH2,ILK
NCAPH2,RCOR1
NCAPH2,HIRA
NCAPH2,CHMP4B
NCAPH2,SARAF
NCAPH2,TGIF2
NCAPH2,PDIA3
NCAPH2,KDM5B
NCAPH2,MPHOSPH8
NCAPH2,GXYLT1
NCAPH2,EXT2
NCAPH2,SH3PXD2B
NCAPH2,BSG
NCAPH2,GTF2B
NCAPH2,FN1
NCAPH2,FGF4
NCAPH2,EPOP
NCAPH2,ARID1A
NCAPH2,LEO1
NCAPH2,XPNPEP1
NCAPH2,MAX
NCAPH2,FKBP9
NCAPH2,DNMT3B
NCAPH2,SURF4
NCAPH2,RBBP7
NCAPH2,ELL
NCAPH2,ADAM23
NCAPH2,SETX
NCAPH2,MSL2
NCAPH2,APP
NCAPH2,MAPK8
NCAPH2,LRP2
NCAPH2,FUT8
NCAPH2,CBFA2T2
NCAPH2,DERL1
NCAPH2,ATP6V0E
NCAPH2,MARC2
NCAPH2,SETDB1
NCAPH2,USP7
NCAPH2,HTATSF1
NCAPH2,SEC24D
NCAPH2,CHD7
NCAPH2,TCOF1
NCAPH2,PARP1
NCAPH2,ALPL
NCAPH2,F3
NCAPH2,ERF
NCAPH2,DDX21
NCAPH2,SMAD3
NCAPH2,TRP53
NCAPH2,THAP11
NCAPH2,FNDC3B
NCAPH2,RASGRP2
NCAPH2,MYLPF
NCAPH2,ARHGAP29
NCAPH2,KAT6B
NCAPH2,HSPG2
NCAPH2,ANK
NCAPH2,METTL3
NCAPH2,TLE4
NCAPH2,ARPC2
NCAPH2,GABBR1
NCAPH2,SELENOS
NCAPH2,TBP
NCAPH2,CXXC1
NCAPH2,RRAS2
NCAPH2,SEC24A
NCAPH2,LDLRAP1
NCAPH2,L3MBTL3
NCAPH2,SIK1
NCAPH2,N4BP3
NCAPH2,AARS
NCAPH2,MBD2
NCAPH2,SIN3A
NCAPH2,DMAP1
NCAPH2,FBLIM1
NCAPH2,STAG2
NCAPH2,ALDH2
NCAPH2,RETREG1
NCAPH2,E4F1
NCAPH2,CBX2
NCAPH2,TTC39B
NCAPH2,MCRS1
NCAPH2,FST
NCAPH2,ARHGEF28
NCAPH2,PHC1
NCAPH2,BAZ2A
NCAPH2,KDELR1
NCAPH2,DPF2
NCAPH2,ALG13
NCAPH2,MED1
NCAPH2,UHRF1
NCAPH2,NCOR2
NCAPH2,FZD5
NCAPH2,FGD1
NCAPH2,DR1
NCAPH2,ZFP819
NCAPH2,PHRF1
NCAPH2,ENOX1
NCAPH2,TAF3
NCAPH2,CTBP2
NCAPH2,TGOLN1
NCAPH2,RPN1
NCAPH2,CBX7
NCAPH2,ZFP57
NCAPH2,KDM2B
NCAPH2,COL4A2
NCAPH2,COL4A1
NCAPH2,CALR
NCAPH2,BMP1
NCAPH2,USP28
NCAPH2,MSL1
NCAPH2,MFSD1
NCAPH2,TBRG1
NCAPH2,NCAPD3
NCAPH2,PLOD2
NCAPH2,PHF5A
NCAPH2,FAM114A1
NCAPH2,KDM2A
NCAPH2,KCTD10
NCAPH2,ATF7IP
NCAPH2,ZYX
NCAPH2,DPY30
NCAPH2,BRD9
NCAPH2,PNP
NCAPH2,ACTL6A
NCAPH2,SOX2
NCAPH2,BAZ1A
NCAPH2,SEMA4C
NCAPH2,TIMP2
NCAPH2,CREBBP
NCAPH2,FUT9
NCAPH2,OPLAH
NCAPH2,CRTC3
NCAPH2,PWP1
NCAPH2,GTF3C1
NCAPH2,L1TD1
NCAPH2,KAT5
NCAPH2,SSR4
NCAPH2,SLC35F5
NCAPH2,ITGA6
NCAPH2,GLI2
NCAPH2,FRMD4A
NCAPH2,BMPER
NCAPH2,SEC11A
NCAPH2,TMOD3
NCAPH2,SRI
NCAPH2,NIPBL
NCAPH2,IER2
NCAPH2,TENM4
NCAPH2,SNX7
NCAPH2,KLHDC3
NCAPH2,XRCC5
NCAPH2,NCAPG
NCAPH2,EIF2S2
NCAPH2,NONO
NCAPH2,MRAS
NCAPH2,RXRA
NCAPH2,GNAS
NCAPH2,SNX2
NCAPH2,DAP
NCAPH2,STT3A
NCAPH2,COL27A1
NCAPH2,MAN1A
NCAPH2,LRPAP1
NCAPH2,FHDC1
NCAPH2,ARFIP1
NCAPH2,OBSL1
NCAPH2,ASS1
NCAPH2,GLDC
NCAPH2,SLC39A1
NCAPH2,PLA2G15
NCAPH2,AFF3
NCAPH2,CBX5
NCAPH2,TFE3
NCAPH2,CHD4
NCAPH2,EFEMP2
NCAPH2,ZIC2
NCAPH2,STX3
NCAPH2,KDM4C
NCAPH2,RAB11A
NCAPH2,PTH1R
NCAPH2,HEXIM1
NCAPH2,KDELR3
NCAPH2,TFCP2L1
NCAPH2,SPNS2
NCAPH2,PHF19
NCAPH2,TGFBR3
NCAPH2,P4HA1
NCAPH2,NAA10
NCAPH2,GLO1
NCAPH2,FGF3
NCAPH2,KRTCAP2
NCAPH2,CTDSPL
NCAPH2,CALM1
NCAPH2,LMF2
NCAPH2,HCFC1
NCAPH2,ARHGAP1
NCAPH2,RTN3
NCAPH2,GDPD5
NCAPH2,GALK1
NCAPH2,UPP1
NCAPH2,P4HB
NCAPH2,MTA2
NCAPH2,AKT1
NCAPH2,COPA
NCAPH2,GNAI3
NCAPH2,CALU
NCAPH2,OAT
NCAPH2,ETV4
NCAPH2,P4HA2
NCAPH2,BCLAF3
NCAPH2,ATP6V0A1
NCAPH2,RUVBL1
NCAPH2,SHTN1
NCAPH2,SELENOW
NCAPH2,GNA12
NCAPH2,MMGT1
NCAPH2,E2F4
NCAPH2,FLRT3
NCAPH2,FAM129B
NCAPH2,TAX1BP3
NCAPH2,AMPD2
NCAPH2,PAFAH1B3
NCAPH2,SLC39A8
NCAPH2,SALL1
NCAPH2,TMEM59
NCAPH2,BASP1
NCAPH2,HAP1
NCAPH2,DNAJC10
NCAPH2,UTF1
NCAPH2,MOB3B
NCAPH2,TAF2
NCAPH2,LPAR2
NCAPH2,UBQLN2
NCAPH2,CARHSP1
NCAPH2,SNURF
NCAPH2,SNRPN
NCAPH2,OSTC
NCAPH2,MYMX
NCAPH2,BEND5
NCAPH2,TCEA3
NCAPH2,PAF1
NCAPH2,DAXX
NCAPH2,PRDX4
NCAPH2,ARFGAP1
NCAPH2,TET1
NCAPH2,GFPT1
NCAPH2,COTL1
NCAPH2,TALDO1
NCAPH2,TDH
NCAPH2,TUBB2B
NCAPH2,COMMD3
NCAPH2,NR4A1
NCAPH2,PPIB
NCAPH2,IKBIP
NCAPH2,CLCN5
NCAPH2,APAF1
NCAPH2,ZCCHC24
NCAPH2,MAP1A
NCAPH2,CTSD
NCAPH2,ZMYND8
NCAPH2,ZFP322A
NCAPH2,NIPSNAP1
NCAPH2,ADAM19
NCAPH2,TAF1
NCAPH2,NR5A2
NCAPH2,ARID3A
NCAPH2,RARG
NCAPH2,TMEM214
NCAPH2,CTR9
NCAPH2,ZFYVE21
NCAPH2,MYH9
NCAPH2,TGIF1
NCAPH2,CERS4
NCAPH2,DROSHA
NCAPH2,PDIA6
NCAPH2,QSOX1
NCAPH2,HDAC1
NCAPH2,SORD
NCAPH2,GGTA1
NCAPH2,ETV1
NCAPH2,WDR46
NCAPH2,ST5
NCAPH2,SIRT6
NCAPH2,SUPT6
NCAPH2,IFITM1
NCAPH2,DTX3L
NCAPH2,KDM6A
NCAPH2,IHH
NCAPH2,MED12
NCAPH2,KHDC3
NCAPH2,MYDGF
NCAPH2,GSN
NCAPH2,GOT1
NCAPH2,MCM2
NCAPH2,LY75
NCAPH2,FOXA2
NCAPH2,COL18A1
NCAPH2,PCGF2
NCAPH2,OOEP
NCAPH2,MAFK
NCAPH2,HDAC3
NCAPH2,NFXL1
NCAPH2,WDR11
NCAPH2,EVA1A
NCAPH2,PRSS35
NCAPH2,TDGF1
NCAPH2,SOAT1
NCAPH2,CTSL
NCAPH2,NODAL
NCAPH2,ANO10
NCAPH2,NID1
NCAPH2,ELL3
NCAPH2,NUCB1
NCAPH2,TMED3
NCAPH2,FGFR4
NCAPH2,FABP3
NCAPH2,TMEM9B
NCAPH2,SLC15A1
NCAPH2,VKORC1
NCAPH2,CREB3L2
NCAPH2,ZIC3
NCAPH2,TBX3
NCAPH2,SLC9A6
NCAPH2,SSR3
NCAPH2,MSX2
NCAPH2,HEATR1
NCAPH2,DOCK5
NCAPH2,HIP1
NCAPH2,P3H2
NCAPH2,JAM2
NCAPH2,HELB
NCAPH2,POU5F1
NCAPH2,JUN
NCAPH2,SPP1
NCAPH2,HIRIP3
NCAPH2,KRT8
NCAPH2,DKC1
NCAPH2,TMBIM6
NCAPH2,PRKCE
NCAPH2,DAB2
NCAPH2,CEMIP
NCAPH2,PHLDB2
NCAPH2,PARVA
NCAPH2,LYN
NCAPH2,SEC23A
NCAPH2,HSF2BP
NCAPH2,TRH
NCAPH2,CHST15
NCAPH2,ILDR1
NCAPH2,2410141K09RIK
NCAPH2,MEN1
NCAPH2,TIMP3
NCAPH2,RAB3IL1
NCAPH2,GPC6
NCAPH2,FXYD6
NCAPH2,PITPNC1
NCAPH2,VAMP8
NCAPH2,NR0B1
NCAPH2,GHR
NCAPH2,MSL3
NCAPH2,ANXA4
NCAPH2,CTSZ
NCAPH2,SERPINH1
NCAPH2,SMC1A
NCAPH2,DCTPP1
NCAPH2,GATA4
NCAPH2,PDGFRA
NCAPH2,PRDM14
NCAPH2,MYL6
NCAPH2,MYC
NCAPH2,CDH6
NCAPH2,VSIR
NCAPH2,SPOCK1
NELFA,CALM1
NELFA,SRSF2
NELFA,CALR
NELFA,B2M
NELFA,HSP90AB1
NELFA,HEXIM1
NELFA,HSP90AA1
NELFA,P4HA1
NELFA,PRDX1
NELFA,CBX3
NELFA,IER2
NELFA,TFRC
NELFA,GTF2B
NELFA,CTSL
NELFA,MAPKAPK2
NELFA,JUN
NELFA,KLF2
NELFA,P4HB
NELFA,MARC2
NELFA,PDIA3
NELFA,FN1
NELFA,BSG
NELFA,PNP
NELFA,SLC16A1
NELFA,FZD5
NELFA,ARHGAP29
NELFA,CARHSP1
NELFA,MAN1A
NELFA,NPM1
NELFA,ASPH
NELFA,CALU
NELFA,RRBP1
NELFA,NASP
NELFA,TMED9
NELFA,SOD1
NELFA,KDM4C
NELFA,DUSP6
NELFA,TMBIM6
NELFA,KDELR2
NELFA,TGOLN1
NELFA,RRAS2
NELFA,ETV5
NELFA,ELL2
NELFA,MYL6
NELFA,COTL1
NELFA,HDAC1
NELFA,ZYX
NELFA,MAFK
NELFA,PDIA6
NELFA,SELENOS
NELFA,RRN3
NELFA,APPBP2
NELFA,ASS1
NELFA,POLE4
NELFA,RTN3
NELFA,SAP18
NELFA,POFUT2
NELFA,CDC5L
NELFA,IMPDH2
NELFA,HMGA1B
NELFA,HMGA1
NELFA,OAT
NELFA,DDX21
NELFA,EP400
NELFA,BTAF1
NELFA,NRF1
NELFA,SLC25A4
NELFA,TRIM28
NELFA,MYH9
NELFA,ARPC5
NELFA,TAF2
NELFA,GORASP2
NELFA,PAF1
NELFA,RAF1
NELFA,ERF
NELFA,FGFR1
NELFA,OSTC
NELFA,PITPNC1
NELFA,ALDH2
NELFA,SURF4
NELFA,ABHD5
NELFA,MTF2
NELFA,XBP1
NELFA,MAN1A2
NELFA,SDCBP
NELFA,SELENOW
NELFA,GNAI3
NELFA,E4F1
NELFA,SNX2
NELFA,CHD4
NELFA,KANSL3
NELFA,SSR3
NELFA,FBRSL1
NELFA,DARS
NELFA,UBA2
NELFA,SMAD1
NELFA,ARPC2
NELFA,UBQLN2
NELFA,ERP29
NELFA,PPIB
NELFA,SS18
NELFA,HDLBP
NELFA,CTR9
NELFA,GTF3C1
NELFA,SUPT5
NELFA,CBX5
NELFA,YEATS4
NELFA,MBD3
NELFA,DR1
NELFA,NFYB
NELFA,GGA2
NELFA,PURB
NELFA,NCOR1
NELFA,GFPT1
NELFA,SUMO1
NELFA,ACBD3
NELFA,MORC3
NELFA,PLOD1
NELFA,LRPAP1
NELFA,DPF2
NELFA,STAT3
NELFA,DNAJC10
NELFA,DNAJC3
NELFA,DDB1
NELFA,SERBP1
NELFA,HSPA4
NELFA,TMEM165
NELFA,MED26
NELFA,SRSF1
NELFA,FBXO22
NELFA,ARF1
NELFA,TLE4
NELFA,DPY30
NELFA,SPARC
NELFA,ADAM10
NELFA,HSPB1
NELFA,QSOX1
NELFA,GXYLT1
NELFA,ARFGAP1
NELFA,GLO1
NELFA,HDAC3
NELFA,SNX7
NELFA,WDR82
NELFA,HNRNPL
NELFA,BRD4
NELFA,ZBTB44
NELFA,TMEM214
NELFA,CDC42SE2
NELFA,CLTC
NELFA,MSL2
NELFA,NFYC
NELFA,BAZ1A
NELFA,TM9SF3
NELFA,PTP4A1
NELFA,MYC
NELFA,TMOD3
NELFA,BMPR2
NELFA,RBBP7
NELFA,SSR1
NELFA,CST3
NELFA,KCTD10
NELFA,KDM1A
NELFA,GOT1
NELFA,SMARCA5
NELFA,ARF4
NELFA,ATP6V0E
NELFA,ZFYVE21
NELFA,MAPK8
NELFA,H13
NELFA,USP16
NELFA,FRS2
NELFA,FKBP5
NELFA,ITGAV
NELFA,ZFP143
NELFA,PDCD6IP
NELFA,AARS
NELFA,EPAS1
NELFA,MSH2
NELFA,SEC11A
NELFA,AP2A2
NELFA,COPG1
NELFA,ZFP428
NELFA,IKBIP
NELFA,APAF1
NELFA,DDOST
NELFA,CREB3L2
NELFA,IFI30
NELFA,PDIA5
NELFA,B4GALT1
NELFA,SMARCC1
NELFA,EIF2S2
NELFA,EDEM1
NELFA,MPHOSPH8
NELFA,ATP6V0A1
NELFA,CHD1
NELFA,SEC24A
NELFA,KDM5B
NELFA,NCAPD3
NELFA,VKORC1
NELFA,KAT8
NELFA,ZFP322A
NELFA,USP7
NELFA,CPD
NELFA,ITGB1
NELFA,RAP1GDS1
NELFA,KDM5A
NELFA,HIRIP3
NELFA,TAX1BP3
NELFA,TMEM30A
NELFA,KDELR1
NELFA,CTSD
NELFA,CBX1
NELFA,IRF2BPL
NELFA,P3H1
NELFA,CDC73
NELFA,GNS
NELFA,PHRF1
NELFA,SRI
NELFA,GNB2
NELFA,SUZ12
NELFA,IFITM2
NELFA,PDK1
NELFA,SUPT6
NELFA,CREBBP
NELFA,SHF
NELFA,RAB11A
NELFA,TIMP2
NELFA,TTC39B
NELFA,MAX
NELFA,YY1
NELFA,TMEM9B
NELFA,DROSHA
NELFA,MFSD1
NELFA,MSH6
NELFA,WDR5
NELFA,VAMP3
NELFA,SLC39A1
NELFA,NR4A1
NELFA,EZH2
NELFA,GFPT2
NELFA,XPNPEP1
NELFA,SUPT16
NELFA,RAD23B
NELFA,PSEN1
NELFA,NUCB1
NELFA,HDAC2
NELFA,RER1
NELFA,CNOT3
NELFA,NFYA
NELFA,SMC3
NELFA,MBD2
NELFA,GNAS
NELFA,COL18A1
NELFA,DERL1
NELFA,FNDC3B
NELFA,COPA
NELFA,MBNL2
NELFA,DCTPP1
NELFA,PARP1
NELFA,WDR11
NELFA,RCOR1
NELFA,EED
NELFA,CDK8
NELFA,TALDO1
NELFA,NCAPG
NELFA,KDM4A
NELFA,SORD
NELFA,SEC23A
NELFA,LDLRAP1
NELFA,RPN1
NELFA,LRRC59
NELFA,SMAD3
NELFA,SETX
NELFA,ZBTB2
NELFA,DGCR8
NELFA,KLF5
NELFA,LAMC1
NELFA,FBXW8
NELFA,CDC16
NELFA,PLEKHF2
NELFA,GLMP
NELFA,MED1
NELFA,TMED3
NELFA,HSPG2
NELFA,OGT
NELFA,SELENOM
NELFA,TBX3
NELFA,GLDC
NELFA,TPM4
NELFA,SUMO2
NELFA,CD63
NELFA,CPOX
NELFA,COLGALT1
NELFA,SEMA4C
NELFA,TAF3
NELFA,TIMP3
NELFA,CLN6
NELFA,COPB1
NELFA,TMED2
NELFA,ZFP281
NELFA,JARID2
NELFA,USP28
NELFA,SLC35F5
NELFA,PRDX4
NELFA,ARHGAP1
NELFA,HIRA
NELFA,TGIF1
NELFA,CTSZ
NELFA,MTA2
NELFA,TXNDC5
NELFA,SERPINH1
NELFA,SMARCA4
NELFA,LRRC58
NELFA,INO80
NELFA,LAMP1
NELFA,PLOD3
NELFA,RDM1
NELFA,TXNDC12
NELFA,E2F4
NELFA,KMT2C
NELFA,MYDGF
NELFA,ADNP
NELFA,TMEM150A
NELFA,TET3
NELFA,FLRT3
NELFA,BASP1
NELFA,APEX1
NELFA,ARID1A
NELFA,SIRT6
NELFA,RPN2
NELFA,FUT8
NELFA,NFXL1
NELFA,BCLAF3
NELFA,SLC7A6
NELFA,KDM2A
NELFA,UTP14A
NELFA,RAD21
NELFA,TRP53
NELFA,RNF2
NELFA,TRAM1
NELFA,KDM6A
NELFA,TDG
NELFA,NCAPH2
NELFA,LMF2
NELFA,ZC3H11A
NELFA,ELL
NELFA,STT3A
NELFA,ADAM19
NELFA,OSBP
NELFA,SSRP1
NELFA,ITGA6
NELFA,FAM129B
NELFA,CDK7
NELFA,REEP5
NELFA,TAF1
NELFA,NSL1
NELFA,EP300
NELFA,MDN1
NELFA,SET
NELFA,KLF4
NELFA,PRKAA2
NELFA,IGFBP2
NELFA,BAZ1B
NELFA,TBRG1
NELFA,OPLAH
NELFA,KMT2B
NELFA,RAB2A
NELFA,RNF138
NELFA,SARAF
NELFA,PRKCE
NELFA,PKNOX1
NELFA,MED23
NELFA,GLIPR2
NELFA,LEO1
NELFA,ANO10
NELFA,TNKS
NELFA,CERS4
NELFA,HEATR1
NELFA,FKBP9
NELFA,ZFP217
NELFA,WDR46
NELFA,GSN
NELFA,TUBB2B
NELFA,SSR4
NELFA,PARD6B
NELFA,SOAT1
NELFA,ANXA4
NELFA,TSPAN9
NELFA,UBTF
NELFA,MCAM
NELFA,MYBL2
NELFA,LMNB1
NELFA,METTL3
NELFA,GATA4
NELFA,PML
NELFA,EXT2
NELFA,LY75
NELFA,COMMD3
NELFA,KLHDC3
NELFA,NIPBL
NELFA,ARFIP1
NELFA,ILK
NELFA,KDELC2
NELFA,STAG1
NELFA,MEN1
NELFA,TMEM59
NELFA,CCND1
NELFA,XRCC5
NELFA,AGPAT4
NELFA,DKC1
NELFA,LPAR2
NELFA,CHCHD10
NELFA,ACTL6A
NELFA,TCF12
NELFA,GMNN
NELFA,F3
NELFA,MKRN1
NELFA,SLC39A7
NELFA,CKAP4
NELFA,RARA
NELFA,MCM2
NELFA,DICER1
NELFA,RBPJ
NELFA,NIPSNAP1
NELFA,KAT5
NELFA,CREB3
NELFA,RAB3IL1
NELFA,PHF5A
NELFA,MSL1
NELFA,GALK1
NELFA,RUVBL2
NELFA,SPP1
NELFA,LTBP4
NELFA,PWP1
NELFA,TPD52
NELFA,TBP
NELFA,SMC1A
NELFA,RBBP5
NELFA,BRD9
NELFA,CBX2
NELFA,HELB
NELFA,SETD1A
NELFA,ZFP384
NELFA,SETD7
NELFA,PRDM15
NELFA,KMT2D
NELFA,ELOB
NELFA,NID1
NELFA,HIP1
NELFA,TMED10
NELFA,SETDB1
NELFA,KRTCAP2
NELFA,ACP6
NELFA,OBSL1
NELFA,KDM2B
NELFA,N4BP3
NELFA,GDPD5
NELFA,PLA2G15
NELFA,CTCF
NELFA,CXXC1
NELFA,AMPD2
NELFA,SAP30
NELFA,RBPMS2
NELFA,APOBEC3
NELFA,HS3ST1
NELFA,NONO
NELFA,CDK9
NELFA,PLOD2
NELFA,EFEMP2
NELFA,DMAP1
NELFA,MPRIP
NELFA,MMGT1
NELFA,ZFP710
NELFA,TCOF1
NELFA,SALL1
NELFA,FABP3
NELFA,KAT6B
NELFA,HAP1
NELFA,ATRX
NELFA,AEBP2
NELFA,SMARCAD1
NELFA,SERPING1
NELFA,RCN3
NELFA,GNA12
NELFA,DAXX
NELFA,EPHA1
NELFA,TFCP2L1
NELFA,REST
NELFA,RANBP17
NELFA,PATJ
NELFA,HTATSF1
NELFA,ZFP57
NELFA,PCGF2
NELFA,TFE3
NELFA,SMAD2
NELFA,ANP32A
NELFA,PFKP
NELFA,MCRS1
NELFA,GNPTAB
NELFA,FGF4
NELFA,ALG13
NELFA,DAP
NELFA,PTOV1
NELFA,SOX2
NELFA,EPOP
NELFA,NACC1
NELFA,P4HA2
NELFA,FGD1
NELFA,TET2
NELFA,EHMT2
NELFA,NAA10
NELFA,ETV4
NELFA,ARF5
NELFA,SFRP1
NELFA,MED12
NELFA,TEX264
NELFA,UHRF1
NELFA,PTPN21
NELFA,PAFAH1B3
NELFA,CBFA2T2
NELFA,RFFL
NELFA,ITPK1
NELFA,GCNT2
NELFA,SNURF
NELFA,SNRPN
NELFA,RARG
NELFA,GCNT1
NELFA,CTBP2
NELFA,TGIF2
NELFA,UTF1
NELFA,E2F1
NELFA,LAMB1
NELFA,MOV10
NELFA,STAG2
NELFA,GABBR1
NELFA,SIN3A
NELFA,TMEM144
NELFA,TCN2
NELFA,DCLK2
NELFA,MAP1A
NELFA,NUP210
NELFA,RCC2
NELFA,2410141K09RIK
NELFA,NODAL
NELFA,PHC1
NELFA,RBMXL2
NELFA,RPP25
NELFA,MYCN
NELFA,B4GALNT4
NELFA,ZFP459
NELFA,GALNT7
NELFA,CBX7
NELFA,TCF15
NELFA,ARID3A
NELFA,ZFP979
NELFA,GGTA1
NELFA,GSTA4
NELFA,ELL3
NELFA,ZFP42
NELFA,ZMYND8
NELFA,ADAM23
NELFA,NANOG
NELFA,FOXH1
NELFA,L1TD1
NELFA,LAMA1
NELFA,DUSP9
NELFA,POU5F1
NELFA,CCDC88C
NELFA,TDGF1
NELFA,PCOLCE2
NELFA,FXYD6
NELFA,TDH
NELFA,VSIR
NELFA,SALL4
NELFA,LRRC34
NELFA,RASGRP2
NELFA,GDF3
NELFA,MYMX
NELFA,PLA2G1B
NELFA,KHDC3
NELFA,ERAS
NELFA,UPP1
NELFA,CMKLR1
NELFA,NR0B1
NELFA,ZFP819
NELFA,DPPA4
NELFA,HSF2BP
NELFA,IFITM1
NELFA,ZIC3
NELFA,AU018091
NELFA,ILDR1
NELFA,GPA33
NELFA,GPX3
NELFA,BMP4
NELFA,TCL1
NELFA,ST5
NFYA,CNOT3
NFYA,OSBP
NFYA,AARS
NFYA,RUVBL2
NFYA,ZFP143
NFYA,HNRNPL
NFYA,GOT1
NFYA,CALR
NFYA,ZFYVE21
NFYA,STT3A
NFYA,ANP32A
NFYA,RPN2
NFYA,KAT6B
NFYA,RRBP1
NFYA,TMBIM6
NFYA,MYH9
NFYA,BAZ1B
NFYA,P4HB
NFYA,MPHOSPH8
NFYA,CBX5
NFYA,ACTL6A
NFYA,GLO1
NFYA,DDOST
NFYA,MBD3
NFYA,TRP53
NFYA,HIP1
NFYA,STAT3
NFYA,SIN3A
NFYA,DROSHA
NFYA,MSH2
NFYA,SH3GLB1
NFYA,SSR3
NFYA,RUVBL1
NFYA,COTL1
NFYA,KDM4A
NFYA,PAF1
NFYA,RCOR1
NFYA,ETV5
NFYA,EZH2
NFYA,HEXIM1
NFYA,NFYC
NFYA,NCAPD3
NFYA,GNA12
NFYA,FKBP5
NFYA,ASPH
NFYA,TCF3
NFYA,SELENOS
NFYA,KLF5
NFYA,CREB3L2
NFYA,2410141K09RIK
NFYA,DCTPP1
NFYA,PDIA6
NFYA,MYLPF
NFYA,DGCR8
NFYA,SARAF
NFYA,UHRF1
NFYA,DDB1
NFYA,KDM6A
NFYA,RER1
NFYA,CALU
NFYA,FUT8
NFYA,GTF3C1
NFYA,OAT
NFYA,ZMYND8
NFYA,APEX1
NFYA,TAX1BP3
NFYA,TLE4
NFYA,GMNN
NFYA,MPRIP
NFYA,DICER1
NFYA,NONO
NFYA,SLC39A1
NFYA,TAF1
NFYA,VKORC1
NFYA,UTP14A
NFYA,DUSP6
NFYA,MYDGF
NFYA,PTOV1
NFYA,NASP
NFYA,SMARCA5
NFYA,SEC11A
NFYA,OSTC
NFYA,TNKS
NFYA,P3H1
NFYA,B2M
NFYA,TBX3
NFYA,ELL2
NFYA,ETV4
NFYA,PHF5A
NFYA,ZFP322A
NFYA,TMEM165
NFYA,CTSL
NFYA,CLTC
NFYA,CMKLR1
NFYA,DAXX
NFYA,NUCB1
NFYA,SET
NFYA,ZIC3
NFYA,TMED10
NFYA,PLA2G1B
NFYA,HDAC1
NFYA,CDC5L
NFYA,TCOF1
NFYA,ZFP710
NFYA,TUBB2B
NFYA,KAT5
NFYA,MTF2
NFYA,EDEM1
NFYA,MSX2
NFYA,HDLBP
NFYA,WDR46
NFYA,CERS4
NFYA,RBMXL2
NFYA,PLA2G15
NFYA,GFPT2
NFYA,XBP1
NFYA,SLC25A4
NFYA,SALL4
NFYA,MYL6
NFYA,SEC23A
NFYA,SSR4
NFYA,LTBP4
NFYA,CTSD
NFYA,ELL
NFYA,MBNL2
NFYA,CTDSPL
NFYA,SOD1
NFYA,SERBP1
NFYA,TMED9
NFYA,SETD1A
NFYA,GPX3
NFYA,ZFP217
NFYA,JUN
NFYA,TFRC
NFYA,GNB2
NFYA,MEN1
NFYA,PARP1
NFYA,MMGT1
NFYA,SMC3
NFYA,KLHDC3
NFYB,EZH2
NFYB,ZFP143
NFYB,CNOT3
NFYB,GOT1
NFYB,ANP32A
NFYB,MSH2
NFYB,HNRNPL
NFYB,RUVBL2
NFYB,AARS
NFYB,BAZ1B
NFYB,ZFYVE21
NFYB,RRBP1
NFYB,CALR
NFYB,OAT
NFYB,RPN2
NFYB,OSBP
NFYB,STT3A
NFYB,DDOST
NFYB,KLF5
NFYB,MBD3
NFYB,GLO1
NFYB,KAT6B
NFYB,ETV5
NFYB,P4HB
NFYB,TMBIM6
NFYB,MPHOSPH8
NFYB,2410141K09RIK
NFYB,SIN3A
NFYB,RER1
NFYB,NFYC
NFYB,DROSHA
NFYB,CBX5
NFYB,BRD2
NFYB,APEX1
NFYB,SMC3
NFYB,SSR3
NFYB,CPD
NFYB,NCAPD3
NFYB,CREB3L2
NFYB,SELENOS
NFYB,HIP1
NFYB,NFYA
NFYB,ACTL6A
NFYB,KDM4A
NFYB,DCTPP1
NFYB,COTL1
NFYB,NUCB1
NFYB,PAF1
NFYB,ZMYND8
NFYB,FUT8
NFYB,ZIC3
NFYB,TCF3
NFYB,STAT3
NFYB,MYH9
NFYB,MKRN1
NFYB,HEXIM1
NFYB,XBP1
NFYB,CTSL
NFYB,RUVBL1
NFYB,UHRF1
NFYB,TAF1
NFYB,EPOP
NFYB,TAX1BP3
NFYB,HDLBP
NFYB,TLE4
NFYB,FKBP5
NFYB,GNA12
NFYB,ELL2
NFYB,TDG
NFYB,SET
NFYB,JARID2
NFYB,DUSP6
NFYB,SMARCA5
NFYB,MAP1A
NFYB,GMNN
NFYB,NAA10
NFYB,PLA2G1B
NFYB,WDR46
NFYB,OSTC
NFYB,MYMX
NFYB,KDM6A
NFYB,MSX2
NFYB,CMKLR1
NFYB,SEC11A
NFYB,ASPH
NFYB,UTP14A
NFYB,GLDC
NFYB,NASP
NFYB,DDB1
NFYB,GPX3
NFYB,MYLPF
NFYC,NCAPD3
NFYC,CNOT3
NFYC,ZFP143
NFYC,ANP32A
NFYC,RPN2
NFYC,RRBP1
NFYC,HNRNPL
NFYC,OSBP
NFYC,GOT1
NFYC,STT3A
NFYC,CREB3L2
NFYC,ACTL6A
NFYC,AARS
NFYC,NFYA
NFYC,P4HB
NFYC,SELENOS
NFYC,MYH9
NFYC,BAZ1B
NFYC,MBD3
NFYC,ZFYVE21
NFYC,DDOST
NFYC,CALR
NFYC,2410141K09RIK
NFYC,KDM4A
NFYC,RUVBL2
NFYC,SIN3A
NFYC,CBX5
NFYC,DUSP6
NFYC,KAT6B
NFYC,MPHOSPH8
NFYC,TAX1BP3
NFYC,COTL1
NFYC,SSR3
NFYC,NUCB1
NFYC,MSH2
NFYC,TCF3
NFYC,ETV4
NFYC,KLF5
NFYC,MPRIP
NFYC,GNA12
NFYC,TLE4
NFYC,TMBIM6
NFYC,HDAC1
NFYC,MYLPF
NFYC,CMKLR1
NFYC,PHF5A
NFYC,GLO1
NFYC,MAP1A
NFYC,CTSL
NFYC,CALU
NFYC,HIP1
NFYC,RUVBL1
NFYC,TXNDC12
NFYC,STAT3
NFYC,PAF1
NFYC,GLDC
NFYC,RCOR1
NFYC,PLA2G1B
NFYC,GNB2
NFYC,ETV5
NFYC,CTDSPL
NFYC,DCTPP1
NFYC,TMEM165
NFYC,DAXX
NFYC,ZFP322A
NFYC,DDB1
NFYC,SSR4
NFYC,ZFP281
NFYC,HEXIM1
NFYC,ELL2
NFYC,TBX3
NFYC,RBBP7
NFYC,TMED10
NFYC,WDR46
NFYC,B4GALNT4
NFYC,RBMXL2
NFYC,HELB
NFYC,SALL4
NIPBL,TLE4
NIPBL,CLTC
NIPBL,RDM1
NIPBL,STAT3
NIPBL,MTF2
NIPBL,MFSD1
NIPBL,LAMP1
NIPBL,APOBEC3
NIPBL,KDM5A
NIPBL,ATP6V0A1
NIPBL,SS18
NIPBL,NSL1
NIPBL,MSH6
NIPBL,HDAC2
NIPBL,GNB2
NIPBL,SMC3
NIPBL,LRRC59
NIPBL,RPN2
NIPBL,MDN1
NIPBL,ADNP
NIPBL,BRD9
NIPBL,KMT2D
NIPBL,CALM1
NIPBL,ARHGAP1
NIPBL,KANSL3
NIPBL,GTF2B
NIPBL,KDM5B
NIPBL,TCF12
NIPBL,BTAF1
NIPBL,KMT2C
NIPBL,USP16
NIPBL,SETD1A
NIPBL,SIRT6
NIPBL,RER1
NIPBL,EP400
NIPBL,MCRS1
NIPBL,DDX21
NIPBL,PHRF1
NIPBL,OGT
NIPBL,GABARAP
NIPBL,DDOST
NIPBL,ZFP384
NIPBL,EED
NIPBL,HEATR1
NIPBL,TFRC
NIPBL,RRN3
NIPBL,POFUT2
NIPBL,SSRP1
NIPBL,CDK7
NIPBL,POLE4
NIPBL,ATF7IP
NIPBL,SRSF1
NIPBL,TBP
NIPBL,MED23
NIPBL,GORASP2
NIPBL,SELENOS
NIPBL,ADAM19
NIPBL,DDB1
NIPBL,SETX
NIPBL,VAMP3
NIPBL,CALR
NIPBL,ITGB1
NIPBL,NFYC
NIPBL,DGCR8
NIPBL,FBXW8
NIPBL,UBA2
NIPBL,LMNB1
NIPBL,SEC24A
NIPBL,ARPC2
NIPBL,PPIB
NIPBL,GMNN
NIPBL,HDLBP
NIPBL,IMPDH2
NIPBL,TMEM9B
NIPBL,KDM4C
NIPBL,ATP6V0E
NIPBL,NCAPH2
NIPBL,LMF2
NIPBL,DARS
NIPBL,ARFGAP1
NIPBL,APEX1
NIPBL,RCOR1
NIPBL,PDIA3
NIPBL,ARF4
NIPBL,ILK
NIPBL,TCF3
NIPBL,RBBP5
NIPBL,HIRA
NIPBL,METTL3
NIPBL,CTCF
NIPBL,TMED2
NIPBL,SELENOW
NIPBL,PDCD6IP
NIPBL,COPB1
NIPBL,PSEN1
NIPBL,MED26
NIPBL,SDCBP
NIPBL,PRDX1
NIPBL,BAZ1B
NIPBL,TNKS
NIPBL,MSH2
NIPBL,SUPT16
NIPBL,PDIA6
NIPBL,ACBD3
NIPBL,RIF1
NIPBL,PHF5A
NIPBL,CALU
NIPBL,SH3GLB1
NIPBL,HSP90AB1
NIPBL,SMARCC1
NIPBL,MPHOSPH8
NIPBL,HSP90AA1
NIPBL,TGOLN1
NIPBL,PTPN21
NIPBL,COPA
NIPBL,DR1
NIPBL,TMEM214
NIPBL,KCTD10
NIPBL,DROSHA
NIPBL,TAF3
NIPBL,TMEM30A
NIPBL,PURB
NIPBL,RUVBL1
NIPBL,STAG1
NIPBL,TAX1BP3
NIPBL,INO80
NIPBL,COLGALT1
NIPBL,TAF2
NIPBL,ARID1A
NIPBL,TBRG1
NIPBL,WDR11
NIPBL,RUVBL2
NIPBL,ARPC5
NIPBL,KAT8
NIPBL,APPBP2
NIPBL,CREB3
NIPBL,SUPT5
NIPBL,TMED9
NIPBL,NCAPG
NIPBL,SMARCAD1
NIPBL,P4HB
NIPBL,STT3A
NIPBL,WDR5
NIPBL,RPN1
NIPBL,SRSF2
NIPBL,GNAI3
NIPBL,TMOD3
NIPBL,NFYB
NIPBL,NASP
NIPBL,MAPK8
NIPBL,CDC42SE2
NIPBL,WDR46
NIPBL,DMAP1
NIPBL,SEC11A
NIPBL,MYDGF
NIPBL,YY1
NIPBL,CTSD
NIPBL,ZBTB44
NIPBL,TRIM28
NIPBL,DERL1
NIPBL,USP28
NIPBL,FBXO22
NIPBL,PHC1
NIPBL,RBPJ
NIPBL,PDK1
NIPBL,DPY30
NIPBL,RNF138
NIPBL,TALDO1
NIPBL,TMEM165
NIPBL,RAF1
NIPBL,PLA2G15
NIPBL,ARID3A
NIPBL,CDC16
NIPBL,CXXC1
NIPBL,MED1
NIPBL,SMARCA5
NIPBL,WDR82
NIPBL,MCM2
NIPBL,MBD3
NIPBL,H13
NIPBL,BEND5
NIPBL,ARFIP1
NIPBL,CTR9
NIPBL,PTP4A1
NIPBL,CBX3
NIPBL,XRCC5
NIPBL,SLC35F5
NIPBL,EZH2
NIPBL,MORC3
NIPBL,GNS
NIPBL,TCOF1
NIPBL,CDK8
NIPBL,KDM1A
NIPBL,GFPT1
NIPBL,NPM1
NIPBL,SLC16A1
NIPBL,XPNPEP1
NIPBL,SETDB1
NIPBL,NCAPD3
NIPBL,PLEKHF2
NIPBL,OAT
NIPBL,SUZ12
NIPBL,OSBP
NIPBL,SSR3
NIPBL,RTN3
NIPBL,NELFA
NIPBL,TRAM1
NIPBL,E4F1
NIPBL,MMGT1
NIPBL,PAF1
NIPBL,MSL2
NIPBL,RAD23B
NIPBL,NR4A1
NIPBL,PTOV1
NIPBL,TGIF2
NIPBL,EIF2S2
NIPBL,P4HA1
NIPBL,HSPA4
NIPBL,MAX
NIPBL,COPG1
NIPBL,MBD2
NIPBL,FNDC3B
NIPBL,SAP30
NIPBL,RAD21
NIPBL,SUMO1
NIPBL,PWP1
NIPBL,TMEM150A
NIPBL,GTF3C1
NIPBL,RAB11A
NIPBL,SERBP1
NIPBL,KAT5
NIPBL,FRS2
NIPBL,SSR1
NIPBL,ZFP322A
NIPBL,ERF
NIPBL,MKRN1
NIPBL,SLC25A4
NIPBL,PLOD3
NIPBL,ITGAV
NIPBL,CARHSP1
NIPBL,HEXIM1
NIPBL,MPRIP
NIPBL,CHD1
NIPBL,DCTPP1
NIPBL,B4GALT1
NIPBL,IKBIP
NIPBL,APAF1
NIPBL,TMEM59
NIPBL,LEO1
NIPBL,CDK9
NIPBL,MYL6
NIPBL,OSTC
NIPBL,MTA2
NIPBL,PAFAH1B3
NIPBL,SEC23A
NIPBL,SARAF
NIPBL,RAP1GDS1
NIPBL,CBX5
NIPBL,TGIF1
NIPBL,MSL3
NIPBL,FBRSL1
NIPBL,CST3
NIPBL,GALK1
NIPBL,ACP6
NIPBL,HDAC1
NIPBL,BSG
NIPBL,TMBIM6
NIPBL,PNP
NIPBL,CLN6
NIPBL,SAP18
NIPBL,NUCB1
NIPBL,MAN1A
NIPBL,TEX264
NIPBL,CDC5L
NIPBL,GLMP
NIPBL,VKORC1
NIPBL,SMC1A
NIPBL,MYLPF
NIPBL,TPD52
NIPBL,TMED3
NIPBL,GNAS
NIPBL,GLO1
NIPBL,DUSP6
NIPBL,SET
NIPBL,CTSL
NIPBL,CPOX
NIPBL,RRAS2
NIPBL,IER2
NIPBL,EXT2
NIPBL,PKNOX1
NIPBL,KMT2B
NIPBL,GLIPR2
NIPBL,CHST15
NIPBL,CREBBP
NIPBL,ELL
NIPBL,SMAD1
NIPBL,ZFP710
NIPBL,MARC2
NIPBL,MOB3B
NIPBL,DPF2
NIPBL,RARA
NIPBL,DAP
NIPBL,LRPAP1
NIPBL,IRF2BPL
NIPBL,ASS1
NIPBL,UPP1
NIPBL,TFE3
NIPBL,VSIR
NIPBL,TMEM144
NIPBL,LY75
NIPBL,EPOP
NIPBL,KLF2
NIPBL,CBX8
NIPBL,SPP1
NIPBL,GOT1
NIPBL,PARD6B
NIPBL,PATJ
NIPBL,ALG13
NIPBL,SLC15A1
NIPBL,ASPH
NIPBL,MYMX
NIPBL,CERS4
NIPBL,MED12
NIPBL,TCN2
NIPBL,TDH
NIPBL,ZFHX3
NIPBL,ETV1
NIPBL,FRMD4A
NIPBL,ZMYND8
NIPBL,PRDM14
NIPBL,TUBB2B
NIPBL,UTF1
NIPBL,KDELC2
NIPBL,CD63
NIPBL,PCOLCE
NIPBL,CHD7
NIPBL,PHLDB2
NIPBL,SEMA4C
NIPBL,NANOG
NIPBL,2410141K09RIK
NIPBL,PIPOX
NIPBL,RPP25
NIPBL,LRRC2
NIPBL,OTX2
NIPBL,TSPAN9
NIPBL,FABP3
NIPBL,ST5
NIPBL,ZFP819
NIPBL,LRRC34
NIPBL,LAMB2
NIPBL,RBMXL2
NIPBL,GCNT2
NIPBL,TBX3
NIPBL,ZFP979
NIPBL,DPPA2
NIPBL,PLOD2
NIPBL,EFEMP2
NIPBL,PDIA5
NIPBL,TDGF1
NIPBL,SLC7A3
NIPBL,SERPING1
NIPBL,OPLAH
NIPBL,L1TD1
NIPBL,GFPT2
NIPBL,SFRP1
NIPBL,POU5F1
NIPBL,IFITM1
NIPBL,ANXA4
NIPBL,GHR
NIPBL,GSTA4
NIPBL,FUT9
NIPBL,PDGFRA
NIPBL,HSF2BP
NIPBL,ADGRA2
NIPBL,NR5A2
NIPBL,FLRT3
NIPBL,FGFR1
NIPBL,SELENOM
NIPBL,ZFP532
NIPBL,ZFP57
NIPBL,HSPB1
NIPBL,NOTCH4
NIPBL,TCEA3
NIPBL,TET1
NIPBL,AU018091
NIPBL,TFCP2L1
NIPBL,CDH6
NIPBL,FGFR4
NONO,ZFHX3
NR0B1,PRDM14
NR0B1,RIF1
NR0B1,SPP1
NR0B1,ADGRA2
NR0B1,MTF2
NR0B1,MKRN1
NR0B1,TDGF1
NR0B1,DPPA2
NR0B1,ACP6
NR0B1,ETV4
NR0B1,PHC1
NR0B1,TFRC
NR0B1,UPP1
NR0B1,TFE3
NR0B1,FABP3
NR0B1,UBA2
NR0B1,NOTCH4
NR0B1,ZFP42
NR0B1,MYMX
NR0B1,CALU
NR0B1,IGFBP2
NR0B1,LRRC34
NR0B1,CST3
NR0B1,PCOLCE
NR0B1,GMNN
NR0B1,MBD3
NR0B1,OTX2
NR0B1,NR5A2
NR0B1,KANSL3
NR0B1,NANOG
NR0B1,SFRP1
NR0B1,OAT
NR0B1,IFITM1
NR0B1,MAP1A
NR0B1,RBPJ
NR0B1,SLC7A3
NR0B1,TDH
NR0B1,ST5
NR0B1,SEPT1
NR0B1,ZFP532
NR0B1,RARA
NR0B1,TAX1BP3
NR0B1,FBLIM1
NR0B1,GSTA4
NR0B1,MAPK8
NR0B1,PLEKHF2
NR0B1,MYLPF
NR0B1,PRKAA2
NR0B1,OPLAH
NR0B1,NFYC
NR0B1,DGCR8
NR4A1,STARD10
NR4A1,GNPTAB
NR4A1,ZCCHC24
NR4A1,CMKLR1
NR4A1,TET3
NR4A1,GHR
NR4A1,ZFP57
NR4A1,RDM1
NR4A1,PRKCE
NR4A1,IER2
NR4A1,PRDM14
NR4A1,L3MBTL3
NR4A1,CBX7
NR4A1,SLC39A8
NR4A1,SEC11A
NR4A1,TUBB2B
NR4A1,GCNT1
NR4A1,NIPBL
NR4A1,PDE4DIP
NR4A1,KRT17
NR4A1,FUT8
NR4A1,NFYC
NR4A1,ZFP532
NR4A1,SMARCA5
NR4A1,LRRC2
NR4A1,CTSD
NR4A1,FRMD4A
NR4A1,RAB2A
NR4A1,PDGFRA
NR4A1,KDM2A
NR4A1,HS3ST1
NR4A1,DTX3L
NR4A1,MYMX
NR4A1,TIMP3
NR4A1,GNA12
NR4A1,FKBP5
NR4A1,ALPL
NR4A1,MYDGF
NR4A1,PTP4A1
NR4A1,PARVA
NR4A1,GALNT7
NR4A1,DAB2
NR4A1,CDH6
NR4A1,YEATS4
NR4A1,KDM5A
NR4A1,ETV4
NR4A1,P4HB
NR4A1,SMARCA4
NR4A1,MBD3
NR4A1,TMEM30A
NR4A1,HSPG2
NR4A1,HDLBP
NR4A1,N4BP3
NR4A1,GFPT2
NR4A1,ZFP990
NR4A1,ADAM19
NR4A1,SLC7A6
NR4A1,PCBD1
NR4A1,IFITM2
NR4A1,ERP29
NR4A1,ITGB1
NR4A1,SPARC
NR4A1,NPHS1
NR4A1,ZFP42
NR4A1,BMP1
NR4A1,RAD23B
NR4A1,PLAT
NR4A1,ILDR1
NR4A1,SLC7A3
NR4A1,ZFP979
NR4A1,SMARCC1
NR4A1,LYN
NR4A1,BRD2
NRF1,RAD21
NRF1,SMARCC1
NRF1,SAP18
NRF1,MCRS1
NRF1,DPF2
NRF1,MSL1
NRF1,PDIA5
NRF1,SMARCA5
NRF1,SMARCA4
NRF1,SRSF1
NRF1,HEXIM1
NRF1,EED
NRF1,EIF2S2
NRF1,TMED3
NRF1,TMOD3
NRF1,PLOD3
NRF1,YEATS4
NRF1,NCOR1
NRF1,TGIF1
NRF1,SNURF
NRF1,SNRPN
NRF1,ELL
NRF1,NFYA
NRF1,ARPC2
NRF1,XRCC5
NRF1,RAD23B
NRF1,CBX5
NRF1,ARF1
NRF1,POFUT2
NRF1,KDM4C
NRF1,MSL2
NRF1,CDC5L
NRF1,NPM1
NRF1,HSP90AA1
NRF1,MSH2
NRF1,TBRG1
NRF1,OSTC
NRF1,MAX
NRF1,MMGT1
NRF1,NCAPD3
NRF1,KRTCAP2
NRF1,KDM2A
NRF1,GMNN
NRF1,PWP1
NRF1,TMBIM6
NRF1,KDM4A
NRF1,PARD6B
NRF1,HIRIP3
NRF1,TMEM30A
NRF1,DAP
NRF1,IRF2BPL
NRF1,SSR4
NRF1,HDLBP
NRF1,BRD2
NRF1,FLRT3
NRF1,L3MBTL3
NRF1,NFXL1
NRF1,COPG1
NRF1,HSF2BP
NRF1,GTF3C1
NRF1,TRAM1
NRF1,RER1
NRF1,ZFP281
NRF1,RBPJ
NRF1,DKC1
NRF1,P4HA1
NRF1,MED26
NRF1,MBD3
NRF1,HNRNPL
NRF1,UHRF1
NRF1,HDAC2
NRF1,GFPT1
NRF1,ADAM23
NRF1,HSPA4
NRF1,NONO
NRF1,MORC3
NRF1,RARG
NRF1,EZH2
NRF1,CLCN5
NRF1,SLC16A1
NRF1,RBBP7
NRF1,P4HB
NRF1,MYLPF
NRF1,RTN3
NRF1,P3H1
NRF1,ZFP322A
NRF1,PARP1
NRF1,SIRT6
NRF1,KLHDC3
NRF1,AP2A2
NRF1,LAMB1
NRF1,ZFP428
NRF1,MYDGF
NRF1,TAX1BP3
NRF1,ZBTB44
NRF1,SERBP1
NRF1,CBX7
NRF1,EXT2
NRF1,TMED9
NRF1,HIRA
NRF1,TFRC
NRF1,ABHD5
NRF1,PDCD6IP
NRF1,WDR5
NRF1,ZFP217
NRF1,UBA2
NRF1,ASPH
NRF1,MARC2
NRF1,ST5
NRF1,RDM1
NRF1,CBX1
NRF1,TRIM28
NRF1,FN1
NRF1,ERP29
NRF1,CDC42SE2
NRF1,SAP30
NRF1,NFYC
NRF1,PKNOX1
NRF1,JUN
NRF1,KLF5
NRF1,SETD1A
NRF1,CTCF
NRF1,EP400
NRF1,VAMP3
NRF1,2200002D01RIK
NRF1,CPOX
NRF1,SLC39A7
NRF1,PDK1
NRF1,SRSF2
NRF1,CALU
NRF1,HDAC3
NRF1,PPIB
NRF1,ZFP819
NRF1,NR0B1
NRF1,STAG1
NRF1,GLIPR2
NRF1,RRBP1
NRF1,CHMP4B
NRF1,FUT8
NRF1,RCN3
NRF1,SDCBP
NRF1,THAP11
NRF1,RBBP5
NRF1,SSRP1
NRF1,TXNDC12
NRF1,SET
NRF1,GNPTAB
NRF1,GDPD5
NRF1,TSPAN9
NRF1,ATF7IP
NRF1,DPY30
NRF1,ACP6
NRF1,SALL4
NRF1,SELENOW
NRF1,HSPG2
NRF1,MAP1A
NRF1,TGOLN1
NRF1,ARPC5
NRF1,FBRSL1
NRF1,NID1
NRF1,TDG
NRF1,CTSD
NRF1,ATP6V0E
NRF1,PXDN
NRF1,BAZ1B
NRF1,GNAS
NRF1,SMC1A
NRF1,IFITM2
NRF1,SS18
NRF1,ARID3A
NRF1,RNF138
NRF1,RNF2
NRF1,RAB11A
NRF1,PRKCE
NRF1,KANSL3
NRF1,LGALS3
NRF1,UTP14A
NRF1,SELENOS
NRF1,ENOX1
NRF1,LAMA1
NRF1,FUT9
NRF1,TAF3
NRF1,SARAF
NRF1,HELB
NRF1,STAT3
NRF1,USP28
NRF1,IMPDH2
NRF1,B2M
NRF1,RPN1
NRF1,ARFIP1
NRF1,PDIA3
NRF1,YY1
NRF1,SIN3A
NRF1,HAP1
NRF1,GXYLT1
NRF1,MYC
NRF1,CCDC88C
NRF1,KDM1A
NRF1,ARF4
NRF1,LPAR2
NRF1,CTBP2
NRF1,GTF2B
NRF1,CLTC
NRF1,GDF3
NRF1,ZC3H11A
NRF1,PSEN1
NRF1,SURF4
NRF1,SOD1
NRF1,RAF1
NRF1,STT3A
NRF1,KDM2B
NRF1,NELFA
NRF1,HDAC1
NRF1,PLA2G15
NRF1,RAP1GDS1
NRF1,ZFP710
NRF1,TENM4
NRF1,CBX2
NRF1,TET3
NRF1,SUPT6
NRF1,BMPR2
NRF1,RETREG1
NRF1,BSG
NRF1,ADAM10
NRF1,HSP90AB1
NRF1,ETV4
NRF1,MYL6
NRF1,AARS
NRF1,PDIA6
NRF1,CBX8
NRF1,CDC73
NRF1,SUMO1
NRF1,KAT8
NRF1,XPNPEP1
NRF1,IKBIP
NRF1,APAF1
NRF1,SORD
NRF1,OAT
NRF1,KLF4
NRF1,FHDC1
NRF1,SLC7A6
NRF1,CDK8
NRF1,DNAJC3
NRF1,GALK1
NRF1,PTOV1
NRF1,SMARCA2
NRF1,KMT2D
NRF1,SEC11A
NRF1,MYBL2
NRF1,AEBP2
NRF1,GALNT7
NRF1,ELOB
NRF1,CBX3
NRF1,MTA2
NRF1,SPOCK1
NRF1,METTL3
NRF1,MOB3B
NRF1,MTF2
NRF1,E4F1
NRF1,PRDM15
NRF1,AKT1
NRF1,OGT
NRF1,TTC39B
NRF1,MBD2
NRF1,RPP25
NRF1,BRD9
NRF1,ARFGAP1
NRF1,KMT2C
NRF1,2410141K09RIK
NRF1,TDGF1
NRF1,TBX3
NRF1,ATP6V0A1
NRF1,MCM2
NRF1,MPRIP
NRF1,FGFR1
NRF1,SLC35F5
NRF1,FZD5
NRF1,DCLK2
NRF1,PTP4A1
NRF1,TCEA3
NRF1,LTBP4
NRF1,ZFP57
NRF1,PRDX4
NRF1,NCAPH2
NRF1,LMF2
NRF1,PHF5A
NRF1,LRRC58
NRF1,TBP
NRF1,TCF15
NRF1,CNOT3
NRF1,ANP32A
NRF1,IFITM1
NRF1,MEN1
NRF1,CTSL
NRF1,LRP2
NRF1,PAF1
NRF1,KMT2B
NRF1,ZFP143
NRF1,NR4A1
NRF1,MAPKAPK2
NRF1,MDN1
NRF1,ADNP
NRF1,QSOX1
NRF1,NOTUM
NRF1,TEX264
NRF1,ZFP384
NRF1,FNDC3B
NRF1,COL27A1
NRF1,PLAT
NRF1,POLE4
NRF1,GSR
NRF1,FBXO22
NRF1,FABP3
NRF1,EPAS1
NRF1,CALR
NRF1,SLC25A4
NRF1,P3H2
NRF1,NUP210
NRF1,APPBP2
NRF1,RCC2
NRF1,SSR1
NRF1,RASGRP2
NRF1,NR5A2
NRF1,CD63
NRF1,SHF
NRF1,DARS
NRF1,NMNAT2
NRF1,TAF1
NRF1,BRD4
NRF1,SUPT5
NRF1,CDK7
NRF1,ETV5
NRF1,TALDO1
NRF1,MKRN1
NRF1,LAMC1
NRF1,DDB1
NRF1,ZFP42
NRF1,PCOLCE2
NRF1,SIK1
NRF1,COMMD3
NRF1,LMNB1
NRF1,EHMT2
NRF1,SMARCAD1
NRF1,COTL1
NRF1,COLGALT1
NRF1,GORASP2
NRF1,MPHOSPH8
NRF1,FKBP9
NRF1,SEC23A
NRF1,VKORC1
NRF1,PRDX1
NRF1,OPLAH
NRF1,ZFYVE21
NRF1,DMAP1
NRF1,CHD7
NRF1,ELL2
NRF1,TMEM59
NRF1,SMAD3
NRF1,ZBTB2
NRF1,ITGB1
NRF1,NSD2
NRF1,IER2
NRF1,PDE4DIP
NRF1,TMED2
NRF1,REST
NRF1,HIP1
NRF1,FRMD4A
NRF1,CREB3L2
NRF1,ZYX
NRF1,TPM4
NRF1,SETD7
NRF1,CXXC1
NRF1,TMEM9B
NRF1,TIMP3
NRF1,APOBEC3
NRF1,KDELR3
NRF1,ARID1A
NRF1,ARHGAP1
NRF1,AGPAT4
NRF1,PURB
NRF1,NANOG
NRF1,SEC24D
NRF1,TDH
NRF1,GNA12
NRF1,CRTC3
NRF1,PLEKHF2
NRF1,OTX2
NRF1,VAMP8
NRF1,ERF
NRF1,PTPN14
NRF1,GLDC
NRF1,SMYD2
NRF1,CTDSPL
NRF1,INO80
NRF1,CTR9
NRF1,MED23
NRF1,CHD1
NRF1,SUZ12
NRF1,GLI2
NRF1,IGFBP2
NRF1,COL4A2
NRF1,COL4A1
NRF1,TMEM144
NRF1,PNP
NRF1,GNG10
NRF1,KAT6B
NRF1,SNX7
NRF1,CREB3
NRF1,DUSP6
NRF1,USP7
NRF1,CARHSP1
NRF1,SMAD1
NRF1,SOX2
NRF1,GCNT2
NRF1,CERS4
NRF1,DOCK5
NRF1,DERL1
NRF1,USP16
NRF1,DDX21
NRF1,TUBB2B
NRF1,TRP53
NRF1,L1TD1
NRF1,BTAF1
NRF1,CALM1
NRF1,GLI1
NRF1,RXRA
NRF1,SPNS2
NRF1,SOAT1
NRF1,IHH
NRF1,B4GALT1
NRF1,RUVBL1
NRF1,GNS
NRF1,DPPA2
NRF1,NSL1
NRF1,SUPT16
NRF1,KDM5A
NRF1,MYH9
NRF1,GHR
NRF1,RARA
NRF1,PLOD1
NRF1,UPP1
NRF1,TLE4
NRF1,NODAL
NRF1,GLO1
NRF1,MAN1A2
NRF1,F3
NRF1,PTH1R
NRF1,NCAPG
NRF1,KDM5B
NRF1,TGFBR3
NRF1,LRRC2
NRF1,COL18A1
NRF1,E2F1
NRF1,SETX
NRF1,PHC1
NRF1,GGA2
NRF1,SMC3
NRF1,WDR11
NRF1,UBTF
NRF1,RRN3
NRF1,NIPSNAP1
NRF1,LDLRAP1
NRF1,EDEM1
NRF1,P3H4
NRF1,B4GALNT4
NRF1,TMEM150A
NRF1,LEO1
NRF1,TCF12
NRF1,KAT5
NRF1,SUMO2
NRF1,SH3GLB1
NRF1,TM9SF3
NRF1,RANBP17
NRF1,ADAM19
NRF1,TET2
NRF1,TNKS
NRF1,BNC2
NRF1,BMI1
NRF1,CMKLR1
NRF1,ZFP532
NRF1,SSR3
NRF1,NUCB1
NRF1,SETDB1
NRF1,H13
NRF1,DR1
NRF1,TPD52
NRF1,PCGF2
NRF1,HEATR1
NRF1,DICER1
NRF1,SRGN
NRF1,DDOST
NRF1,TCF3
NRF1,FOXA2
NRF1,N4BP3
NRF1,KDM6A
NRF1,POU5F1
NRF1,CTSZ
NRF1,ETV1
NRF1,COPA
NRF1,MAPK8
NRF1,CREBBP
NRF1,FGF4
NRF1,FKBP5
NRF1,TMED10
NRF1,SLC39A1
NRF1,ILK
NRF1,GFPT2
NRF1,FGF3
NRF1,COPB1
NRF1,IFI30
NRF1,ZMYND8
NRF1,XBP1
NRF1,EP300
NRF1,CDH6
NRF1,PLOD2
NRF1,NASP
NRF1,BMPER
NRF1,PAFAH1B3
NRF1,NIPBL
NRF1,CHST15
NRF1,MYMX
NRF1,FST
NRF1,PFKP
NRF1,ALPL
NRF1,ARHGEF5
NRF1,KDELC2
NRF1,MVB12B
NRF1,ASS1
NRF1,CEMIP
NRF1,PRKAA2
NRF1,DCTPP1
NRF1,AFF3
NRF1,PHF19
NRF1,ELL3
NRF1,RYBP
NRF1,GATA6
NRF1,RCOR1
NRF1,SALL1
NRF1,TCL1
NRF1,EVA1A
NRF1,ACBD3
NRF1,APEX1
NRF1,JAM2
NRF1,SNX2
NRF1,MFSD1
NRF1,GSN
NRF1,FXYD6
NRF1,VSIR
NRF1,LAMB2
NRF1,FRS2
NRF1,GSTA4
NRF1,MED1
NRF1,ANO10
NRF1,SEMA4C
NRF1,CAR2
NRF1,DUSP9
NRF1,DGCR8
NRF1,FBLIM1
NRF1,GATA4
NRF1,RPN2
NRF1,NCOR2
NRF1,DTX1
NRF1,P4HA2
NRF1,LRPAP1
NRF1,RFFL
NRF1,JARID2
NRF1,CCND1
NRF1,ACTL6A
NRF1,CST3
NRF1,PHRF1
NRF1,ITPK1
NRF1,ALDH2
NRF1,GNB2
NRF1,GABARAP
NRF1,TMEM165
NRF1,TFCP2L1
NRF1,MYCN
NRF1,BCLAF3
NRF1,OSBP
NRF1,CHCHD10
NRF1,WDR82
NRF1,NFYB
NRF1,NAA10
NRF1,TCN2
NRF1,PECAM1
NRF1,GOT1
NRF1,PIPOX
NRF1,RUVBL2
NRF1,ZCCHC24
NRF1,MBNL2
NRF1,ZFP459
NRF1,HS3ST1
NRF1,UTF1
NRF1,SFRP1
NRF1,CDK9
NRF1,SERPING1
NRF1,PHLDB2
NRF1,HSPB1
NRF1,TRH
NRF1,TCOF1
NRF1,TIMP2
NRF1,MAFK
NRF1,LY75
NRF1,ADGRA2
NRF1,NACC1
NRF1,ATRX
NRF1,HTATSF1
NRF1,DTX3L
NRF1,KDELR2
NRF1,SMAD2
NRF1,DROSHA
NRF1,OOEP
NRF1,LRRC34
NRF1,SPP1
NRF1,DRAM1
NRF1,ZFHX3
NRF1,SHTN1
NRF1,ZIC2
NRF1,SELENOM
NRF1,SLC7A3
NRF1,GNAI3
NRF1,PITPNC1
NRF1,RRAS2
NRF1,PRDM14
NRF1,CPD
NRF1,DAXX
NRF1,TET1
NRF1,MSH6
NRF1,REEP5
NRF1,DNMT3B
NRF1,SH3PXD2B
NRF1,RIF1
NRF1,EFEMP2
NRF1,COBL
NRF1,PTPN21
NRF1,COBLL1
NRF1,RBPMS2
NRF1,LYN
NRF1,APP
NRF1,UBQLN2
NRF1,CLN6
NRF1,CDC16
NRF1,HCFC1
NRF1,CHD4
NRF1,SOX17
NRF1,DAB2
NRF1,ANXA4
NRF1,GGTA1
NRF1,ALG13
NRF1,GPC6
NRF1,DNAJC10
NRF1,TMEM214
NRF1,SLC39A8
NRF1,ARHGAP29
NRF1,EPOP
NRF1,PDGFRA
NRF1,ZIC3
NRF1,SEC24A
NRF1,GCNT1
NRF1,MSX2
NRF1,FAM114A1
NRF1,PARVA
NRF1,HMGA1B
NRF1,HMGA1
NRF1,TGIF2
NRF1,ITGAV
NRF1,ITGA6
NRF1,SLC15A1
NRF1,STAG2
NRF1,CBFA2T2
NRF1,RBMXL2
NRF1,MSL3
NRF1,FBXW8
NRF1,CRYAB
NRF1,MOV10
NRF1,PML
NRF1,ARHGEF28
NRF1,KDELR1
NRF1,FAM129B
NRF1,LRRC59
NRF1,SERPINH1
NRF1,KRT8
NRF1,GPX3
NRF1,ESRRB
NRF1,TAF2
NRF1,ERAS
NRF1,ARL8A
NRF1,TFE3
NRF1,SPARC
NRF1,HNF1B
NSL1,FBXW8
NSL1,LAMP1
NSL1,CDC16
NSL1,MFSD1
NSL1,WDR11
NSL1,MED23
NSL1,DMAP1
NSL1,TBP
NSL1,PTPN21
NSL1,RUVBL1
NSL1,TMEM30A
NSL1,DDOST
NSL1,COPA
NSL1,RBBP5
NSL1,KDM5A
NSL1,ARHGAP1
NSL1,ATP6V0A1
NSL1,PURB
NSL1,ARFGAP1
NSL1,CDK7
NSL1,GABARAP
NSL1,LRRC59
NSL1,SUPT5
NSL1,PDCD6IP
NSL1,XRCC5
NSL1,SEC24A
NSL1,KDELR1
NSL1,ACTL6A
NSL1,SLC35F5
NSL1,MDN1
NSL1,SSRP1
NSL1,KCTD10
NSL1,KAT5
NSL1,SRSF2
NSL1,CLTC
NSL1,PHF5A
NSL1,ZC3H11A
NSL1,SIRT6
NSL1,FBXO22
NSL1,RUVBL2
NSL1,SMARCA5
NSL1,SMARCAD1
NSL1,HEATR1
NSL1,GNB2
NSL1,USP16
NSL1,TMEM9B
NSL1,MCRS1
NSL1,STT3A
NSL1,DARS
NSL1,PWP1
NSL1,SETDB1
NSL1,2410141K09RIK
NSL1,PPIB
NSL1,COPG1
NSL1,TGOLN1
NSL1,KMT2D
NSL1,GTF2B
NSL1,CALM1
NSL1,RRN3
NSL1,SEC11A
NSL1,GORASP2
OGT,MCRS1
OGT,HSP90AA1
OGT,CBX3
OGT,HSP90AB1
OGT,ZFHX3
OGT,HSPB1
OGT,SMARCA5
OGT,CALM1
OGT,SMARCA4
OGT,VAMP3
OGT,PLOD2
OGT,SETX
OTX2,ALPL
OTX2,HDAC2
OTX2,NFYC
OTX2,IRF2BPL
OTX2,MTF2
OTX2,UBA2
OTX2,KMT2C
OTX2,RBPJ
OTX2,SRSF2
OTX2,FOXH1
OTX2,NANOG
OTX2,CBX5
OTX2,CST3
OTX2,PAFAH1B3
OTX2,MSL2
OTX2,HMGA1B
OTX2,HMGA1
OTX2,SNURF
OTX2,SNRPN
OTX2,CLTC
OTX2,SRSF1
OTX2,LRPAP1
OTX2,OPLAH
OTX2,ZFP428
OTX2,RIF1
OTX2,ADNP
OTX2,PHC1
OTX2,DROSHA
OTX2,KAT6B
OTX2,ARFIP1
OTX2,SMARCA4
OTX2,MYMX
OTX2,SEMA4C
OTX2,MAPKAPK2
OTX2,NRF1
OTX2,TPD52
OTX2,KDM2B
OTX2,NCAPH2
OTX2,LMF2
OTX2,MBD2
OTX2,MPHOSPH8
OTX2,PIPOX
OTX2,SLC7A3
OTX2,SUPT5
OTX2,ELL2
OTX2,IFITM1
OTX2,TFRC
OTX2,DAXX
OTX2,BAZ1B
OTX2,HNRNPL
OTX2,TGIF2
OTX2,SPP1
OTX2,PHF5A
OTX2,ZC3H11A
OTX2,DUSP27
OTX2,KMT2B
OTX2,MED23
OTX2,SH3GLB1
OTX2,VSIR
OTX2,ETV1
OTX2,POU5F1
OTX2,HSP90AB1
OTX2,ZFHX3
OTX2,TET3
OTX2,CTBP2
OTX2,EZH2
OTX2,BRD2
OTX2,KDM4A
OTX2,RAD23B
OTX2,ZFP710
OTX2,DUSP6
OTX2,TCEA3
OTX2,NONO
OTX2,SET
OTX2,MED12
OTX2,CTCF
OTX2,ETV5
OTX2,VAMP8
OTX2,TMEM165
OTX2,MEN1
OTX2,SETDB1
OTX2,ZFP532
OTX2,METTL3
OTX2,DPY30
OTX2,TXNDC12
OTX2,HSPA4
OTX2,KMT2D
OTX2,HIP1
OTX2,KDELC2
OTX2,UPP1
OTX2,ZFP819
OTX2,PRDM14
OTX2,ZMYND8
OTX2,SLC15A1
OTX2,PDIA5
OTX2,CD63
OTX2,STAT3
OTX2,SLC25A4
OTX2,CBX3
OTX2,SMARCA5
OTX2,ACP6
OTX2,VKORC1
OTX2,MAN1A2
OTX2,SUMO2
OTX2,TFE3
OTX2,ARF4
OTX2,MBD3
OTX2,SIN3A
OTX2,CCDC88C
OTX2,ERF
OTX2,HDLBP
OTX2,FABP3
OTX2,GCNT2
OTX2,ARID1A
OTX2,LAMB2
OTX2,FLRT3
OTX2,TBRG1
OTX2,NUCB1
OTX2,B4GALT1
OTX2,TGIF1
OTX2,FUT9
OTX2,2410141K09RIK
OTX2,ZBTB2
OTX2,TMED10
OTX2,ZFP42
OTX2,TRP53
OTX2,TDGF1
OTX2,TGFBR3
OTX2,TRIM28
OTX2,INO80
OTX2,IFITM2
OTX2,ASPH
OTX2,NR5A2
OTX2,NCAPD3
OTX2,IGFBP2
OTX2,ADAM19
OTX2,LPAR2
OTX2,HEATR1
OTX2,RBBP7
OTX2,LAMP1
OTX2,CDC5L
OTX2,GDPD5
OTX2,MOV10
OTX2,TCF3
OTX2,DMAP1
OTX2,ITGAV
OTX2,MED1
OTX2,SOAT1
OTX2,BAZ2A
OTX2,SALL4
OTX2,CDK9
OTX2,JARID2
OTX2,PCOLCE
OTX2,GLMP
OTX2,MYLPF
OTX2,SEPT1
OTX2,RARA
OTX2,UBTF
OTX2,MSH6
OTX2,GORASP2
OTX2,HSPB1
OTX2,KDM4C
OTX2,STX3
OTX2,PDIA3
OTX2,COPB1
OTX2,ZCCHC24
OTX2,YY1
OTX2,KAT8
OTX2,STAG1
OTX2,BASP1
OTX2,PDGFRA
OTX2,MYL6
OTX2,PRDX1
OTX2,KDM6A
OTX2,AARS
OTX2,FHDC1
OTX2,PLEKHF2
OTX2,SOX2
OTX2,GFPT1
OTX2,PDK1
OTX2,PCGF2
OTX2,CBX7
OTX2,CALR
OTX2,SLC39A1
OTX2,CHST15
OTX2,PKNOX1
OTX2,MKRN1
OTX2,CTSL
OTX2,EP300
OTX2,RNF138
OTX2,PSEN1
OTX2,NR4A1
OTX2,KDM2A
OTX2,ZFP143
OTX2,SERPINH1
OTX2,SETD7
OTX2,DARS
OTX2,DOCK5
OTX2,KLHDC3
OTX2,RAF1
OTX2,L1TD1
OTX2,SELENOM
OTX2,AGPAT4
OTX2,OAT
OTX2,SUZ12
OTX2,RNF2
OTX2,TBP
OTX2,SLC16A1
OTX2,ZFP322A
OTX2,ZFP57
OTX2,FRS2
OTX2,ELL
OTX2,CDC42SE2
OTX2,E2F1
OTX2,DCLK2
OTX2,ITGB1
OTX2,ARF5
OTX2,MAX
OTX2,SSRP1
OTX2,PURB
OTX2,XRCC5
OTX2,LRRC34
OTX2,AEBP2
OTX2,HDAC1
OTX2,REEP5
OTX2,CHD1
OTX2,SMARCC1
OTX2,FXYD6
OTX2,FRMD4A
OTX2,RBPMS2
OTX2,CEMIP
OTX2,KANSL3
OTX2,USP16
OTX2,IMPDH2
OTX2,CKAP4
OTX2,GNAS
OTX2,CBX1
OTX2,GSR
OTX2,GTF3C1
OTX2,GLI2
OTX2,IKBIP
OTX2,APAF1
OTX2,CDK7
OTX2,APOBEC3
OTX2,BMI1
OTX2,BTAF1
OTX2,ARHGAP1
OTX2,RUVBL1
OTX2,ARHGAP29
OTX2,RCC2
OTX2,TMEM30A
OTX2,GOT1
OTX2,DICER1
OTX2,FNDC3B
OTX2,E4F1
OTX2,TCF12
OTX2,KRTCAP2
OTX2,HSP90AA1
OTX2,SSR4
OTX2,PTOV1
OTX2,ARFGAP1
OTX2,NPM1
OTX2,CPD
OTX2,CTDSPL
OTX2,PML
OTX2,ALG13
OTX2,MSL1
OTX2,SLC35F5
OTX2,SLC39A7
OTX2,NCAPG
OTX2,AP2A2
OTX2,SDCBP
OTX2,CTSD
OTX2,SMC3
OTX2,SERBP1
OTX2,MCRS1
OTX2,GXYLT1
OTX2,DDB1
OTX2,COPG1
OTX2,CALM1
OTX2,TUBB2B
OTX2,GLIPR2
OTX2,RCOR1
OTX2,CRYAB
OTX2,P4HB
OTX2,NACC1
OTX2,NCOR1
OTX2,EVA1A
OTX2,CDK8
OTX2,SIK1
OTX2,TBX3
OTX2,SOD1
OTX2,KLF4
OTX2,ZFP384
OTX2,RAD21
OTX2,CHD4
OTX2,GTF2B
OTX2,ZFP459
OTX2,KDM5B
OTX2,OGT
OTX2,SELENOS
OTX2,GNAI3
OTX2,POFUT2
OTX2,HIRA
OTX2,EP400
OTX2,ILK
OTX2,MAPK8
OTX2,SELENOW
OTX2,TDG
OTX2,TMED2
OTX2,RTN3
OTX2,PLA2G15
OTX2,LMNB1
OTX2,LAMB1
OTX2,GNB2
OTX2,NSL1
OTX2,TPM4
OTX2,GLO1
OTX2,P4HA1
OTX2,CREBBP
OTX2,CBX8
OTX2,RUVBL2
OTX2,PXDN
OTX2,BNC2
OTX2,ST5
OTX2,BRD9
OTX2,EED
OTX2,ZIC2
OTX2,POLE4
OTX2,ME1
OTX2,UBQLN2
OTX2,LRRC59
OTX2,FBRSL1
OTX2,DGCR8
OTX2,SAP18
OTX2,KDM5A
OTX2,COLGALT1
OTX2,PCBD1
OTX2,ZFP217
OTX2,H13
OTX2,RBBP5
OTX2,GALK1
OTX2,SETD1A
OTX2,DDOST
OTX2,BCLAF3
OTX2,DR1
OTX2,P3H4
OTX2,FN1
OTX2,TRAM1
OTX2,RETREG1
OTX2,UTP14A
OTX2,DCTPP1
OTX2,JAM2
OTX2,ARHGEF5
OTX2,RAP1GDS1
OTX2,YEATS4
OTX2,PRKCE
OTX2,CDC73
OTX2,ZFX
OTX2,ESRRB
OTX2,SSR1
OTX2,RFFL
OTX2,KAT5
OTX2,TMED9
OTX2,KLF2
OTX2,KRT8
OTX2,FGD1
OTX2,SERPING1
OTX2,CALU
OTX2,MOB3B
OTX2,DDX21
OTX2,LTBP4
OTX2,SPNS2
OTX2,BMPER
OTX2,SMAD1
OTX2,QSOX1
OTX2,COPA
OTX2,GSTA4
OTX2,TM9SF3
OTX2,FUT8
OTX2,PCOLCE2
OTX2,CREB3
OTX2,SMAD2
OTX2,SH3PXD2B
OTX2,ATP6V0A1
OTX2,RAB11A
OTX2,ZBTB44
OTX2,MDN1
OTX2,BAG2
OTX2,SFRP1
OTX2,RDM1
OTX2,PLOD2
OTX2,ARID3A
OTX2,ELOB
OTX2,ZYX
OTX2,ARF1
OTX2,MYCN
OTX2,ATRX
OTX2,ANP32A
OTX2,RPN1
OTX2,RER1
OTX2,RASGRP2
OTX2,ABHD5
OTX2,F3
OTX2,CBX2
OTX2,RBMXL2
OTX2,FBXO22
OTX2,PRDM15
OTX2,NOTCH4
OTX2,FBXW8
OTX2,NIPBL
OTX2,LYN
OTX2,UHRF1
OTX2,AMPD2
OTX2,SALL1
OTX2,GFPT2
OTX2,FKBP9
OTX2,RRN3
OTX2,TMEM214
OTX2,CHMP4B
OTX2,PTH1R
OTX2,SIRT6
OTX2,WDR82
OTX2,TGOLN1
OTX2,HSPG2
OTX2,ADAM10
OTX2,L3MBTL3
OTX2,KDM1A
OTX2,SURF4
OTX2,MAP1A
OTX2,HIRIP3
OTX2,NOTUM
OTX2,SUMO1
OTX2,MCAM
OTX2,ENOX1
OTX2,SEC24D
OTX2,HCFC1
OTX2,DTX3L
OTX2,GATA4
OTX2,ARL8A
OTX2,PITPNC1
OTX2,SMC1A
OTX2,ZFP281
OTX2,CPOX
OTX2,APP
OTX2,KCTD10
OTX2,GGA2
OTX2,FGF10
OTX2,PDIA6
OTX2,GSN
OTX2,TMBIM6
OTX2,LRP2
OTX2,BMPR2
OTX2,TAF3
OTX2,ATP6V0E
OTX2,VAMP3
OTX2,APEX1
OTX2,WDR46
OTX2,TMOD3
OTX2,STAG2
OTX2,LRRC58
OTX2,PWP1
OTX2,PARP1
OTX2,SEC24A
OTX2,MFSD1
OTX2,BMP4
OTX2,RARG
OTX2,MSL3
OTX2,SORD
OTX2,ACBD3
OTX2,ITGA6
OTX2,PHLDB2
OTX2,LAMA1
OTX2,BAZ1A
OTX2,LAMC1
OTX2,KDELR1
OTX2,STARD10
OTX2,FAM25C
OTX2,RRBP1
OTX2,CMKLR1
OTX2,CCND1
OTX2,KHDC3
OTX2,B4GALNT4
OTX2,ASS1
OTX2,TMEM150A
OTX2,GATA6
OTX2,PTPN14
OTX2,NELFA
OTX2,AFF3
OTX2,TMEM9B
OTX2,ANK
OTX2,SPOCK1
OTX2,COL27A1
OTX2,LEO1
OTX2,NUP210
OTX2,ARPC2
OTX2,WDR11
OTX2,PLAT
OTX2,ZFP979
OTX2,1700061G19RIK
OTX2,TXNDC5
OTX2,PPIB
OTX2,ANO10
OTX2,TMED3
OTX2,SUPT16
OTX2,SLC39A8
OTX2,RAB3IL1
OTX2,RANBP17
OTX2,ERAS
OTX2,FGF3
OTX2,GDF3
OTX2,ADGRA2
OTX2,SS18
OTX2,CBFA2T2
OTX2,TDH
OTX2,MED26
OTX2,GLI1
OTX2,EDEM1
OTX2,TCN2
OTX2,CAR2
OTX2,BMP1
OTX2,N4BP3
OTX2,FGFR1
OTX2,MYDGF
OTX2,DAP
OTX2,PARVA
OTX2,TAX1BP3
OTX2,EXT2
OTX2,COTL1
OTX2,PTP4A1
OTX2,IFI30
OTX2,ARPC5
OTX2,TET2
OTX2,TMEM59
OTX2,RRAS2
OTX2,CHCHD10
OTX2,BRD4
PARP1,NANOG
PARP1,DERL1
PARP1,SUPT5
PARP1,CXXC1
PARP1,CHMP4B
PARP1,SMARCA5
PCGF2,FGF3
PCGF2,FHDC1
PCGF2,PDGFRA
PCGF2,COL4A2
PCGF2,COL4A1
PCGF2,ESRRB
PCGF2,PRDM14
PCGF2,PTH1R
PCGF2,OSBP
PCGF2,HNF1B
PCGF2,GNAS
PCGF2,IHH
PCGF2,ADGRA2
PCGF2,FST
PCGF2,BMI1
PCGF2,EVA1A
PCGF2,COL27A1
PCGF2,CHST15
PCGF2,COLGALT1
PCGF2,SALL1
PCGF2,L3MBTL3
PCGF2,ZFHX3
PCGF2,APP
PCGF2,SLC39A8
PCGF2,OTX2
PCGF2,LRP2
PCGF2,TGFBR3
PCGF2,GPC6
PCGF2,PRKCE
PCGF2,FOXA2
PCGF2,BMPER
PCGF2,SMARCA2
PCGF2,MAN1A
PCGF2,BMP1
PCGF2,AFF3
PCGF2,JUN
PCGF2,HS3ST1
PCGF2,LAMB1
PCGF2,SETD7
PCGF2,PTPN14
PCGF2,PARVA
PCGF2,SHTN1
PCGF2,BAZ1A
PCGF2,PHF19
PCGF2,OAT
PCGF2,KANSL3
PCGF2,ARHGAP29
PCGF2,TIMP3
PCGF2,SH3PXD2B
PCGF2,CDH6
PCGF2,MSX2
PCGF2,FRMD4A
PCGF2,GATA4
PCGF2,MAPKAPK2
PCGF2,PRDM15
PCGF2,GALNT7
PCGF2,CRTC3
PCGF6,HDAC2
PCGF6,SMARCA5
PKNOX1,AARS
PKNOX1,TMBIM6
PKNOX1,GLO1
PKNOX1,DROSHA
PKNOX1,RPN2
PKNOX1,ANP32A
PKNOX1,MPHOSPH8
PKNOX1,STT3A
PKNOX1,MYH9
PKNOX1,KDM6A
PKNOX1,KAT6B
PKNOX1,FKBP5
PKNOX1,RRBP1
PKNOX1,RCOR1
PKNOX1,OSBP
PKNOX1,PHF5A
PKNOX1,MYLPF
PKNOX1,HIP1
PKNOX1,HNRNPL
PKNOX1,E4F1
PKNOX1,ETV5
PKNOX1,PDIA6
PKNOX1,ZFP143
PKNOX1,GFPT1
PKNOX1,KAT5
PKNOX1,CBX5
PKNOX1,CNOT3
PKNOX1,SLC39A1
PKNOX1,ZFP281
PKNOX1,BAZ1B
PKNOX1,SMARCA2
PKNOX1,RUVBL2
PKNOX1,KLF5
PKNOX1,KDM4A
PKNOX1,JARID2
PKNOX1,ASPH
PKNOX1,GOT1
PKNOX1,MPRIP
PKNOX1,MAN1A
PKNOX1,MBNL2
PKNOX1,STAT3
PKNOX1,CBX8
PKNOX1,ZFYVE21
PKNOX1,NONO
PKNOX1,SSR4
PKNOX1,SMAD2
PKNOX1,CREB3L2
PKNOX1,TLE4
PKNOX1,SIN3A
PKNOX1,ETV1
PKNOX1,RUVBL1
PKNOX1,TCF3
PKNOX1,BRD4
PKNOX1,FUT8
PKNOX1,KLHDC3
PKNOX1,ANO10
PKNOX1,CTDSPL
PKNOX1,SUZ12
PKNOX1,NFYC
PKNOX1,SALL1
PKNOX1,YY1
PKNOX1,DGCR8
PKNOX1,GNA12
PKNOX1,SSR3
PKNOX1,SMAD1
PKNOX1,TAF1
PKNOX1,HEXIM1
PKNOX1,FN1
PKNOX1,SFRP1
PKNOX1,KMT2C
PKNOX1,VKORC1
PKNOX1,ITGB1
PKNOX1,ZIC3
PKNOX1,ARFIP1
PKNOX1,ZFP710
PKNOX1,TGIF1
PKNOX1,TMEM165
PKNOX1,ARHGAP1
PKNOX1,FGF4
PKNOX1,RNF138
PKNOX1,SETD7
PKNOX1,2410141K09RIK
PKNOX1,RBMXL2
PKNOX1,GPA33
PKNOX1,NR5A2
POU5F1,RIF1
POU5F1,PIPOX
POU5F1,ACP6
POU5F1,MTF2
POU5F1,SET
POU5F1,UPP1
POU5F1,ETV1
POU5F1,TFE3
POU5F1,ELL
POU5F1,LRPAP1
POU5F1,ZFP819
POU5F1,GCNT2
POU5F1,FOXH1
POU5F1,NANOG
POU5F1,ZFP428
POU5F1,SLC7A3
POU5F1,KDM2B
POU5F1,ZFP384
POU5F1,RBPJ
POU5F1,ADNP
POU5F1,PHC1
POU5F1,SPP1
POU5F1,CLTC
POU5F1,ETV5
POU5F1,ATF7IP
POU5F1,PWP1
POU5F1,ZFP42
POU5F1,CDH6
POU5F1,CALM1
POU5F1,WDR11
POU5F1,TLE4
POU5F1,OGT
POU5F1,STAT3
POU5F1,MED23
POU5F1,KANSL3
POU5F1,RDM1
POU5F1,TET2
POU5F1,MSH6
POU5F1,MYMX
POU5F1,HDLBP
POU5F1,MKRN1
POU5F1,ZFHX3
POU5F1,KMT2D
POU5F1,NSL1
POU5F1,RARA
POU5F1,OTX2
POU5F1,CST3
POU5F1,2410141K09RIK
POU5F1,RARG
POU5F1,DUSP6
POU5F1,NR5A2
POU5F1,GNB2
POU5F1,SFRP1
POU5F1,DDOST
POU5F1,DMAP1
POU5F1,KMT2C
POU5F1,ZMYND8
POU5F1,LAMP1
POU5F1,RRAS2
POU5F1,ASS1
POU5F1,PLA2G1B
POU5F1,CREB3
POU5F1,PCOLCE2
POU5F1,CHD7
POU5F1,TAX1BP3
POU5F1,LMNB1
POU5F1,HDAC2
POU5F1,FBXW8
POU5F1,GORASP2
POU5F1,ZFP710
POU5F1,RAF1
POU5F1,MFSD1
POU5F1,CDC16
POU5F1,TBRG1
POU5F1,PTPN21
POU5F1,XRCC5
POU5F1,GSTA4
POU5F1,RBBP5
POU5F1,IRF2BPL
POU5F1,PDK1
POU5F1,CBX8
POU5F1,SH3GLB1
POU5F1,NCAPD3
POU5F1,SRSF1
POU5F1,HSP90AB1
POU5F1,DGCR8
POU5F1,WDR82
POU5F1,LRRC59
POU5F1,SMARCA5
POU5F1,TXNDC12
POU5F1,ARHGAP1
POU5F1,MARC2
POU5F1,PURB
POU5F1,SIRT6
POU5F1,MYCN
POU5F1,TFRC
POU5F1,TRAM1
POU5F1,ST5
POU5F1,KDM1A
POU5F1,MBD3
POU5F1,CDC42SE2
POU5F1,AEBP2
POU5F1,SSRP1
POU5F1,TUBB2B
POU5F1,TBP
POU5F1,MYLPF
POU5F1,KDELC2
POU5F1,CBX5
POU5F1,KDM5B
POU5F1,EP400
POU5F1,NFYC
POU5F1,CDK7
POU5F1,MORC3
POU5F1,PTOV1
POU5F1,KDM4C
POU5F1,SMARCA4
POU5F1,GABARAP
POU5F1,ZFP532
POU5F1,P4HA1
POU5F1,GLIPR2
POU5F1,PLEKHF2
POU5F1,TMEM30A
POU5F1,PAFAH1B3
POU5F1,ILK
POU5F1,MSL2
POU5F1,LAMC1
POU5F1,POFUT2
POU5F1,ARF4
POU5F1,DAP
POU5F1,PHF5A
POU5F1,SLC16A1
POU5F1,SEMA4C
POU5F1,CBX3
POU5F1,USP28
POU5F1,SMAD2
POU5F1,MTA2
POU5F1,IMPDH2
POU5F1,SAP18
POU5F1,UBA2
POU5F1,MAPK8
POU5F1,PRDX1
POU5F1,NPM1
POU5F1,ARPC5
POU5F1,POLE4
POU5F1,ITGB1
POU5F1,GTF2B
POU5F1,TCF3
POU5F1,NELFA
POU5F1,BRD9
POU5F1,PTP4A1
POU5F1,ADAM19
POU5F1,GNPTAB
POU5F1,PRDM14
POU5F1,FBRSL1
POU5F1,ZBTB44
POU5F1,KCTD10
POU5F1,HSP90AA1
POU5F1,TSPAN9
POU5F1,DDB1
POU5F1,OPLAH
POU5F1,ZFP143
POU5F1,TMED2
POU5F1,SETDB1
POU5F1,RER1
POU5F1,NFYB
POU5F1,PKNOX1
POU5F1,RTN3
POU5F1,TGIF2
POU5F1,CALR
POU5F1,NRF1
POU5F1,SOD1
POU5F1,DARS
POU5F1,ATP6V0A1
POU5F1,RUVBL2
POU5F1,LGALS3
POU5F1,BRD2
POU5F1,BAZ1B
POU5F1,ARID1A
POU5F1,SEC24A
POU5F1,CTCF
POU5F1,SRSF2
POU5F1,TMED9
POU5F1,ARF1
POU5F1,MBD2
POU5F1,PARP1
POU5F1,SETX
POU5F1,PPIB
POU5F1,TMOD3
POU5F1,CDC73
POU5F1,DNAJC10
POU5F1,ZC3H11A
POU5F1,VAMP3
POU5F1,MDN1
POU5F1,LYN
POU5F1,COPG1
POU5F1,EZH2
POU5F1,USP16
POU5F1,CTSD
POU5F1,DPY30
POU5F1,SELENOM
POU5F1,BEND5
POU5F1,SLC25A4
POU5F1,BSG
POU5F1,IKBIP
POU5F1,APAF1
POU5F1,SARAF
POU5F1,STAG1
POU5F1,YEATS4
POU5F1,ARPC2
POU5F1,RAD23B
POU5F1,MYL6
POU5F1,FABP3
POU5F1,KDM5A
POU5F1,HIRA
POU5F1,PTPN14
POU5F1,ZFP979
POU5F1,DCTPP1
POU5F1,FRMD4A
POU5F1,LRRC34
POU5F1,ABHD5
POU5F1,GXYLT1
POU5F1,NFYA
POU5F1,ERP29
POU5F1,ADGRA2
POU5F1,PDCD6IP
POU5F1,KAT5
POU5F1,ZBTB2
POU5F1,CDK8
POU5F1,SMAD1
POU5F1,RNF2
POU5F1,E4F1
POU5F1,MPHOSPH8
POU5F1,ASPH
POU5F1,RAB11A
POU5F1,TRIM28
POU5F1,CALU
POU5F1,PSEN1
POU5F1,MAPKAPK2
POU5F1,TAF3
POU5F1,SETD1A
POU5F1,CXXC1
POU5F1,DR1
POU5F1,SNRPN
POU5F1,CCND1
POU5F1,PHRF1
POU5F1,TMED3
POU5F1,TDGF1
POU5F1,SLC35F5
POU5F1,PNP
POU5F1,NCAPG
POU5F1,NODAL
POU5F1,HSPB1
POU5F1,SLC7A6
POU5F1,RCOR1
POU5F1,PLA2G15
POU5F1,HSPA4
POU5F1,NCAPH2
POU5F1,LMF2
POU5F1,RRN3
POU5F1,TEX264
POU5F1,LAMB2
POU5F1,PDIA3
POU5F1,FKBP5
POU5F1,NACC1
POU5F1,LRP2
POU5F1,ETV4
POU5F1,VKORC1
POU5F1,APEX1
POU5F1,MED26
POU5F1,B4GALT1
POU5F1,COPA
POU5F1,FBXO22
POU5F1,CDC5L
POU5F1,MCRS1
POU5F1,MAFK
POU5F1,FHDC1
POU5F1,HMGA1
POU5F1,BTAF1
POU5F1,SMARCC1
POU5F1,KDM2A
POU5F1,RUVBL1
POU5F1,SOX2
POU5F1,KAT8
POU5F1,ARFIP1
POU5F1,CCDC88C
POU5F1,SDCBP
POU5F1,ZFP217
POU5F1,CD63
POU5F1,PRDM15
POU5F1,CHD1
POU5F1,ARHGAP29
POU5F1,INO80
POU5F1,GSN
POU5F1,WDR5
POU5F1,CTBP2
POU5F1,YY1
POU5F1,PDIA5
POU5F1,SELENOS
POU5F1,XPNPEP1
POU5F1,TCF12
POU5F1,SETD7
POU5F1,EED
POU5F1,RAD21
POU5F1,ANO10
POU5F1,RFFL
POU5F1,SOAT1
POU5F1,ACTL6A
POU5F1,KMT2B
POU5F1,RAP1GDS1
POU5F1,NR4A1
POU5F1,SUPT16
POU5F1,SALL4
POU5F1,ATP6V0E
POU5F1,SELENOW
POU5F1,FUT8
POU5F1,FNDC3B
POU5F1,SERBP1
POU5F1,TPD52
POU5F1,HEATR1
POU5F1,CHCHD10
POU5F1,TCL1
POU5F1,SUPT5
POU5F1,GALK1
POU5F1,COPB1
POU5F1,CPD
POU5F1,ADAM10
POU5F1,METTL3
POU5F1,CHMP4B
POU5F1,NCOR1
POU5F1,NFXL1
POU5F1,ZFX
POU5F1,TMEM214
POU5F1,ERF
POU5F1,CBFA2T2
POU5F1,BMPR2
POU5F1,TCOF1
POU5F1,MED1
POU5F1,COLGALT1
POU5F1,PRKCE
POU5F1,SUZ12
POU5F1,SMARCAD1
POU5F1,APPBP2
POU5F1,SS18
POU5F1,DPPA4
POU5F1,DDX21
POU5F1,DPF2
POU5F1,ARID3A
POU5F1,P4HB
POU5F1,GNAI3
POU5F1,GPC6
POU5F1,TMEM165
POU5F1,RPN2
POU5F1,SMC3
POU5F1,TDH
POU5F1,HEXIM1
POU5F1,MSH2
POU5F1,OSTC
POU5F1,SEC23A
POU5F1,MAX
POU5F1,FZD5
POU5F1,EP300
POU5F1,MYDGF
POU5F1,EIF2S2
POU5F1,RRBP1
POU5F1,EDEM1
POU5F1,OAT
POU5F1,SERPING1
POU5F1,MYBL2
POU5F1,GTF3C1
POU5F1,SEC11A
POU5F1,ACBD3
POU5F1,SURF4
POU5F1,SNURF
POU5F1,SLC39A7
POU5F1,SMARCA2
POU5F1,AP2A2
POU5F1,PATJ
POU5F1,TBX3
POU5F1,FLRT3
POU5F1,KDM6B
POU5F1,CDK9
POU5F1,APOBEC3
POU5F1,SUMO1
POU5F1,GMNN
POU5F1,TGOLN1
POU5F1,SH3PXD2B
POU5F1,ZCCHC24
POU5F1,DICER1
POU5F1,L1TD1
POU5F1,H13
POU5F1,DAXX
POU5F1,LAMA1
POU5F1,KRT8
POU5F1,ELOB
POU5F1,KDELR2
POU5F1,SUMO2
POU5F1,EXT2
POU5F1,GSR
POU5F1,RNF138
POU5F1,RBBP7
POU5F1,HMGA1B
POU5F1,NONO
POU5F1,KLF4
POU5F1,ZFP281
POU5F1,KAT6B
POU5F1,LPAR2
POU5F1,TCEA3
POU5F1,CARHSP1
POU5F1,TGIF1
POU5F1,NIPBL
POU5F1,NOTCH4
POU5F1,OSBP
POU5F1,KLF5
POU5F1,RCC2
POU5F1,ZFP322A
POU5F1,PLOD3
POU5F1,LY75
POU5F1,ELL3
POU5F1,KLHDC3
POU5F1,MYH9
POU5F1,GFPT1
POU5F1,AARS
POU5F1,TMEM150A
POU5F1,HNRNPL
POU5F1,GABBR1
POU5F1,HELB
POU5F1,ARL8A
POU5F1,REEP5
POU5F1,HDAC1
POU5F1,RYBP
POU5F1,PDIA6
POU5F1,SLC15A1
POU5F1,SSR1
POU5F1,IFITM1
POU5F1,SNX2
POU5F1,NASP
POU5F1,FRS2
POU5F1,UHRF1
POU5F1,TXNDC5
POU5F1,CTR9
POU5F1,LRRC58
POU5F1,DPPA2
POU5F1,CTSL
POU5F1,E2F1
POU5F1,IER2
POU5F1,ARFGAP1
POU5F1,CPOX
POU5F1,RPP25
POU5F1,PARD6B
POU5F1,EFEMP2
POU5F1,NUP210
POU5F1,FKBP9
POU5F1,GDPD5
POU5F1,TRP53
POU5F1,JUN
POU5F1,CHD4
POU5F1,DAB2
POU5F1,GLO1
POU5F1,AGPAT4
POU5F1,STT3A
POU5F1,UBQLN2
POU5F1,ITGA6
POU5F1,TDG
POU5F1,TNKS
POU5F1,BCLAF3
POU5F1,RBMXL2
POU5F1,SAP30
POU5F1,RANBP17
POU5F1,B2M
POU5F1,PHLDB2
POU5F1,BMI1
POU5F1,PFKP
POU5F1,FBLIM1
POU5F1,RAB2A
POU5F1,LEO1
POU5F1,MED12
POU5F1,F3
POU5F1,TAF2
POU5F1,ERAS
POU5F1,AU018091
POU5F1,KRTCAP2
POU5F1,LDLRAP1
POU5F1,ZYX
POU5F1,ZIC3
POU5F1,ZIC2
POU5F1,SNX7
POU5F1,ZFP57
POU5F1,KLF2
POU5F1,RAB3IL1
POU5F1,PLOD2
POU5F1,CLCN5
POU5F1,DNAJC3
POU5F1,TMED10
POU5F1,PML
POU5F1,TMEM144
POU5F1,TET3
POU5F1,TPM4
POU5F1,QSOX1
POU5F1,CKAP4
POU5F1,MEN1
POU5F1,AMPD2
POU5F1,PAF1
POU5F1,RPN1
POU5F1,REST
POU5F1,FN1
POU5F1,FGF4
POU5F1,TMBIM6
POU5F1,CHST15
POU5F1,DERL1
POU5F1,GFPT2
POU5F1,DROSHA
POU5F1,P3H1
POU5F1,MAP1A
POU5F1,TCF15
POU5F1,CREBBP
POU5F1,GLI2
POU5F1,GGA2
POU5F1,CBX1
POU5F1,TFCP2L1
POU5F1,MOB3B
POU5F1,MSL1
POU5F1,MMGT1
POU5F1,UBTF
POU5F1,TM9SF3
POU5F1,SSR4
POU5F1,SPNS2
POU5F1,PDGFRA
POU5F1,PCOLCE
POU5F1,TALDO1
POU5F1,PITPNC1
POU5F1,GLDC
POU5F1,COBLL1
POU5F1,MCM2
POU5F1,TMEM9B
POU5F1,APP
POU5F1,KDM6A
POU5F1,HIRIP3
POU5F1,NID1
POU5F1,IFITM2
POU5F1,2200002D01RIK
POU5F1,HTATSF1
POU5F1,E2F4
POU5F1,TCN2
POU5F1,AMFR
POU5F1,P4HA2
POU5F1,MAN1A2
POU5F1,ITGAV
POU5F1,BRD4
POU5F1,JARID2
POU5F1,HSPG2
POU5F1,GNS
POU5F1,LAMB1
POU5F1,RETREG1
POU5F1,SIK1
POU5F1,SEPT1
POU5F1,STARD10
POU5F1,NR0B1
POU5F1,CBX2
POU5F1,L3MBTL3
POU5F1,STAG2
POU5F1,HCFC1
POU5F1,TET1
POU5F1,VSIR
POU5F1,MCAM
POU5F1,DKC1
POU5F1,UTF1
POU5F1,MYC
POU5F1,MOV10
POU5F1,FUT9
POU5F1,N4BP3
POU5F1,COTL1
POU5F1,PRSS35
POU5F1,SIN3A
POU5F1,TGFBR3
POU5F1,DNMT3B
POU5F1,SLC39A1
POU5F1,SHF
POU5F1,THAP11
POU5F1,VAMP8
POU5F1,IGFBP2
POU5F1,RASGRP2
POU5F1,ALPL
POU5F1,NAA10
POU5F1,GGTA1
POU5F1,RBPMS2
POU5F1,P3H4
POU5F1,CTDSPL
POU5F1,GLI1
POU5F1,PARVA
POU5F1,ANXA4
POU5F1,MAN1A
POU5F1,TMEM59
POU5F1,SERPINH1
POU5F1,PLAT
POU5F1,ALDH2
POU5F1,CAR2
POU5F1,BNC2
POU5F1,ARF5
POU5F1,AKT1
POU5F1,ANK
POU5F1,HAP1
POU5F1,GATA6
POU5F1,IFI30
POU5F1,GDF3
POU5F1,ELL2
POU5F1,COL18A1
POU5F1,LRRC2
POU5F1,PLOD1
POU5F1,FGF10
POU5F1,FAM114A1
POU5F1,CTSZ
POU5F1,EPOP
POU5F1,CRTC3
POU5F1,HS3ST1
POU5F1,PXDN
POU5F1,COL27A1
POU5F1,FXYD6
POU5F1,SRGN
POU5F1,GALNT7
POU5F1,GCNT1
POU5F1,FGFR4
POU5F1,TTC39B
POU5F1,COMMD3
POU5F1,SUPT6
POU5F1,HDAC3
POU5F1,FOXA2
POU5F1,SHTN1
POU5F1,ILDR1
POU5F1,SPOCK1
POU5F1,HSF2BP
POU5F1,CLN6
POU5F1,ENOX1
POU5F1,BMP4
POU5F1,EVA1A
POU5F1,ADAM23
POU5F1,EPAS1
POU5F1,CEMIP
PRDM14,KANSL3
PRDM14,LAMP1
PRDM14,COLGALT1
PRDM14,ZFYVE21
PRDM14,ARID1A
PRDM14,RIF1
PRDM14,GATA4
PRDM14,SLC25A4
PRDM14,PRDM15
PRDM14,HSPA4
PRDM14,ZIC2
PRDM14,UHRF1
PRDM14,LRP2
PRDM14,FOXH1
PRDM14,RBBP7
PRDM15,KANSL3
PRDM15,KMT2C
PRDM15,CPD
PRDM15,MORC3
PRDM15,GLI1
PRDM15,LAMB2
PRDM15,TET1
PRDM15,KRT8
PRDM15,RBPJ
PRDM15,B4GALT1
PRDM15,DAB2
PRDM15,SERPING1
PRDM15,N4BP3
PRDM15,ARID1A
PRDM15,MPRIP
PRDM15,BNC2
PRDM15,TUBB2B
PRDM15,GPC6
PRDM15,SLC39A7
PRDM15,RER1
PRDM15,TRP53
PRDM15,GDPD5
PRDM15,GCNT2
PRDM15,DNAJC10
PRDM15,TMEM30A
PRDM15,ZFP459
PRDM15,SOD1
PRDM15,PDIA5
PRDM15,SEMA4C
PRDM15,ARFIP1
PRDM15,RXRA
PRDM15,GSN
PRDM15,MAN1A2
PRDM15,HSPB1
PRDM15,GFPT2
PRDM15,SMARCA5
PRDM15,RBPMS2
PRDM15,COLGALT1
PRDM15,HDAC1
PRDM15,TTC39B
PRDM15,ZYX
PRDM15,DUSP9
PRDM15,MAP1A
PRDM15,MYH9
PRDM15,MPHOSPH8
PRDM15,PFKP
PRDM15,TRIM28
PRDM15,KLF5
PRDM15,ANXA4
PRDM15,CRTC3
PRDM15,PARVA
PRDM15,UBA2
PRDM15,RAB3IL1
PRDM15,STAG1
PRDM15,POFUT2
PRDM15,SET
PRDM15,IER2
PRDM15,KDELR2
PRDM15,SDCBP
PRDM15,CDC42SE2
PRDM15,SETD1A
PRDM15,ARHGAP29
PRDM15,AARS
PRDM15,SLC7A6
PRDM15,DDB1
PRDM15,CAR2
PRDM15,ITGB1
PRDM15,CALU
PRDM15,ERF
PRDM15,NUCB1
PRDM15,ZC3H11A
PRDM15,LRP2
PRDM15,APPBP2
PRDM15,PLOD2
PRDM15,NCAPG
PRDM15,ARHGEF5
PRDM15,LY75
PRDM15,CBX5
PRDM15,RPP25
PRDM15,NFYB
PRDM15,RPN2
PRDM15,TENM4
PRDM15,RCC2
PRDM15,RAD23B
PRDM15,ELL
PRDM15,MSH6
PRDM15,DOCK5
PRDM15,GOT1
PRDM15,EDEM1
PRDM15,P3H1
PRDM15,GXYLT1
PRDM15,HSP90AB1
PRDM15,IMPDH2
PRDM15,GABBR1
PRDM15,TMEM9B
PRDM15,COPB1
PRDM15,ARF1
PRDM15,TM9SF3
PRDM15,ASPH
PRDM15,SETDB1
PRDM15,KLF2
PRDM15,QSOX1
PRDM15,FKBP9
PRDM15,GCNT1
PRDM15,TPD52
PRDM15,PDIA3
PRDM15,MED1
PRDM15,TBRG1
PRDM15,HELB
PRDM15,TCF12
PRDM15,ANO10
PRDM15,GHR
PRDM15,WDR11
PRDM15,BASP1
PRDM15,FUT8
PRDM15,KCTD10
PRDM15,DDOST
PRDM15,GTF2B
PRDM15,DNMT3B
PRDM15,SSR3
PRDM15,DCTPP1
PRDM15,WDR82
PRDM15,MSL2
PRDM15,HDLBP
PRDM15,DMAP1
PRDM15,P4HB
PRDM15,SLC9A6
PRDM15,SEC24D
PRDM15,ARFGAP1
PRDM15,STARD10
PRDM15,GALNT7
PRDM15,SRSF2
PRDM15,PHLDB2
PRDM15,PRDX1
PRDM15,JUN
PRDM15,CBFA2T2
PRDM15,RRN3
PRDM15,DARS
PRDM15,TMEM214
PRDM15,HAP1
PRDM15,TMED3
PRDM15,SMAD1
PRDM15,MED26
PRDM15,CTSL
PRDM15,SALL1
PRDM15,RRAS2
PRDM15,CLTC
PRDM15,GNPTAB
PRDM15,MTF2
PRDM15,NCOR2
PRDM15,ITGAV
PRDM15,RPN1
PRDM15,PRKCE
PRDM15,HIP1
PRDM15,TMED9
PRDM15,LRRC59
PRDM15,NFYA
PRDM15,SEC24A
PRDM15,ZFP428
PRDM15,PCOLCE
PRDM15,H13
PRDM15,PTPN21
PRDM15,GSR
PRDM15,EED
PRDM15,CALR
PRDM15,LYN
PRDM15,ADAM23
PRDM15,LAMP1
PRDM15,SALL4
PRDM15,ADAM10
PRDM15,COL18A1
PRDM15,HSP90AA1
PRDM15,EVA1A
PRDM15,NCAPD3
PRDM15,CDC16
PRDM15,TGIF2
PRDM15,CPOX
PRDM15,VAMP8
PRDM15,NELFA
PRDM15,ATF7IP
PRDM15,GNAI3
PRDM15,PLA2G15
PRDM15,PDCD6IP
PRDM15,ADNP
PRDM15,TCL1
PRDM15,SEC23A
PRDM15,ATP6V0E
PRDM15,BTAF1
PRDM15,NFYC
PRDM15,CHMP4B
PRDM15,MOB3B
PRDM15,NODAL
PRDM15,RANBP17
PRDM15,PNP
PRDM15,POU5F1
PRDM15,BMPER
PRDM15,AP2A2
PRDM15,PDK1
PRDM15,SH3PXD2B
PRDM15,SMYD2
PRDM15,WDR5
PRDM15,P4HA2
PRDM15,ME1
PRDM15,MAN1A
PRDM15,FGF10
PRDM15,RTN3
PRDM15,ZFYVE21
PRDM15,NSL1
PRDM15,ACTL6A
PRDM15,CHD1
PRDM15,CREB3L2
PRDM15,CDK9
PRDM15,USP16
PRDM15,MFSD1
PRDM15,TMBIM6
PRDM15,TFCP2L1
PRDM15,ZFP143
PRDM15,GLI2
PRDM15,TMOD3
PRDM15,RAD21
PRDM15,FGFR4
PRDM15,OBSL1
PRDM15,E2F1
PRDM15,NIPSNAP1
PRDM15,CD63
PRDM15,FHDC1
PRDM15,CKAP4
PRDM15,OOEP
PRDM15,SUPT5
PRDM15,PCOLCE2
PRDM15,E4F1
PRDM15,CTCF
PRDM15,GLDC
PRDM15,EPAS1
PRDM15,FBXO22
PRDM15,KHDC3
PRDM15,ENOX1
PRDM15,SAP30
PRDM15,COBLL1
PRDM15,SIK1
PRDM15,ZFP322A
PRDM15,RAB11A
PRDM15,PLEKHF2
PRDM15,P4HA1
PRDM15,DTX3L
PRDM15,SETX
PRDM15,COPG1
PRDM15,SLC25A4
PRDM15,KDM1A
PRDM15,TBX3
PRDM15,MYC
PRDM15,FGFR1
PRDM15,KDELC2
PRDM15,MED23
PRDM15,EIF2S2
PRDM15,SLC39A1
PRDM15,MOV10
PRDM15,PARP1
PRDM15,CTBP2
PRDM15,ARHGEF28
PRDM15,PATJ
PRDM15,ELL3
PRDM15,STX3
PRDM15,SMARCC1
PRDM15,SUMO1
PRDM15,KDM5A
PRDM15,PSEN1
PRDM15,CERS4
PRDM15,PML
PRDM15,LPAR2
PRDM15,HSPA4
PRDM15,SOAT1
PRDM15,RAB2A
PRDM15,IGFBP2
PRDM15,SUPT16
PRDM15,MSH2
PRDM15,MMGT1
PRDM15,SNX7
PRDM15,MYBL2
PRDM15,PDE4DIP
PRDM15,SMAD2
PRDM15,ZBTB44
PRDM15,XBP1
PRDM15,SS18
PRDM15,NRF1
PRDM15,GGA2
PRDM15,GLO1
PRDM15,ARPC2
PRDM15,NCOR1
PRDM15,ZFP710
PRDM15,COPA
PRDM15,AMFR
PRDM15,ZFP57
PRDM15,DDX21
PRDM15,ILK
PRDM15,GTF3C1
PRDM15,TCF15
PRDM15,MYMX
PRDM15,JAM2
PRDM15,DERL1
PRDM15,PARD6B
PRDM15,HIRA
PRDM15,BEND5
PRDM15,ACP6
PRDM15,DPY30
PRDM15,SUPT6
PRDM15,NID1
PRDM15,GORASP2
PRDM15,FXYD6
PRDM15,CREBBP
PRDM15,YEATS4
PRDM15,NASP
PRDM15,POLE4
PRDM15,ADGRA2
PRDM15,IKBIP
PRDM15,APAF1
PRDM15,TLE4
PRDM15,DKC1
PRDM15,KDM4C
PRDM15,INO80
PRDM15,TMED10
PRDM15,TDH
PRDM15,OSTC
PRDM15,ETV5
PRDM15,RNF138
PRDM15,ELOB
PRDM15,ITGA6
PRDM15,FBXW8
PRDM15,TCEA3
PRDM15,DRAM1
PRDM15,ESRRB
PRDM15,FKBP5
PRDM15,BAZ1A
PRDM15,SNX2
PRDM15,RIF1
PRDM15,TGFBR3
PRDM15,PHC1
PRDM15,DICER1
PRDM15,APEX1
PRDM15,VAMP3
PRDM15,TNKS
PRDM15,ARHGAP1
PRDM15,EMP2
PRDM15,TIMP2
PRDM15,RETREG1
PRDM15,SAP18
PRDM15,KMT2D
PRDM15,RBMXL2
PRDM15,SERBP1
PRDM15,SEC11A
PRDM15,SMARCAD1
PRDM15,PTPN14
PRDM15,HSPG2
PRDM15,NUP210
PRDM15,ILDR1
PRDM15,ATP6V0A1
PRDM15,TMEM165
PRDM15,TAF3
PRDM15,SARAF
PRDM15,DR1
PRDM15,PWP1
PRDM15,MVB12B
PRDM15,RUVBL1
PRDM15,TFRC
PRDM15,TAX1BP3
PRDM15,SETD7
PRDM15,MDN1
PRDM15,FN1
PRDM15,ARL8A
PRDM15,KDM6A
PRDM15,LDLRAP1
PRDM15,CTR9
PRDM15,NMNAT2
PRDM15,TET3
PRDM15,BMP1
PRDM15,ZFHX3
PRDM15,DNAJC3
PRDM15,RAP1GDS1
PRDM15,ZMYND8
PRDM15,UPP1
PRDM15,STAT3
PRDM15,MKRN1
PRDM15,REEP5
PRDM15,RCOR1
PRDM15,ZFP281
PRDM15,SLC35F5
PRDM15,PTP4A1
PRDM15,ABHD5
PRDM15,THAP11
PRDM15,STT3A
PRDM15,LRRC58
PRDM15,COMMD3
PRDM15,HS3ST1
PRDM15,SLC39A8
PRDM15,MAX
PRDM15,RAF1
PRDM15,KMT2B
PRDM15,GPX3
PRDM15,EFEMP2
PRDM15,CCDC88C
PRDM15,SH3GLB1
PRDM15,RRBP1
PRDM15,TDG
PRDM15,CDC5L
PRDM15,CARHSP1
PRDM15,SRSF1
PRDM15,PITPNC1
PRDM15,MAPKAPK2
PRDM15,BRD9
PRDM15,PHRF1
PRDM15,P3H2
PRDM15,GMNN
PRDM15,CDK7
PRDM15,XPNPEP1
PRDM15,SMARCA4
PRDM15,NPM1
PRDM15,SSRP1
PRDM15,LAMC1
PRDM15,EPOP
PRDM15,TET2
PRDM15,FNDC3B
PRDM15,AMPD2
PRDM15,PDIA6
PRDM15,VKORC1
PRDM15,USP28
PRDM15,MRAS
PRDM15,TPM4
PRDM15,TXNDC5
PRDM15,TRAM1
PRDM15,RFFL
PRDM15,MARC2
PRDM15,LEO1
PRDM15,SELENOS
PRDM15,ARF4
PRDM15,LTBP4
PRDM15,SFRP1
PRDM15,LAMA1
PRDM15,CALM1
PRDM15,TMEM59
PRDM15,HIRIP3
PRDM15,MBD3
PRDM15,DROSHA
PRDM15,L1TD1
PRDM15,AFF3
PRDM15,METTL3
PRDM15,HDAC2
PRDM15,CDK8
PRDM15,CDH6
PRDM15,ARPC5
PRDM15,ANK
PRDM15,SLC16A1
PRDM15,SHTN1
PRDM15,B4GALNT4
PRDM15,SOX2
PRDM15,CBX2
PRDM15,FRS2
PRDM15,FAM114A1
PRDM15,CHST15
PRDM15,SIN3A
PRDM15,GFPT1
PRDM15,TALDO1
PRDM15,COL4A2
PRDM15,COL4A1
PRDM15,CLCN5
PRDM15,TBP
PRDM15,ZCCHC24
PRDM15,PHF5A
PRDM15,ELL2
PRDM15,CBX1
PRDM15,UTF1
PRDM15,TGOLN1
PRDM15,SUMO2
PRDM15,SUZ12
PRDM15,P3H4
PRDM15,NIPBL
PRDM15,DPF2
PRDM15,TIMP3
PRDM15,ZFP384
PRDM15,EZH2
PRDM15,ACBD3
PRDM15,TEX264
PRDM15,SRI
PRDM15,CREB3
PRDM15,GLIPR2
PRDM15,TMED2
PRDM15,OAT
PRDM15,GNS
PRDM15,TSPAN9
PRDM15,MAFK
PRDM15,FBRSL1
PRDM15,BRD4
PRDM15,BAG2
PRDM15,FRMD4A
PRDM15,SPNS2
PRDM15,CST3
PRDM15,DCLK2
PRDM15,GGTA1
PRDM15,SMC3
PRDM15,ETV4
PRDM15,SELENON
PRDM15,KDM2B
PRDM15,EXT2
PRDM15,ALPL
PRDM15,PAF1
PRDM15,DGCR8
PRDM15,FGF4
PRDM15,EP300
PRDM15,RYBP
PRDM15,BMPR2
PRDM15,BAZ1B
PRDM15,PURB
PRDM15,TCOF1
PRDM15,MYLPF
PRDM15,KDM2A
PRDM15,MAPK8
PRDM15,TMEM150A
PRDM15,MTA2
PRDM15,ALDH2
PRDM15,CNOT3
PRDM15,MEN1
PRDM15,DAXX
PRDM15,FUT9
PRDM15,SMAD3
PRDM15,SELENOM
PRDM15,ZFP217
PRDM15,CRYAB
PRDM15,LRPAP1
PRDM15,CTSD
PRDM15,USP7
PRDM15,ERP29
PRDM15,CBX3
PRDM15,ARF5
PRDM15,LGALS3
PRDM15,PRSS35
PRDM15,SSR1
PRDM15,COBL
PRDM15,VSIR
PRDM15,APP
PRDM15,COTL1
PRDM15,BAZ2A
PRDM15,SORD
PRDM15,B2M
PRDM15,PRKAA2
PRDM15,REST
PRDM15,CBX7
PRDM15,LMNB1
PRDM15,EP400
PRDM15,CEMIP
PRDM15,GNA12
PRDM15,RNF2
PRDM15,PLOD1
PRDM15,YY1
PRDM15,TAF2
PRDM15,NFXL1
PRDM15,KAT6B
PRDM15,CLN6
PRDM15,SURF4
PRDM15,PPIB
PRDM15,MSL1
PRDM15,EPHA1
PRDM15,KDM4A
PRDM15,ADAM19
PRDM15,TRH
PRDM15,MSX2
PRDM15,E2F4
PRDM15,FGF3
PRDM15,AEBP2
PRDM15,SLC15A1
PRDM15,NOTUM
PRDM15,GNG10
PRDM15,F3
PRDM15,CDC73
PRDM15,PLOD3
PRDM15,ITPK1
PRDM15,TXNDC12
PRDM15,OPLAH
PRDM15,TGIF1
PRDM15,SPOCK1
PRDM15,CHD7
PRDM15,PDGFRA
PRDM15,KRTCAP2
PRDM15,CTSZ
PRDM15,MCAM
PRDM15,GATA4
PRDM15,ZBTB2
PRDM15,HNF1B
PRDM15,ARID3A
PRDM15,FABP3
PRDM15,L3MBTL3
PRDM15,HEATR1
PRDM15,MBD2
PRDM15,FOXH1
PRDM15,PXDN
PRDM15,PAFAH1B3
PRDM15,HDAC3
PRDM15,COL27A1
PRDM15,DAP
PRDM15,SNURF
PRDM15,SNRPN
PRDM15,OSBP
PRDM15,ASS1
PRDM15,PHF19
PRDM15,FST
PRDM15,DUSP6
PRDM15,PKNOX1
PRDM15,GNAS
PRDM15,SERPINH1
PRDM15,TDGF1
PRDM15,ZIC2
PRDM15,PTH1R
PRDM15,UHRF1
PRDM15,MCM2
PRDM15,PRDM14
PRDM15,CHD4
PRDM15,PIPOX
PRDM15,FGD1
PRDM15,ZFP532
PRDM15,FAM129B
PRDM15,KAT8
PRDM15,BSG
PRDM15,NACC1
PRDM15,RDM1
PRDM15,NR4A1
PRDM15,CTDSPL
PRDM15,RASGRP2
PRDM15,KDELR1
PRDM15,FOXA2
PRDM15,RARG
PRDM15,CHCHD10
PRDM15,XRCC5
PRDM15,AGPAT4
PRDM15,RBBP5
PRDM15,TCF3
PRDM15,BCLAF3
PRDM15,PCBD1
PRDM15,ZFX
PRDM15,BRD2
PRDM15,ZFP819
PRDM15,HNRNPL
PRDM15,APOBEC3
PRDM15,NCAPH2
PRDM15,LMF2
PRDM15,KAT5
PRDM15,NR5A2
PRDM15,FZD5
PRDM15,MYDGF
PRDM15,TAF1
PRDM15,SIRT6
PRDM15,SELENOW
PRDM15,PCGF2
PRDM15,KDM5B
PRDM15,OTX2
PRDM15,DTX1
PRDM15,GALK1
PRDM15,2200002D01RIK
PRDM15,RBBP7
PRDM15,TFE3
PRDM15,LAMB1
PRDM15,STAG2
PRDM15,SHF
PRDM15,JARID2
PRDM15,HSF2BP
PRDM15,PLAT
PRDM15,FLRT3
PRDM15,TMEM144
PRDM15,BMI1
PRDM15,MED12
PRDM15,CMKLR1
PRDM15,SMARCA2
PRDM15,DUSP27
PRDM15,IFI30
PRDM15,MYCN
PRDM15,NAA10
PRDM15,WDR46
RAD21,SELENOM
RAD21,SH3GLB1
RAD21,CDK9
RAD21,KMT2B
RAD21,STAG1
RAD21,BASP1
RAD21,PDGFRA
RAD21,RAB3IL1
RAD21,CCDC88C
RAD21,MED23
RAD21,DCTPP1
RAD21,L3MBTL3
RAD21,SMC3
RAD21,MYCN
RAD21,ADAM19
RAD21,GNPTAB
RAD21,DOCK5
RAD21,MOB3B
RAD21,ALPL
RAD21,HSD17B14
RAD21,CEMIP
RAD21,COL27A1
RAD21,BMP1
RAD21,STAG2
RAD21,HS3ST1
RAD21,COPG1
RAD21,KDELR1
RAD21,GORASP2
RAD21,GLIPR2
RAD21,TRP53
RAD21,VSIR
RAD21,APP
RAD21,SPOCK1
RAD21,GCNT1
RAD21,F3
RAD21,ATF7IP
RAD21,RRBP1
RAD21,JUN
RAD21,SIK1
RAD21,CAR2
RAD21,GLI1
RAD21,RASGRP2
RAD21,DTX3L
RAD21,FLRT3
RAD21,LRRC59
RAD21,HEXIM1
RAD21,TYRO3
RAD21,ZYX
RAD21,CDC73
RAD21,TIMP2
RAD21,ELOB
RAD21,CTCF
RAD21,GHR
RAD21,RFFL
RAD21,TGIF1
RAD21,PNP
RAD21,APOBEC3
RAD21,BCLAF3
RAD21,GNAS
RAD21,2200002D01RIK
RAD21,PHRF1
RAD21,KRTCAP2
RAD21,EP400
RAD21,SPNS2
RAD21,CDC16
RAD21,EPHA1
RAD21,AKT1
RAD21,ZFP710
RAD21,PAFAH1B3
RAD21,ANK
RAD21,STX3
RAD21,TTC39B
RAD21,FZD5
RAD21,ABHD5
RAD21,LAMC1
RAD21,PLA2G1B
RAD21,TRAM1
RAD21,VKORC1
RAD21,PRDX1
RAD21,ITPK1
RAD21,TMED3
RAD21,NUP210
RAD21,SMARCA2
RAD21,RUVBL2
RAD21,THAP11
RAD21,DAB2
RAD21,PATJ
RAD21,ELL2
RAD21,RETREG1
RAD21,P4HA1
RAD21,GLI2
RAD21,MYC
RAD21,P3H4
RAD21,CHST15
RAD21,CREBBP
RAD21,SOAT1
RAD21,ZFHX3
RAD21,SEMA4C
RAD21,CLTC
RAD21,NSL1
RAD21,FHDC1
RAD21,EXT2
RAD21,TBX3
RAD21,CBX2
RAD21,PHLDB2
RAD21,CDC42SE2
RAD21,PDIA3
RAD21,FUT8
RAD21,H13
RAD21,PHF19
RAD21,SETD7
RAD21,TCF12
RAD21,FBXO22
RAD21,XRCC5
RAD21,OAT
RAD21,LYN
RAD21,ADNP
RAD21,NIPBL
RAD21,COLGALT1
RAD21,DARS
RAD21,KANSL3
RAD21,YEATS4
RAD21,TLE4
RAD21,ARID1A
RAD21,CXXC1
RAD21,KRT8
RAD21,POU5F1
RAD21,TGFBR3
RAD21,FKBP5
RAD21,ITGA6
RAD21,LTBP4
RAD21,RYBP
RAD21,HIP1
RAD21,TET3
RAD21,FNDC3B
RAD21,ITGB1
RAD21,COBLL1
RAD21,MAPK8
RAD21,SMARCA5
RAD21,TMEM150A
RAD21,CRTC3
RAD21,WDR5
RAD21,DERL1
RAD21,PRKCE
RAD21,PARP1
RAD21,ZFP217
RAD21,ARHGEF28
RAD21,MTF2
RAD21,RRAS2
RAD21,EP300
RAD21,MORC3
RAD21,ZFX
RAD21,KAT5
RAD21,SSR3
RAD21,PRKAA2
RAD21,CALR
RAD21,CPOX
RAD21,SMAD1
RAD21,ATP6V0A1
RAD21,SIN3A
RAD21,IMPDH2
RAD21,KMT2C
RAD21,SLC35F5
RAD21,PIPOX
RAD21,SEC11A
RAD21,HSPA4
RAD21,TFRC
RAD21,RAD23B
RAD21,MBD2
RAD21,GNA12
RAD21,SMAD3
RAD21,PRDM15
RAD21,SLC39A8
RAD21,ZFP281
RAD21,RIF1
RAD21,HDLBP
RAD21,ETV5
RAD21,KDELC2
RAD21,SSRP1
RAD21,RAP1GDS1
RAD21,GLO1
RAD21,B4GALT1
RAD21,ADAM10
RAD21,VAMP8
RAD21,RAF1
RAD21,SNX7
RAD21,EZH2
RAD21,PLEKHF2
RAD21,NFYC
RAD21,SDCBP
RAD21,RDM1
RAD21,RRN3
RAD21,KDM1A
RAD21,SAP18
RAD21,GATA6
RAD21,TNKS
RAD21,MAPKAPK2
RAD21,PSEN1
RAD21,TFCP2L1
RAD21,MYL6
RAD21,POFUT2
RAD21,ASPH
RAD21,KLF5
RAD21,NFYB
RAD21,ARF5
RAD21,AP2A2
RAD21,ILK
RAD21,GXYLT1
RAD21,POLE4
RAD21,BMPR2
RAD21,SLC25A4
RAD21,DR1
RAD21,MAP1A
RAD21,MAN1A2
RAD21,PTP4A1
RAD21,TCF3
RAD21,RPP25
RAD21,TMEM165
RAD21,AEBP2
RAD21,CTBP2
RAD21,NRF1
RAD21,ITGAV
RAD21,ZBTB44
RAD21,MFSD1
RAD21,SUPT5
RAD21,GABARAP
RAD21,TRIM28
RAD21,GTF2B
RAD21,CDK8
RAD21,LY75
RAD21,EDEM1
RAD21,DPY30
RAD21,MSH6
RAD21,B2M
RAD21,GFPT1
RAD21,BEND5
RAD21,TMEM214
RAD21,MSL3
RAD21,SRI
RAD21,BRD4
RAD21,TMOD3
RAD21,RAB11A
RAD21,ZFP143
RAD21,SS18
RAD21,RPN1
RAD21,MTA2
RAD21,AGPAT4
RAD21,PPIB
RAD21,USP16
RAD21,OSBP
RAD21,NELFA
RAD21,SNX2
RAD21,CPD
RAD21,INO80
RAD21,AMFR
RAD21,KAT6B
RAD21,GALNT7
RAD21,GMNN
RAD21,TPD52
RAD21,BAZ2A
RAD21,HSP90AA1
RAD21,DDB1
RAD21,RBPJ
RAD21,BAZ1A
RAD21,CTSL
RAD21,XBP1
RAD21,BMI1
RAD21,KMT2D
RAD21,EED
RAD21,LRRC58
RAD21,PCGF2
RAD21,COPA
RAD21,JARID2
RAD21,SETDB1
RAD21,CHD1
RAD21,PHF5A
RAD21,APEX1
RAD21,KDM5A
RAD21,SSR1
RAD21,PWP1
RAD21,SMAD2
RAD21,GNB2
RAD21,SELENOS
RAD21,XPNPEP1
RAD21,TMEM59
RAD21,BSG
RAD21,EPAS1
RAD21,YY1
RAD21,RBBP5
RAD21,RAB2A
RAD21,KLHDC3
RAD21,RTN3
RAD21,HDAC2
RAD21,GSR
RAD21,DNMT3B
RAD21,SIRT6
RAD21,MMGT1
RAD21,TET2
RAD21,KLF2
RAD21,TXNDC5
RAD21,HIRIP3
RAD21,KDM4C
RAD21,ZFP384
RAD21,MED12
RAD21,WDR11
RAD21,CALM1
RAD21,ATP6V0E
RAD21,SOD1
RAD21,MAN1A
RAD21,DCLK2
RAD21,ARFIP1
RAD21,PDK1
RAD21,NCOR1
RAD21,STAT3
RAD21,COMMD3
RAD21,SLC39A1
RAD21,REEP5
RAD21,TMED10
RAD21,MED26
RAD21,DICER1
RAD21,RER1
RAD21,KAT8
RAD21,CTSD
RAD21,NACC1
RAD21,FGFR1
RAD21,ZFP428
RAD21,CBFA2T2
RAD21,GTF3C1
RAD21,MSL2
RAD21,GNS
RAD21,FAM114A1
RAD21,RBMXL2
RAD21,TPM4
RAD21,APPBP2
RAD21,SLC16A1
RAD21,IRF2BPL
RAD21,LAMP1
RAD21,ZCCHC24
RAD21,FRMD4A
RAD21,NR4A1
RAD21,NFYA
RAD21,PDCD6IP
RAD21,KDM6A
RAD21,CKAP4
RAD21,TMEM9B
RAD21,COPB1
RAD21,SEC24A
RAD21,E4F1
RAD21,HSP90AB1
RAD21,FBRSL1
RAD21,NFXL1
RAD21,TENM4
RAD21,E2F1
RAD21,TSPAN9
RAD21,MYH9
RAD21,HIRA
RAD21,NCAPG
RAD21,MPHOSPH8
RAD21,CALU
RAD21,RNF2
RAD21,ZC3H11A
RAD21,GGA2
RAD21,SETX
RAD21,VAMP3
RAD21,RPN2
RAD21,DNAJC10
RAD21,RUVBL1
RAD21,ACBD3
RAD21,TAX1BP3
RAD21,RNF138
RAD21,CLN6
RAD21,CREB3
RAD21,MED1
RAD21,METTL3
RAD21,DUSP6
RAD21,MBD3
RAD21,ARPC2
RAD21,PCOLCE2
RAD21,HDAC1
RAD21,PURB
RAD21,ZBTB2
RAD21,QSOX1
RAD21,SMARCA4
RAD21,MSL1
RAD21,TAF3
RAD21,LDLRAP1
RAD21,PLOD2
RAD21,RXRA
RAD21,ERF
RAD21,DNAJC3
RAD21,GDPD5
RAD21,HNRNPL
RAD21,KDM5B
RAD21,N4BP3
RAD21,WDR82
RAD21,MYDGF
RAD21,KDM2B
RAD21,CST3
RAD21,PTOV1
RAD21,NCAPD3
RAD21,RARA
RAD21,REST
RAD21,STARD10
RAD21,PKNOX1
RAD21,GNAI3
RAD21,SRSF1
RAD21,HMGA1B
RAD21,ENOX1
RAD21,NCAPH2
RAD21,LMF2
RAD21,TM9SF3
RAD21,UBTF
RAD21,GABBR1
RAD21,PAF1
RAD21,SMC1A
RAD21,ARF4
RAD21,PDIA5
RAD21,TDG
RAD21,FBXW8
RAD21,ACP6
RAD21,SMYD2
RAD21,BAG2
RAD21,DDOST
RAD21,UHRF1
RAD21,SMARCC1
RAD21,TAF2
RAD21,ZFP322A
RAD21,MVB12B
RAD21,DGCR8
RAD21,MOV10
RAD21,GCNT2
RAD21,SERBP1
RAD21,CNOT3
RAD21,TMEM30A
RAD21,SEC24D
RAD21,SAP30
RAD21,SHF
RAD21,CTR9
RAD21,DAP
RAD21,NASP
RAD21,CBX5
RAD21,RCC2
RAD21,SUMO1
RAD21,BTAF1
RAD21,SMARCAD1
RAD21,PTPN21
RAD21,HMGA1
RAD21,GNG10
RAD21,IKBIP
RAD21,APAF1
RAD21,NPM1
RAD21,CREB3L2
RAD21,SSR4
RAD21,LPAR2
RAD21,MSH2
RAD21,SUZ12
RAD21,ASS1
RAD21,MPRIP
RAD21,MYBL2
RAD21,AFF3
RAD21,FN1
RAD21,MDN1
RAD21,CBX3
RAD21,CDK7
RAD21,SELENOW
RAD21,PHC1
RAD21,RANBP17
RAD21,LEO1
RAD21,DRAM1
RAD21,DMAP1
RAD21,ARHGAP1
RAD21,EIF2S2
RAD21,MAFK
RAD21,ANO10
RAD21,KLF4
RAD21,PARVA
RAD21,GPC6
RAD21,PTPN14
RAD21,MCRS1
RAD21,TBRG1
RAD21,TMED2
RAD21,ELL
RAD21,KDM4A
RAD21,RCOR1
RAD21,P4HB
RAD21,CDC5L
RAD21,STT3A
RAD21,ZFYVE21
RAD21,USP28
RAD21,UBA2
RAD21,MRAS
RAD21,FRS2
RAD21,BNC2
RAD21,SRSF2
RAD21,ARL8A
RAD21,ACTL6A
RAD21,KDELR2
RAD21,ARPC5
RAD21,SUPT16
RAD21,NAA10
RAD21,GLDC
RAD21,MAX
RAD21,KDM2A
RAD21,MARC2
RAD21,TMED9
RAD21,TMBIM6
RAD21,AARS
RAD21,TGIF2
RAD21,UBQLN2
RAD21,HEATR1
RAD21,TBP
RAD21,SET
RAD21,BRD9
RAD21,DROSHA
RAD21,TUBB2B
RAD21,PARD6B
RAD21,KCTD10
RAD21,TCF15
RAD21,FAM129B
RAD21,TXNDC12
RAD21,RARG
RAD21,GFPT2
RAD21,ZFP532
RAD21,LAMA1
RAD21,NCOR2
RAD21,SARAF
RAD21,HSPG2
RAD21,LMNB1
RAD21,ADAM23
RAD21,ARF1
RAD21,FKBP9
RAD21,SLC7A6
RAD21,DDX21
RAD21,OGT
RAD21,BRD2
RAD21,PLOD3
RAD21,P3H2
RAD21,ARFGAP1
RAD21,PLA2G15
RAD21,EVA1A
RAD21,HTATSF1
RAD21,EMP2
RAD21,SURF4
RAD21,CHMP4B
RAD21,TCOF1
RAD21,AMPD2
RAD21,TGOLN1
RAD21,TEX264
RAD21,CBX1
RAD21,ATRX
RAD21,ARHGAP29
RAD21,SETD1A
RAD21,COL4A2
RAD21,COL4A1
RAD21,IFITM1
RAD21,SORD
RAD21,CTSZ
RAD21,GOT1
RAD21,IER2
RAD21,FUT9
RAD21,OPLAH
RAD21,GLMP
RAD21,LRPAP1
RAD21,PLOD1
RAD21,ME1
RAD21,BAZ1B
RAD21,CDH6
RAD21,GALK1
RAD21,2410141K09RIK
RAD21,P4HA2
RAD21,RBBP7
RAD21,ERP29
RAD21,WDR46
RAD21,DKC1
RAD21,MKRN1
RAD21,SLC39A7
RAD21,CMKLR1
RAD21,ZFP57
RAD21,ETV4
RAD21,OSTC
RAD21,IGFBP2
RAD21,FBLIM1
RAD21,PITPNC1
RAD21,OBSL1
RAD21,PDIA6
RAD21,LRP2
RAD21,HSPB1
RAD21,CARHSP1
RAD21,CD63
RAD21,USP7
RAD21,PRDX4
RAD21,CTDSPL
RAD21,HCFC1
RAD21,ZIC2
RAD21,FGF10
RAD21,HAP1
RAD21,SH3PXD2B
RAD21,DAXX
RAD21,SALL1
RAD21,SPP1
RAD21,COBL
RAD21,TMEM144
RAD21,GSTA4
RAD21,MCM2
RAD21,KDELR3
RAD21,CHCHD10
RAD21,SFRP1
RAD21,PTH1R
RAD21,FGF3
RAD21,FXYD6
RAD21,L1TD1
RAD21,SERPING1
RAD21,DUSP9
RAD21,SLC15A1
RAD21,EPOP
RAD21,B4GALNT4
RAD21,KHDC3
RAD21,LAMB1
RAD21,GPX3
RAD21,MYMX
RAD21,SPARC
RAD21,FOXH1
RAD21,TDH
RAD21,ZFP42
RAD21,SALL4
RAD21,PRSS35
RAD21,TIMP3
RAD23B,CTCF
RAD23B,KMT2D
RAD23B,UBA2
RAD23B,RBBP5
RAD23B,KANSL3
RAD23B,SPP1
RAD23B,KMT2C
RAD23B,ZFHX3
RAD23B,CALM1
RAD23B,LRRC59
RAD23B,PRDM15
RAD23B,PIPOX
RAD23B,CDC16
RAD23B,LAMP1
RAD23B,TMED2
RAD23B,TFRC
RAD23B,ZFP819
RAD23B,CBX5
RAD23B,ADNP
RAD23B,RIF1
RAD23B,CDC73
RAD23B,COLGALT1
RAD23B,CLTC
RAD23B,FOXH1
RAD23B,RBPJ
RAD23B,CBX8
RAD23B,CDK7
RAD23B,MED23
RAD23B,CALU
RAD23B,NFYC
RAD23B,TBP
RAD23B,EP400
RAD23B,DDOST
RAD23B,MTF2
RAD23B,SMARCA5
RAD23B,NSL1
RAD23B,GCNT2
RAD23B,GORASP2
RAD23B,OPLAH
RAD23B,STAT3
RAD23B,KDM5B
RAD23B,FBXW8
RAD23B,RDM1
RAD23B,IRF2BPL
RAD23B,MSH6
RAD23B,ITGB1
RAD23B,HSP90AB1
RAD23B,FABP3
RAD23B,NANOG
RAD23B,RBMXL2
RAD23B,SETD1A
RAD23B,SLC25A4
RAD23B,COPB1
RAD23B,TBRG1
RAD23B,GNB2
RAD23B,GSR
RAD23B,ARF4
RAD23B,ZFP217
RAD23B,MFSD1
RAD23B,DMAP1
RAD23B,PHC1
RAD23B,ARID3A
RAD23B,PTPN21
RAD23B,MBD2
RAD23B,INO80
RAD23B,RAF1
RAD23B,ZFP143
RAD23B,MAP1A
RAD23B,NR5A2
RAD23B,BRD9
RAD23B,GSN
RAD23B,GTF2B
RAD23B,PLA2G15
RAD23B,WDR5
RAD23B,MYMX
RAD23B,TGIF2
RAD23B,MAPKAPK2
RAD23B,MED26
RAD23B,SRSF1
RAD23B,HDLBP
RAD23B,ZFP42
RAD23B,TFE3
RAD23B,SMAD1
RAD23B,ARID1A
RAD23B,SSRP1
RAD23B,USP16
RAD23B,SELENOW
RAD23B,KDELR2
RAD23B,SMARCA4
RAD23B,ETV1
RAD23B,ASS1
RAD23B,PSEN1
RAD23B,SARAF
RAD23B,PPIB
RAD23B,TRAM1
RAD23B,HDAC2
RAD23B,FBXO22
RAD23B,DDB1
RAD23B,LMNB1
RAD23B,NACC1
RAD23B,FNDC3B
RAD23B,EZH2
RAD23B,RRN3
RAD23B,CBX3
RAD23B,TDH
RAD23B,ADGRA2
RAD23B,LAMB2
RAD23B,ACP6
RAD23B,P4HA1
RAD23B,ILK
RAD23B,NELFA
RAD23B,MKRN1
RAD23B,FBRSL1
RAD23B,UPP1
RAD23B,KDM1A
RAD23B,BAZ1B
RAD23B,SETDB1
RAD23B,FRMD4A
RAD23B,WDR11
RAD23B,TAF3
RAD23B,CDC42SE2
RAD23B,NRF1
RAD23B,MDN1
RAD23B,MOB3B
RAD23B,GLIPR2
RAD23B,DAP
RAD23B,SEMA4C
RAD23B,SPNS2
RAD23B,CALR
RAD23B,PDIA5
RAD23B,LRP2
RAD23B,SLC7A6
RAD23B,ARF1
RAD23B,TMEM214
RAD23B,SLC35F5
RAD23B,SALL4
RAD23B,STAG1
RAD23B,APPBP2
RAD23B,ZFP710
RAD23B,SOX2
RAD23B,SH3GLB1
RAD23B,RNF2
RAD23B,SEC11A
RAD23B,PURB
RAD23B,KDELC2
RAD23B,TMED9
RAD23B,KDM2B
RAD23B,SET
RAD23B,EXT2
RAD23B,MSL2
RAD23B,E4F1
RAD23B,AEBP2
RAD23B,PHRF1
RAD23B,SRSF2
RAD23B,SERBP1
RAD23B,RRBP1
RAD23B,NCAPH2
RAD23B,LMF2
RAD23B,2410141K09RIK
RAD23B,ANK
RAD23B,RAB11A
RAD23B,DGCR8
RAD23B,FHDC1
RAD23B,SUPT16
RAD23B,TMEM30A
RAD23B,BRD2
RAD23B,DPY30
RAD23B,VAMP3
RAD23B,CPOX
RAD23B,PNP
RAD23B,GFPT2
RAD23B,TCOF1
RAD23B,TUBB2B
RAD23B,SERPING1
RAD23B,ARHGAP1
RAD23B,SEC24A
RAD23B,CST3
RAD23B,GPC6
RAD23B,TCEA3
RAD23B,PAFAH1B3
RAD23B,PHLDB2
RAD23B,DDX21
RAD23B,OAT
RAD23B,TMED3
RAD23B,L1TD1
RAD23B,XRCC5
RAD23B,COPG1
RAD23B,PDK1
RAD23B,MPHOSPH8
RAD23B,ZMYND8
RAD23B,VSIR
RAD23B,DROSHA
RAD23B,DERL1
RAD23B,NCOR1
RAD23B,PITPNC1
RAD23B,GMNN
RAD23B,FUT9
RAD23B,SS18
RAD23B,BRD4
RAD23B,NFYB
RAD23B,PDIA3
RAD23B,TXNDC12
RAD23B,DNAJC10
RAD23B,TCF12
RAD23B,IFITM1
RAD23B,ZFX
RAD23B,TSPAN9
RAD23B,PRDX1
RAD23B,SFRP1
RAD23B,SETX
RAD23B,HSPA4
RAD23B,SNURF
RAD23B,SNRPN
RAD23B,TMOD3
RAD23B,TAF2
RAD23B,ADAM19
RAD23B,SERPINH1
RAD23B,RER1
RAD23B,APEX1
RAD23B,ARHGAP29
RAD23B,KDM4C
RAD23B,CDK9
RAD23B,ATP6V0A1
RAD23B,MSL1
RAD23B,H13
RAD23B,AMPD2
RAD23B,RPN2
RAD23B,SLC7A3
RAD23B,PLEKHF2
RAD23B,NASP
RAD23B,CKAP4
RAD23B,SUZ12
RAD23B,IMPDH2
RAD23B,KDM2A
RAD23B,ZBTB44
RAD23B,POLE4
RAD23B,MBD3
RAD23B,LRRC34
RAD23B,ATP6V0E
RAD23B,TGFBR3
RAD23B,ASPH
RAD23B,HIRA
RAD23B,PDGFRA
RAD23B,GNAS
RAD23B,KLF5
RAD23B,SELENOS
RAD23B,PHF5A
RAD23B,ZC3H11A
RAD23B,FKBP9
RAD23B,XPNPEP1
RAD23B,SDCBP
RAD23B,TBX3
RAD23B,AMFR
RAD23B,ADAM10
RAD23B,ZBTB2
RAD23B,PTP4A1
RAD23B,BSG
RAD23B,LGALS3
RAD23B,STX3
RAD23B,RTN3
RAD23B,P3H4
RAD23B,TEX264
RAD23B,HELB
RAD23B,LAMA1
RAD23B,SLC16A1
RAD23B,GNAI3
RAD23B,E2F1
RAD23B,DR1
RAD23B,2200002D01RIK
RAD23B,DPPA2
RAD23B,YY1
RAD23B,CPD
RAD23B,KRT8
RAD23B,CBX2
RAD23B,GHR
RAD23B,ATF7IP
RAD23B,RANBP17
RAD23B,NIPBL
RAD23B,SMAD2
RAD23B,PWP1
RAD23B,MAPK8
RAD23B,HSP90AA1
RAD23B,EFEMP2
RAD23B,CD63
RAD23B,BTAF1
RAD23B,F3
RAD23B,SMYD2
RAD23B,RPP25
RAD23B,NPM1
RAD23B,ITPK1
RAD23B,B4GALT1
RAD23B,SMARCC1
RAD23B,PCGF2
RAD23B,YEATS4
RAD23B,SMARCAD1
RAD23B,ERF
RAD23B,CHST15
RAD23B,PCOLCE
RAD23B,HIRIP3
RAD23B,ERP29
RAD23B,DAB2
RAD23B,ABHD5
RAD23B,PARP1
RAD23B,GLI2
RAD23B,OGT
RAD23B,ZFP384
RAD23B,VAMP8
RAD23B,HMGA1
RAD23B,PDCD6IP
RAD23B,GNS
RAD23B,CDK8
RAD23B,GCNT1
RAD23B,AU018091
RAD23B,AARS
RAD23B,SUPT5
RAD23B,GABBR1
RAD23B,SLC39A8
RAD23B,EP300
RAD23B,TM9SF3
RAD23B,GSTA4
RAD23B,FGFR1
RAD23B,MAX
RAD23B,ARFGAP1
RAD23B,ADAM23
RAD23B,ARFIP1
RAD23B,ANXA4
RAD23B,EIF2S2
RAD23B,SOAT1
RAD23B,SETD7
RAD23B,TET1
RAD23B,ACBD3
RAD23B,TRIM28
RAD23B,MCRS1
RAD23B,GFPT1
RAD23B,RRAS2
RAD23B,ZFP532
RAD23B,ST5
RAD23B,RNF138
RAD23B,LRPAP1
RAD23B,CCDC88C
RAD23B,ARPC2
RAD23B,NOTCH4
RAD23B,STT3A
RAD23B,P4HA2
RAD23B,ACTL6A
RAD23B,MYDGF
RAD23B,KDM5A
RAD23B,MTA2
RAD23B,PATJ
RAD23B,CDH6
RAD23B,CDC5L
RAD23B,GABARAP
RAD23B,FLRT3
RAD23B,B2M
RAD23B,TMEM9B
RAD23B,TET3
RAD23B,IFITM2
RAD23B,VKORC1
RAD23B,PDIA6
RAD23B,BMPR2
RAD23B,L3MBTL3
RAD23B,BEND5
RAD23B,TCN2
RAD23B,KRTCAP2
RAD23B,TMEM165
RAD23B,LYN
RAD23B,SMC3
RAD23B,ARHGEF28
RAD23B,SELENOM
RAD23B,MBNL2
RAD23B,RARG
RAD23B,LRRC58
RAD23B,GLO1
RAD23B,SOD1
RAD23B,CTSL
RAD23B,CHD1
RAD23B,RARA
RAD23B,NCAPG
RAD23B,RASGRP2
RAD23B,POFUT2
RAD23B,TPD52
RAD23B,MED12
RAD23B,P4HB
RAD23B,DICER1
RAD23B,CHMP4B
RAD23B,SUPT6
RAD23B,PCOLCE2
RAD23B,LY75
RAD23B,KMT2B
RAD23B,NCAPD3
RAD23B,MPRIP
RAD23B,ARPC5
RAD23B,ZYX
RAD23B,TRP53
RAD23B,MAFK
RAD23B,LAMC1
RAD23B,HDAC1
RAD23B,GNPTAB
RAD23B,SEC23A
RAD23B,PAF1
RAD23B,CLN6
RAD23B,TGIF1
RAD23B,DNAJC3
RAD23B,ZIC2
RAD23B,TMEM150A
RAD23B,DUSP6
RAD23B,ZFP428
RAD23B,RCOR1
RAD23B,IKBIP
RAD23B,APAF1
RAD23B,HEATR1
RAD23B,ELL
RAD23B,EED
RAD23B,TDG
RAD23B,HNRNPL
RAD23B,POU5F1
RAD23B,N4BP3
RAD23B,TET2
RAD23B,DUSP9
RAD23B,AP2A2
RAD23B,THAP11
RAD23B,SMAD3
RAD23B,SPOCK1
RAD23B,PRSS35
RAD23B,SUMO2
RAD23B,SAP18
RAD23B,FGFR4
RAD23B,DARS
RAD23B,DCTPP1
RAD23B,KAT5
RAD23B,COL4A2
RAD23B,COL4A1
RAD23B,NR4A1
RAD23B,ZFP281
RAD23B,RAB3IL1
RAD23B,ZCCHC24
RAD23B,RAB2A
RAD23B,GXYLT1
RAD23B,NIPSNAP1
RAD23B,FXYD6
RAD23B,MORC3
RAD23B,CXXC1
RAD23B,MYH9
RAD23B,KAT8
RAD23B,SIRT6
RAD23B,PRDM14
RAD23B,USP28
RAD23B,TRH
RAD23B,E2F4
RAD23B,CREBBP
RAD23B,PTOV1
RAD23B,ITGAV
RAD23B,TLE4
RAD23B,TFCP2L1
RAD23B,RCC2
RAD23B,NFYA
RAD23B,DCLK2
RAD23B,MAN1A
RAD23B,HS3ST1
RAD23B,GALK1
RAD23B,CAR2
RAD23B,ME1
RAD23B,SAP30
RAD23B,UBQLN2
RAD23B,ZFP322A
RAD23B,TCL1
RAD23B,LPAR2
RAD23B,TXNDC5
RAD23B,RBBP7
RAD23B,RAP1GDS1
RAD23B,ARL8A
RAD23B,JARID2
RAD23B,KLF2
RAD23B,HMGA1B
RAD23B,OSTC
RAD23B,TCF15
RAD23B,SEPT1
RAD23B,SUMO1
RAD23B,FN1
RAD23B,CBX7
RAD23B,SSR3
RAD23B,UHRF1
RAD23B,PKNOX1
RAD23B,SRI
RAD23B,SIK1
RAD23B,EPOP
RAD23B,ZFYVE21
RAD23B,GLDC
RAD23B,MAN1A2
RAD23B,ZFP57
RAD23B,RFFL
RAD23B,PRDX4
RAD23B,COPA
RAD23B,TCF3
RAD23B,TAX1BP3
RAD23B,NCOR2
RAD23B,GTF3C1
RAD23B,TMED10
RAD23B,RUVBL1
RAD23B,CEMIP
RAD23B,MSH2
RAD23B,RPN1
RAD23B,RUVBL2
RAD23B,EDEM1
RAD23B,NONO
RAD23B,FUT8
RAD23B,PLAT
RAD23B,APP
RAD23B,FRS2
RAD23B,ETV5
RAD23B,CTR9
RAD23B,KLHDC3
RAD23B,GOT1
RAD23B,ELL2
RAD23B,IER2
RAD23B,HTATSF1
RAD23B,MED1
RAD23B,MOV10
RAD23B,EPHA1
RAD23B,PML
RAD23B,CTSZ
RAD23B,APOBEC3
RAD23B,HSD17B14
RAD23B,RBPMS2
RAD23B,FBLIM1
RAD23B,OTX2
RAD23B,NID1
RAD23B,TALDO1
RAD23B,ARHGEF5
RAD23B,MEN1
RAD23B,KDELR1
RAD23B,CERS4
RAD23B,MYL6
RAD23B,COTL1
RAD23B,PARD6B
RAD23B,ZIC3
RAD23B,KLF4
RAD23B,GGA2
RAD23B,SLC39A1
RAD23B,METTL3
RAD23B,RAD21
RAD23B,MRAS
RAD23B,LDLRAP1
RAD23B,LAMB1
RAD23B,PTPN14
RAD23B,NFXL1
RAD23B,BASP1
RAD23B,FKBP5
RAD23B,CARHSP1
RAF1,RDM1
RAF1,KLF5
RAF1,MTF2
RAF1,CALM1
RAF1,TBX3
RAF1,GSTA4
RAF1,2410141K09RIK
RAF1,TLE4
RAF1,HSP90AB1
RAF1,KCTD10
RAF1,ZBTB44
RAF1,HEXIM1
RAF1,KDM5B
RAF1,TFRC
RAF1,GFPT2
RAF1,CBX3
RAF1,SS18
RAF1,TMBIM6
RAF1,ETV5
RAF1,HSPB1
RAF1,IER2
RAF1,NASP
RAF1,BTAF1
RAF1,TMED9
RAF1,HSP90AA1
RAF1,CARHSP1
RAF1,CTSL
RAF1,UBTF
RAF1,ASPH
RAF1,FKBP5
RAF1,ZFP57
RAF1,FBRSL1
RAF1,RRBP1
RAF1,PDIA6
RAF1,TMEM165
RAF1,GTF2B
RAF1,TXNDC12
RAF1,SLC16A1
RAF1,LRPAP1
RAF1,L1TD1
RAF1,DCTPP1
RAF1,MSH6
RAF1,SMC3
RAF1,PLEKHF2
RAF1,SOD1
RAF1,NCAPG
RAF1,SLC25A4
RAF1,MSH2
RAF1,NPM1
RAF1,NANOG
RAF1,IFITM2
RAF1,GNAI3
RAF1,CALU
RAF1,PNP
RAF1,KDM4C
RAF1,NR4A1
RAF1,UTF1
RARA,MTF2
RARA,RDM1
RARA,TFRC
RARA,CALR
RARA,ARF4
RARA,HEXIM1
RARA,PNP
RARA,HSP90AA1
RARA,CALM1
RARA,GTF2B
RARA,CTSL
RARA,IER2
RARA,RAF1
RARA,PRDX1
RARA,SRSF2
RARA,SMC3
RARA,P4HA1
RARA,HSP90AB1
RARA,CBX3
RARA,ABHD5
RARA,SMARCA5
RARA,MYMX
RARA,MSH6
RARA,EP400
RARA,P4HB
RARA,JUN
RARA,SAP18
RARA,PDIA3
RARA,GFPT2
RARA,IMPDH2
RARA,HMGA1B
RARA,HMGA1
RARA,MED23
RARA,KDM4C
RARA,KDM5A
RARA,MAPKAPK2
RARA,NPM1
RARA,NCOR1
RARA,KLF2
RARA,RTN3
RARA,SOD1
RARA,WDR82
RARA,BSG
RARA,PPIB
RARA,B2M
RARA,TGOLN1
RARA,NFYB
RARA,FUT8
RARA,PTP4A1
RARA,CLTC
RARA,GORASP2
RARA,DDOST
RARA,ATP6V0A1
RARA,NASP
RARA,DDB1
RARA,ARHGAP29
RARA,CDC5L
RARA,EDEM1
RARA,SELENOS
RARA,FN1
RARA,COTL1
RARA,CALU
RARA,SRSF1
RARA,HDLBP
RARA,TMED9
RARA,SET
RARA,DARS
RARA,TMBIM6
RARA,MORC3
RARA,MAFK
RARA,FBRSL1
RARA,POLE4
RARA,SURF4
RARA,PDIA6
RARA,STAT3
RARA,SLC25A4
RARA,SERBP1
RARA,SUMO1
RARA,SLC16A1
RARA,ASPH
RARA,OAT
RARA,CBX5
RARA,TBX3
RARA,SS18
RARA,SMAD1
RARA,TRIM28
RARA,SSR3
RARA,HIRA
RARA,KAT8
RARA,ZFP143
RARA,B4GALT1
RARA,YEATS4
RARA,E4F1
RARA,CDC42SE2
RARA,HSPA4
RARA,CBX8
RARA,NSL1
RARA,HDAC1
RARA,PLEKHF2
RARA,NFYC
RARA,PDIA5
RARA,CBX1
RARA,BTAF1
RARA,ZBTB44
RARA,LRPAP1
RARA,SUPT5
RARA,RPN1
RARA,STAG1
RARA,RRN3
RARA,RBBP7
RARA,BRD4
RARA,DCTPP1
RARA,PURB
RARA,UBA2
RARA,TBRG1
RARA,KANSL3
RARA,GNAI3
RARA,PAF1
RARA,MYCN
RARA,MYL6
RARA,ZFP322A
RARA,TRAM1
RARA,ARFGAP1
RARA,TAF2
RARA,MAN1A2
RARA,SUZ12
RARA,ARF1
RARA,YY1
RARA,APPBP2
RARA,KLF5
RARA,ZC3H11A
RARA,SMARCA4
RARA,SMARCC1
RARA,MED26
RARA,NCAPG
RARA,E2F4
RARA,RAD23B
RARA,PSEN1
RARA,DGCR8
RARA,HDAC2
RARA,ZFP532
RARA,H13
RARA,BAZ1B
RARA,NRF1
RARA,ATP6V0E
RARA,KDM1A
RARA,NELFA
RARA,FGF4
RARA,SUPT16
RARA,SDCBP
RARA,ARPC5
RARA,TET2
RARA,EIF2S2
RARA,NFYA
RARA,TMED3
RARA,TCF15
RARA,CNOT3
RARA,CDC73
RARA,TMEM30A
RARA,TMOD3
RARA,RIF1
RARA,MED1
RARA,ZFHX3
RARA,CARHSP1
RARA,XRCC5
RARA,NR0B1
RARA,RNF2
RARA,DERL1
RARA,HNRNPL
RARA,FRS2
RARA,USP16
RARA,TFCP2L1
RARA,PARP1
RARA,ACTL6A
RARA,DR1
RARA,DPY30
RARA,EED
RARA,SSR4
RARA,PTPN21
RARA,COL18A1
RARA,GXYLT1
RARA,TDG
RARA,KCTD10
RARA,KAT6B
RARA,LAMP1
RARA,MSH2
RARA,MPHOSPH8
RARA,MED12
RARA,2410141K09RIK
RARA,DNAJC10
RARA,TMEM165
RARA,TXNDC5
RARA,TMED10
RARA,ADAM19
RARA,SEC24A
RARA,CDK7
RARA,POU5F1
RARA,BMPR2
RARA,KDM5B
RARA,EZH2
RARA,WDR5
RARA,DKC1
RARA,ATF7IP
RARA,APEX1
RARA,SEC11A
RARA,GGA2
RARA,NUP210
RARA,INO80
RARA,RANBP17
RARA,RYBP
RARA,RBMXL2
RARA,DDX21
RARA,SETX
RARA,CHD4
RARA,AARS
RARA,DROSHA
RARA,MCRS1
RARA,KMT2D
RARA,PRDX4
RARA,GCNT2
RARA,ZFP428
RARA,TUBB2B
RARA,LY75
RARA,UTP14A
RARA,TCF12
RARA,FKBP9
RARA,TAF3
RARA,SSRP1
RARA,PHRF1
RARA,ZFP979
RARA,RPP25
RARA,BRD9
RARA,JAM2
RARA,METTL3
RARA,ADAM23
RARA,ZFP57
RARA,ZIC2
RARA,ST5
RARA,RBBP5
RARA,HAP1
RARA,ZFP42
RARA,FUT9
RARA,GCNT1
RARA,GNAS
RARA,RPN2
RARA,ZFP819
RARA,MYBL2
RARA,L1TD1
RARA,UHRF1
RARA,FXYD6
RARA,PATJ
RARA,NCAPD3
RARA,BEND5
RARA,PLAT
RBBP5,LAMC1
RBBP5,TBP
RBBP5,FRS2
RBBP5,FUT8
RBBP5,PDIA5
RBBP5,CBFA2T2
RBBP5,KDM1A
RBBP5,SMARCA5
RBBP5,INO80
RBBP5,HDLBP
RBBP5,RAB11A
RBBP5,CALM1
RBBP5,ZFHX3
RBBP5,BTAF1
RBBP5,SMAD1
RBBP5,CDK7
RBBP5,CDC73
RBBP5,SEC24A
RBBP5,P4HB
RBBP5,LRRC59
RBBP5,RRAS2
RBBP5,ACTL6A
RBBP5,ERP29
RBBP5,LAMP1
RBBP5,POLE4
RBBP5,SUPT5
RBBP5,SETD1A
RBBP5,KMT2C
RBBP5,PCOLCE2
RBBP5,SMARCA4
RBBP5,CHD1
RBBP5,TMEM30A
RBBP5,TET2
RBBP5,CLTC
RBBP5,RANBP17
RBBP5,EP400
RBBP5,KANSL3
RBBP5,GTF2B
RBBP5,MSH2
RBBP5,SETX
RBBP5,RRBP1
RBBP5,DICER1
RBBP5,GORASP2
RBBP5,SLC16A1
RBBP5,STAG1
RBBP5,DARS
RBBP5,FGFR1
RBBP5,TXNDC5
RBBP5,COMMD3
RBBP5,ZBTB44
RBBP5,SUMO2
RBBP5,MARC2
RBBP5,MORC3
RBBP5,ARF4
RBBP5,RAF1
RBBP5,FBXO22
RBBP5,SUPT16
RBBP5,HSPA4
RBBP5,TBRG1
RBBP5,MTF2
RBBP5,NACC1
RBBP5,BRD4
RBBP5,ADAM10
RBBP5,RAD23B
RBBP5,PLEKHF2
RBBP5,PDK1
RBBP5,PPIB
RBBP5,DDX21
RBBP5,RRN3
RBBP5,NCOR1
RBBP5,TAF3
RBBP5,TFRC
RBBP5,GMNN
RBBP5,TCF12
RBBP5,ACBD3
RBBP5,TMOD3
RBBP5,DDB1
RBBP5,GGA2
RBBP5,DNAJC3
RBBP5,ARF1
RBBP5,MSL2
RBBP5,CBX1
RBBP5,MPHOSPH8
RBBP5,LRRC58
RBBP5,DR1
RBBP5,TMEM214
RBBP5,SMAD2
RBBP5,RAB2A
RBBP5,MOB3B
RBBP5,TRAM1
RBBP5,GFPT1
RBBP5,RPN2
RBBP5,TMEM165
RBBP5,ITGAV
RBBP5,B4GALT1
RBBP5,VAMP3
RBBP5,KDM2B
RBBP5,PRKAA2
RBBP5,PHRF1
RBBP5,CPD
RBBP5,POFUT2
RBBP5,HIRA
RBBP5,H13
RBBP5,BRD9
RBBP5,NUP210
RBBP5,MED26
RBBP5,GLO1
RBBP5,PDIA3
RBBP5,ARPC2
RBBP5,SMC3
RBBP5,MAPK8
RBBP5,SH3GLB1
RBBP5,UBQLN2
RBBP5,PDIA6
RBBP5,ASPH
RBBP5,SMARCC1
RBBP5,GNPTAB
RBBP5,FKBP5
RBBP5,FBXW8
RBBP5,MRAS
RBBP5,SDCBP
RBBP5,IKBIP
RBBP5,APAF1
RBBP5,AMFR
RBBP5,P4HA1
RBBP5,NELFA
RBBP5,DERL1
RBBP5,EDEM1
RBBP5,LMNB1
RBBP5,CAR2
RBBP5,NFYC
RBBP5,CTCF
RBBP5,DPY30
RBBP5,PARD6B
RBBP5,ADNP
RBBP5,LRP2
RBBP5,SSR1
RBBP5,NSL1
RBBP5,MAN1A
RBBP5,SUZ12
RBBP5,NRF1
RBBP5,ENOX1
RBBP5,NCAPD3
RBBP5,GNB2
RBBP5,ARHGAP29
RBBP5,RYBP
RBBP5,TAX1BP3
RBBP5,KMT2D
RBBP5,TMED9
RBBP5,RPN1
RBBP5,PRDM15
RBBP5,EXT2
RBBP5,BSG
RBBP5,PRDX1
RBBP5,SLC7A6
RBBP5,CDC16
RBBP5,CALU
RBBP5,DCLK2
RBBP5,APP
RBBP5,CPOX
RBBP5,SRSF2
RBBP5,SAP18
RBBP5,KAT8
RBBP5,GSR
RBBP5,SMYD2
RBBP5,KDM5B
RBBP5,DAP
RBBP5,AMPD2
RBBP5,SS18
RBBP5,ADAM19
RBBP5,SNX7
RBBP5,TMED2
RBBP5,DDOST
RBBP5,MDN1
RBBP5,HDAC2
RBBP5,BMPR2
RBBP5,TPD52
RBBP5,TMED10
RBBP5,SURF4
RBBP5,RNF2
RBBP5,NCAPG
RBBP5,PSEN1
RBBP5,DROSHA
RBBP5,APPBP2
RBBP5,ILK
RBBP5,RAP1GDS1
RBBP5,ZIC2
RBBP5,TET3
RBBP5,TCF15
RBBP5,OSTC
RBBP5,UBA2
RBBP5,TPM4
RBBP5,SEC11A
RBBP5,PFKP
RBBP5,GFPT2
RBBP5,E2F1
RBBP5,RBMXL2
RBBP5,EP300
RBBP5,PTPN21
RBBP5,GNA12
RBBP5,SUMO1
RBBP5,STAT3
RBBP5,MAX
RBBP5,DGCR8
RBBP5,ADAM23
RBBP5,TGOLN1
RBBP5,CDC42SE2
RBBP5,CBX3
RBBP5,GXYLT1
RBBP5,EIF2S2
RBBP5,CTR9
RBBP5,SNX2
RBBP5,KDELR2
RBBP5,ATP6V0E
RBBP5,ZFP322A
RBBP5,TGIF2
RBBP5,MPRIP
RBBP5,SELENOS
RBBP5,ETV5
REST,DR1
REST,SAP30
REST,TFRC
REST,STAG1
REST,ATP6V0A1
REST,ENOX1
REST,TAF3
REST,SEC11A
REST,TLE4
REST,OGT
REST,GNAS
REST,PHF5A
REST,RDM1
REST,IFI30
REST,KANSL3
REST,NANOG
REST,AEBP2
RIF1,HDAC2
RIF1,SUZ12
RIF1,KANSL3
RIF1,KDM4C
RIF1,MAN1A2
RNF2,HDAC2
RNF2,FGF3
RNF2,PRDM14
RNF2,GNAS
RNF2,ADGRA2
RNF2,COL27A1
RNF2,FHDC1
RNF2,IHH
RNF2,TGFBR3
RNF2,COL4A2
RNF2,COL4A1
RNF2,ESRRB
RNF2,SFRP1
RNF2,PTH1R
RNF2,HNF1B
RNF2,TMED3
RNF2,FST
RNF2,MORC3
RNF2,BMPER
RNF2,MFSD1
RNF2,BMP1
RNF2,GPC6
RNF2,SMARCA2
RNF2,PDGFRA
RNF2,CHST15
RNF2,RAP1GDS1
RNF2,LRP2
RNF2,PRKCE
RNF2,L3MBTL3
RNF2,MSX2
RNF2,BMI1
RNF2,P3H2
RNF2,ZFHX3
RNF2,SLC39A8
RNF2,CDH6
RNF2,SHTN1
RNF2,TRAM1
RNF2,APP
RNF2,TRIM28
RNF2,LRRC58
RNF2,FRMD4A
RNF2,SMARCA5
RNF2,TET3
RNF2,USP16
RNF2,ADNP
RNF2,MAPK8
RNF2,COBLL1
RNF2,SALL1
RNF2,ARHGAP29
RNF2,GDPD5
RNF2,SLC7A6
RNF2,SMAD2
RNF2,RYBP
RNF2,CRTC3
RNF2,LYN
RNF2,JUN
RNF2,CBX2
RNF2,SUZ12
RNF2,CPD
RNF2,EPAS1
RNF2,MAN1A
RNF2,MAN1A2
RNF2,SPNS2
RNF2,KHDC3
RNF2,EZH2
RNF2,CLTC
RNF2,WDR82
RNF2,RPP25
RNF2,MTF2
RNF2,P4HA2
RNF2,SPOCK1
RNF2,TFRC
RNF2,AEBP2
RNF2,BAZ1A
RNF2,FOXA2
RNF2,NOTUM
RNF2,COLGALT1
RNF2,HSF2BP
RNF2,CTDSPL
RNF2,ASPH
RNF2,GORASP2
RNF2,GALNT7
RNF2,ZIC2
RNF2,PHF19
RNF2,LAMB1
RNF2,ANO10
RNF2,MRAS
RNF2,KANSL3
RNF2,OBSL1
RNF2,RRN3
RNF2,WDR5
RNF2,AFF3
RNF2,DRAM1
RNF2,ZBTB44
RNF2,COMMD3
RNF2,RBMXL2
RNF2,OTX2
RNF2,STAG1
RNF2,SOX17
RNF2,ABHD5
RNF2,SELENOW
RNF2,ADAM10
RNF2,CLCN5
RNF2,FGF10
RNF2,NMNAT2
RNF2,ZFP428
RNF2,SEMA4C
RNF2,LAMP1
RNF2,TIMP2
RNF2,PXDN
RNF2,PDE4DIP
RNF2,NUP210
RNF2,ZYX
RNF2,P3H4
RNF2,POLE4
RNF2,SMARCAD1
RNF2,SMYD2
RNF2,SMARCC1
RNF2,TCF15
RNF2,DTX1
RNF2,SELENOS
RNF2,SH3PXD2B
RNF2,RIF1
RNF2,HS3ST1
RNF2,GTF3C1
RNF2,B2M
RNF2,SS18
RNF2,SRSF1
RNF2,GLDC
RNF2,AMFR
RNF2,ANK
RNF2,TENM4
RNF2,KDM4C
RNF2,ENOX1
RNF2,PLOD2
RNF2,HMGA1
RNF2,MAPKAPK2
RNF2,CD63
RNF2,CALM1
RNF2,FABP3
RNF2,PHC1
RNF2,ARHGEF5
RNF2,PARVA
RNF2,APEX1
RNF2,RXRA
RNF2,GATA6
RNF2,PTPN14
RNF2,STARD10
RNF2,HMGA1B
RNF2,PDK1
RNF2,SMAD3
RNF2,FBXW8
RNF2,DAB2
RNF2,UPP1
RNF2,ILK
RNF2,GNS
RNF2,BMP4
RNF2,BMPR2
RNF2,EVA1A
RNF2,PDCD6IP
RNF2,DNAJC10
RNF2,DDOST
RNF2,CAR2
RNF2,TMEM165
RNF2,USP28
RNF2,LMNB1
RNF2,KMT2D
RNF2,KLF4
RNF2,CDK8
RNF2,CARHSP1
RNF2,MAFK
RNF2,TCOF1
RNF2,RAB3IL1
RNF2,FAM114A1
RNF2,RBPJ
RNF2,DAP
RNF2,PTP4A1
RNF2,TBRG1
RNF2,KMT2C
RNF2,PPIB
RNF2,TCF12
RNF2,EP400
RNF2,SETX
RNF2,ARF4
RNF2,DCLK2
RNF2,GSN
RNF2,DNMT3B
RNF2,DNAJC3
RNF2,RASGRP2
RNF2,B4GALT1
RNF2,MARC2
RNF2,MBD3
RNF2,KDM2B
RNF2,SNX7
RNF2,SETDB1
RNF2,GATA4
RNF2,TXNDC5
RNF2,PRKAA2
RNF2,OAT
RNF2,GLI2
RNF2,KMT2B
RNF2,PDIA5
RNF2,GTF2B
RNF2,MSL2
RNF2,TBX3
RNF2,ARHGEF28
RNF2,BEND5
RNF2,STAT3
RNF2,CDC73
RNF2,PARP1
RNF2,NELFA
RNF2,SLC16A1
RNF2,GCNT1
RNF2,PATJ
RNF2,RER1
RNF2,DICER1
RNF2,HSPA4
RNF2,SOD1
RNF2,NPM1
RNF2,POFUT2
RNF2,KDELR3
RNF2,HDLBP
RNF2,ARPC2
RNF2,GSR
RNF2,MED26
RNF2,DDX21
RNF2,VAMP3
RNF2,CBX5
RNF2,F3
RNF2,DOCK5
RNF2,SETD7
RNF2,KAT5
RNF2,SLC25A4
RNF2,NFXL1
RNF2,TIMP3
RNF2,ETV4
RNF2,DPY30
RNF2,PHLDB2
RNF2,EDEM1
RNF2,DUSP6
RNF2,LAMA1
RNF2,ITGB1
RNF2,GGA2
RNF2,HSPG2
RNF2,PCOLCE2
RNF2,KDM1A
RNF2,KDM2A
RNF2,FBRSL1
RNF2,FGFR1
RNF2,GXYLT1
RNF2,BAG2
RNF2,DR1
RNF2,CHD7
RNF2,COTL1
RNF2,ZFP57
RNF2,DCTPP1
RNF2,CDK7
RNF2,RBPMS2
RNF2,NFYA
RNF2,NFYC
RNF2,CDC42SE2
RNF2,BNC2
RNF2,SERBP1
RNF2,SIRT6
RNF2,FOXH1
RNF2,ATF7IP
RNF2,MYC
RNF2,KLF2
RNF2,PDIA3
RNF2,MSH6
RNF2,ME1
RNF2,BRD2
RNF2,B4GALNT4
RNF2,CALR
RNF2,YY1
RNF2,ELL
RNF2,HIRIP3
RNF2,HEATR1
RNF2,CXXC1
RNF2,HSPB1
RNF2,CTSD
RNF2,SUPT16
RNF2,ALPL
RNF2,SMAD1
RNF2,PRDM15
RNF2,CPOX
RNF2,ERP29
RNF2,IKBIP
RNF2,APAF1
RNF2,TM9SF3
RNF2,CCDC88C
RNF2,UBA2
RNF2,DGCR8
RNF2,INO80
RNF2,BRD9
RNF2,DERL1
RNF2,RCOR1
RNF2,SMARCA4
RNF2,ARPC5
RNF2,BASP1
RNF2,MTA2
RNF2,QSOX1
RNF2,MED1
RNF2,BTAF1
RNF2,KDELR2
RNF2,MED23
RNF2,MPHOSPH8
RNF2,CTCF
RNF2,NSL1
RNF2,CTBP2
RNF2,FNDC3B
RNF2,MKRN1
RNF2,BSG
RNF2,TCF3
RNF2,CREBBP
RNF2,LRRC59
RNF2,NID1
RNF2,METTL3
RNF2,GNG10
RNF2,ARFGAP1
RNF2,EMP2
RNF2,TMED2
RNF2,RAB11A
RNF2,PRDX1
RNF2,GNB2
RNF2,KLF5
RNF2,GHR
RNF2,EIF2S2
RNF2,KDM5A
RNF2,TPM4
RNF2,BAZ1B
RNF2,ITGAV
RNF2,P4HA1
RNF2,FGFR4
RNF2,MBD2
RNF2,TMOD3
RNF2,E4F1
RNF2,FKBP5
RNF2,PIPOX
RNF2,SDCBP
RNF2,DMAP1
RNF2,HNRNPL
RNF2,APOBEC3
RNF2,SETD1A
RNF2,TMEM9B
RNF2,IMPDH2
RNF2,VAMP8
RNF2,MSH2
RNF2,FUT8
RNF2,RAD23B
RNF2,PTPN21
RNF2,NCOR1
RNF2,ELOB
RNF2,REEP5
RNF2,TDG
RNF2,DARS
RNF2,NCAPG
RNF2,RUVBL1
RNF2,SSR1
RNF2,XRCC5
RNF2,TAF3
RNF2,EPOP
RNF2,CBX3
RNF2,TEX264
RNF2,TCEA3
RNF2,RPN2
RNF2,NACC1
RNF2,ARID1A
RNF2,CALU
RNF2,GFPT2
RNF2,MCRS1
RNF2,NR5A2
RNF2,HSP90AB1
RNF2,NRF1
RNF2,SRSF2
RNF2,EED
RNF2,UTF1
RNF2,GMNN
RNF2,ARID3A
RNF2,RARA
RNF2,PCGF2
RNF2,COPG1
RNF2,MSL3
RNF2,SLC39A7
RNF2,SH3GLB1
RNF2,RAD21
RNF2,HSP90AA1
RNF2,P3H1
RNF2,LDLRAP1
RNF2,SPP1
RNF2,DTX3L
RNF2,DDB1
RNF2,AMPD2
RNF2,SEC24A
RNF2,RAF1
RNF2,ZFYVE21
RNF2,CTSZ
RNF2,CLN6
RNF2,TAX1BP3
RNF2,ZCCHC24
RNF2,ARHGAP1
RNF2,GNA12
RNF2,KDELC2
RNF2,TET2
RNF2,CREB3
RNF2,GLIPR2
RNF2,ZC3H11A
RNF2,SUMO2
RNF2,TYRO3
RNF2,YEATS4
RNF2,ZFP384
RNF2,GFPT1
RNF2,PARD6B
RNF2,ARFIP1
RNF2,FRS2
RNF2,GNAI3
RNF2,RBBP5
RNF2,H13
RNF2,TSPAN9
RNF2,SARAF
RNF2,ATP6V0E
RNF2,N4BP3
RNF2,RRAS2
RNF2,ZFP322A
RNF2,ASS1
RNF2,AP2A2
RNF2,CBFA2T2
RNF2,KRTCAP2
RNF2,AARS
RNF2,KAT6B
RNF2,VKORC1
RNF2,CKAP4
RNF2,DROSHA
RNF2,ARF1
RNF2,P4HB
RNF2,PSEN1
RNF2,TGIF2
RNF2,PLEKHF2
RNF2,MCAM
RNF2,CDC16
RNF2,RNF138
RNF2,THAP11
RNF2,CTSL
RNF2,SAP18
RNF2,BCLAF3
RNF2,ZFP281
RNF2,SSRP1
RNF2,TCL1
RNF2,ZBTB2
RNF2,IRF2BPL
RNF2,FLRT3
RNF2,CBX1
RNF2,ACBD3
RNF2,TNKS
RNF2,MPRIP
RNF2,DAXX
RNF2,MDN1
RNF2,HIRA
RNF2,MYBL2
RNF2,HDAC1
RNF2,TMEM144
RNF2,SRI
RNF2,RARG
RNF2,TMEM150A
RNF2,EP300
RNF2,TLE4
RNF2,PURB
RNF2,CDC5L
RNF2,FBXO22
RNF2,STT3A
RNF2,APPBP2
RNF2,PKNOX1
RNF2,RANBP17
RNF2,KLHDC3
RNF2,CMKLR1
RNF2,IGFBP2
RNF2,SEC24D
RNF2,MSL1
RNF2,STX3
RNF2,CST3
RNF2,TBP
RNF2,RTN3
RNF2,ACP6
RNF2,PHF5A
RNF2,GALK1
RNF2,MVB12B
RNF2,TGOLN1
RNF2,ARL8A
RNF2,RDM1
RNF2,SURF4
RNF2,TMEM30A
RNF2,GNPTAB
RNF2,UHRF1
RNF2,RPN1
RNF2,TMED10
RNF2,E2F1
RNF2,CEMIP
RNF2,OGT
RNF2,RRBP1
RNF2,SUPT5
RNF2,VSIR
RNF2,SET
RNF2,ETV5
RNF2,MOB3B
RNF2,RCC2
RNF2,COPB1
RNF2,MYDGF
RNF2,MYLPF
RNF2,RUVBL2
RNF2,PFKP
RNF2,POU5F1
RNF2,ZFP143
RNF2,FKBP9
RNF2,SELENON
RNF2,WDR11
RNF2,SMC3
RNF2,FGF4
RNF2,PLOD3
RNF2,CBX8
RNF2,PWP1
RNF2,NR0B1
RNF2,LRPAP1
RNF2,PNP
RNF2,PLA2G15
RNF2,E2F4
RNF2,CHD1
RNF2,ZFX
RNF2,ITGA6
RNF2,TMEM214
RNF2,SLC35F5
RNF2,GLO1
RNF2,NR4A1
RNF2,EFEMP2
RNF2,SSR3
RNF2,CERS4
RNF2,TPD52
RNF2,HIP1
RNF2,ERF
RNF2,TAF2
RNF2,NCOR2
RNF2,CDK9
RNF2,OSBP
RNF2,SAP30
RNF2,EXT2
RNF2,PTOV1
RNF2,GABARAP
RNF2,PDIA6
RNF2,FUT9
RNF2,RETREG1
RNF2,GOT1
RNF2,BRD4
RNF2,NCAPH2
RNF2,LMF2
RNF2,MAP1A
RNF2,LAMC1
RNF2,KAT8
RNF2,SEC23A
RNF2,RAB2A
RNF2,NFYB
RNF2,PAFAH1B3
RNF2,RFFL
RNF2,TCN2
RNF2,SIK1
RNF2,AKT1
RNF2,ETV1
RNF2,HTATSF1
RNF2,SEC11A
RNF2,TXNDC12
RNF2,TFE3
RNF2,TALDO1
RNF2,XPNPEP1
RNF2,TRP53
RNF2,ZFP217
RNF2,ADAM19
RNF2,CREB3L2
RNF2,ATP6V0A1
RNF2,SORD
RNF2,LY75
RNF2,MYCN
RNF2,MOV10
RNF2,ITPK1
RNF2,ANXA4
RNF2,SUMO1
RNF2,ZFP710
RNF2,SUPT6
RNF2,HDAC3
RNF2,GABBR1
RNF2,NONO
RNF2,STAG2
RNF2,PHRF1
RNF2,ACTL6A
RNF2,MYH9
RNF2,KRT8
RNF2,OSTC
RNF2,SLC7A3
RNF2,MAX
RNF2,RBBP7
RNF2,SRGN
RNF2,CNOT3
RNF2,AGPAT4
RNF2,MCM2
RNF2,EHMT2
RNF2,SLC39A1
RNF2,REST
RNF2,MED12
RNF2,LTBP4
RNF2,TTC39B
RNF2,SOX2
RNF2,SNX2
RNF2,UBTF
RNF2,NCAPD3
RNF2,JARID2
RNF2,FZD5
RNF2,USP7
RNF2,KDM4A
RNF2,ELL2
RNF2,WDR46
RNF2,SOAT1
RNF2,CBX7
RNF2,PITPNC1
RNF2,LPAR2
RNF2,NIPBL
RNF2,HAP1
RNF2,ZFP42
RNF2,FBLIM1
RNF2,MYMX
RNF2,JAM2
RNF2,OPLAH
RNF2,NAA10
RNF2,TGIF1
RNF2,ANP32A
RNF2,SSR4
RNF2,ALDH2
RNF2,LGALS3
RNF2,XBP1
RNF2,NIPSNAP1
RNF2,PRDX4
RNF2,GGTA1
RNF2,PLAT
RNF2,FN1
RNF2,GCNT2
RNF2,ILDR1
RNF2,TMBIM6
RNF2,KDELR1
RNF2,CHCHD10
RNF2,SELENOM
RNF2,IER2
RNF2,KCTD10
RNF2,ZFP819
RNF2,HCFC1
RNF2,LRRC34
RNF2,SERPING1
RNF2,COBL
RNF2,DUSP9
RNF2,TDH
RNF2,TRH
RNF2,LEO1
RNF2,NASP
RNF2,TUBB2B
RNF2,CRYAB
RNF2,SIN3A
RNF2,ALG13
RNF2,ATRX
RNF2,LAMB2
RNF2,ZFP532
RNF2,CCND1
RNF2,FAM129B
RNF2,UBQLN2
RNF2,ADAM23
RNF2,CHD4
RNF2,GSTA4
RNF2,SLC15A1
RNF2,EPHA1
RNF2,BAZ2A
RNF2,ZMYND8
RNF2,GDF3
RNF2,L1TD1
RNF2,TET1
RNF2,FGD1
RNF2,2410141K09RIK
RNF2,TFCP2L1
RNF2,PML
RNF2,GLI1
RNF2,PCOLCE
RNF2,2200002D01RIK
RNF2,FXYD6
RNF2,SERPINH1
RNF2,COL18A1
RNF2,KRT42
RNF2,ZFP459
RNF2,SHF
RNF2,ARF5
RNF2,ELL3
RNF2,ST5
RNF2,NANOG
RNF2,DPPA4
RXRA,PDGFRA
RXRA,RDM1
RXRA,GORASP2
RXRA,ADNP
RXRA,RAF1
RXRA,ZCCHC24
RXRA,CALU
RXRA,DAB2
RXRA,ACP6
RXRA,RRN3
RXRA,PRKCE
RXRA,COLGALT1
RXRA,ZBTB44
RXRA,MORC3
RXRA,ADGRA2
RXRA,SMARCA5
RXRA,TDG
RXRA,SETDB1
RXRA,NFYC
RXRA,SPARC
RXRA,IER2
RXRA,P4HB
RXRA,IFITM2
RXRA,ERP29
RXRA,TET3
RXRA,GHR
RXRA,FBXO22
RXRA,CDC16
RXRA,FRMD4A
RXRA,MBD2
RXRA,SRSF2
RXRA,PARVA
RXRA,GNA12
RXRA,FAM114A1
RXRA,TMBIM6
RXRA,DTX3L
RXRA,UBA2
RXRA,KDM2A
RXRA,MYMX
RXRA,YY1
RXRA,JUN
RXRA,SMARCA4
RXRA,GXYLT1
RXRA,CTSD
RXRA,PRDM14
RXRA,PCBD1
RXRA,FKBP9
RXRA,NIPBL
RXRA,GLO1
RXRA,CBX1
RXRA,FKBP5
RXRA,PDIA5
RXRA,GFPT1
RXRA,SEC11A
RXRA,KRT17
RXRA,RAB2A
RXRA,MYDGF
RXRA,DAP
RXRA,STARD10
RXRA,GFPT2
RXRA,L3MBTL3
RXRA,TFCP2L1
RXRA,ARPC2
RXRA,TUBB2B
RXRA,SUPT6
RXRA,SLC39A8
RXRA,OBSL1
RXRA,CMKLR1
RXRA,GNPTAB
RXRA,CBX7
RXRA,SDCBP
RXRA,FUT8
RXRA,ALPL
RXRA,ZFP532
RXRA,NRF1
RXRA,ZFP57
RXRA,ETV4
RXRA,P4HA2
RXRA,GCNT1
RXRA,MPRIP
RXRA,PDE4DIP
RXRA,LRRC2
RXRA,TIMP3
RXRA,HSPG2
RXRA,CDH6
RXRA,ZFP42
RXRA,TDGF1
RXRA,2410141K09RIK
RXRA,ZFP990
RXRA,ZFP979
RYBP,CLTC
RYBP,GNB2
RYBP,HDAC2
RYBP,OGT
RYBP,KMT2D
RYBP,MTF2
RYBP,LRRC58
RYBP,RAP1GDS1
RYBP,SMAD2
RYBP,GNAS
RYBP,TMED3
RYBP,MAN1A2
RYBP,RPP25
RYBP,SMARCA5
RYBP,MORC3
RYBP,TRIM28
RYBP,SUZ12
RYBP,SFRP1
RYBP,ADNP
RYBP,GLDC
RYBP,WDR82
RYBP,MFSD1
RYBP,COBLL1
RYBP,ASPH
RYBP,USP16
RYBP,SS18
RYBP,SLC7A6
RYBP,TMEM165
RYBP,NOTUM
RYBP,CALM1
RYBP,GPC6
RYBP,P3H4
RYBP,HSF2BP
RYBP,TCOF1
RYBP,MAN1A
RYBP,COTL1
RYBP,RBMXL2
RYBP,SRSF1
RYBP,ARHGAP29
RYBP,KDM5A
RYBP,COL4A2
RYBP,COL4A1
RYBP,FKBP5
RYBP,BASP1
RYBP,TCF12
RYBP,DOCK5
RYBP,TXNDC5
RYBP,DNAJC3
RYBP,LAMB1
RYBP,FUT8
RYBP,APP
RYBP,SMARCC1
RYBP,MAPK8
RYBP,GABARAP
RYBP,JUN
RYBP,APEX1
RYBP,GTF3C1
RYBP,CHST15
RYBP,NCAPG
RYBP,PARP1
RYBP,B4GALT1
SALL4,NR5A2
SALL4,CBX5
SALL4,RDM1
SALL4,MTF2
SALL4,KMT2C
SALL4,CTCF
SALL4,GSR
SALL4,TPD52
SALL4,CLTC
SALL4,SPP1
SALL4,RBPJ
SALL4,PHC1
SALL4,MYLPF
SALL4,RIF1
SALL4,UPP1
SALL4,2410141K09RIK
SALL4,ACP6
SALL4,AEBP2
SALL4,SFRP1
SALL4,NANOG
SALL4,ZFP57
SALL4,TSPAN9
SALL4,MSH6
SALL4,ETV1
SALL4,PIPOX
SALL4,LRRC34
SALL4,MKRN1
SALL4,LY75
SALL4,TEX264
SALL4,SLC7A3
SALL4,TUBB2B
SALL4,ZMYND8
SALL4,GSTA4
SALL4,OTX2
SALL4,LRPAP1
SALL4,TCEA3
SALL4,ZFP979
SALL4,MED1
SAP18,NELFA
SAP18,SLC35F5
SAP18,PURB
SAP18,CTCF
SAP18,MDN1
SAP18,NCAPH2
SAP18,LMF2
SAP18,PWP1
SAP18,TBP
SAP18,KMT2B
SAP18,PHF5A
SAP18,SMARCAD1
SAP18,HTATSF1
SETD1A,CBX3
SETD1A,KAT8
SETD1A,NACC1
SETD1A,DDOST
SETD1A,EP400
SETD1A,GABARAP
SETD1A,DICER1
SETD1A,FBXW8
SETD1A,PHRF1
SETD1A,HTATSF1
SETD1A,YEATS4
SETD1A,TAF3
SETD1A,RBBP5
SETD1A,NELFA
SETD1A,CXXC1
SETD1A,MED1
SETD1A,MED23
SETD1A,ACTL6A
SETD1A,CDC16
SETD1A,SUPT5
SETD1A,RER1
SETD1A,MCRS1
SETD1A,DAXX
SETD1A,SMARCA5
SETD1A,TNKS
SETD1A,RPN2
SETD1A,WDR5
SETD1A,MYDGF
SETD1A,HSPA4
SETD1A,E2F4
SETD1A,SMC3
SETD1A,INO80
SETD1A,COPB1
SETD1A,TAX1BP3
SETD1A,LAMP1
SETD1A,RAF1
SETD1A,GORASP2
SETD1A,DERL1
SETD1A,FRS2
SETD1A,HDAC2
SETD1A,SLC39A7
SETD1A,CTCF
SETD1A,TMED2
SETD1A,SS18
SETD1A,KDELR2
SETD1A,LRRC59
SETD1A,NSL1
SETD1A,ARF1
SETD1A,PDCD6IP
SETD1A,CNOT3
SETD1A,PHF5A
SETD1A,LEO1
SETD1A,PTOV1
SETD1A,NFYC
SETD1A,DARS
SETD1A,CDC5L
SETD1A,RAD21
SETD1A,DMAP1
SETD1A,MORC3
SETD1A,KDM5A
SETD1A,HSP90AA1
SETD1A,MBD3
SETD1A,COLGALT1
SETD1A,PPIB
SETD1A,SAP18
SETD1A,DGCR8
SETD1A,ARHGAP1
SETD1A,ERP29
SETD1A,PAF1
SETD1A,BRD9
SETD1A,PURB
SETD1A,SSR1
SETD1A,FBXO22
SETD1A,ACBD3
SETD1A,YY1
SETD1A,SMARCA4
SETD1A,SIRT6
SETD1A,KANSL3
SETD1A,EED
SETD1A,KAT5
SETD1A,STT3A
SETD1A,RAD23B
SETD1A,POLE4
SETD1A,E4F1
SETD1A,SSRP1
SETD1A,DPF2
SETD1A,NCAPH2
SETD1A,LMF2
SETD1A,CHMP4B
SETD1A,HIRA
SETD1A,EIF2S2
SETD1A,POFUT2
SETD1A,BTAF1
SETD1A,GTF2B
SETD1A,KCTD10
SETD1A,USP16
SETD1A,PAFAH1B3
SETD1A,SMARCAD1
SETD1A,CALR
SETD1A,P4HA1
SETD1A,TMED10
SETD1A,TMED9
SETD1A,APPBP2
SETD1A,TCF3
SETD1A,DDB1
SETD1A,BRD4
SETD1A,TDG
SETD1A,TBP
SETD1A,XPNPEP1
SETD1A,VAMP3
SETD1A,SRSF1
SETD1A,MED26
SETD1A,GTF3C1
SETD1A,NPM1
SETD1A,HSP90AB1
SETD1A,DR1
SETD1A,KMT2D
SETD1A,CDK9
SETD1A,PTPN21
SETD1A,HNRNPL
SETD1A,UBA2
SETD1A,PRDX1
SETD1A,ELOB
SETD1A,MBD2
SETD1A,SETDB1
SETD1A,OSTC
SETD1A,CLTC
SETD1A,TGOLN1
SETD1A,ZBTB2
SETD1A,WDR11
SETD1A,PWP1
SETD1A,RIF1
SETD1A,NASP
SETD1A,KDM4C
SETD1A,CBX1
SETD1A,SEC24A
SETD1A,ARPC2
SETD1A,COPG1
SETD1A,SLC25A4
SETD1A,TRIM28
SETD1A,SURF4
SETD1A,GNB2
SETD1A,FBRSL1
SETD1A,HDLBP
SETD1A,CBX5
SETD1A,COPA
SETD1A,CDK7
SETD1A,ZFP384
SETD1A,HEATR1
SETD1A,SRSF2
SETD1A,ARF4
SETD1A,ARFIP1
SETD1A,CDK8
SETD1A,RNF138
SETD1A,SUMO2
SETD1A,CTR9
SETD1A,SUMO1
SETD1A,SELENOW
SETD1A,SARAF
SETD1A,KDM1A
SETD1A,MTA2
SETD1A,SUPT16
SETD1A,WDR82
SETD1A,DDX21
SETD1A,MSH6
SETD1A,SOD1
SETD1A,RRN3
SETD1A,AP2A2
SETD1A,SETX
SETD1A,AEBP2
SETD1A,TM9SF3
SETD1A,NRF1
SETD1A,ARFGAP1
SETD1A,RUVBL1
SETD1A,PRDM15
SETD1A,ZFP143
SETD1A,TRAM1
SETD1A,MKRN1
SETD1A,SUZ12
SETD1A,TMEM59
SETD1A,HAP1
SETD1A,ATP6V0A1
SETD1A,ILK
SETD1A,GXYLT1
SETD1A,SH3GLB1
SETD1A,TMEM214
SETD1A,NCAPG
SETD1A,PDIA6
SETD1A,ADNP
SETD1A,ARPC5
SETD1A,TMEM165
SETD1A,SMARCC1
SETD1A,PLOD3
SETD1A,P4HB
SETD1A,TMEM30A
SETD1A,TAF2
SETD1A,NFYA
SETD1A,AMFR
SETD1A,EXT2
SETD1A,BAZ1B
SETD1A,GNAI3
SETD1A,ZFP42
SETD1A,PKNOX1
SETD1A,CREB3
SETD1A,MAPK8
SETD1A,OSBP
SETD1A,ITGB1
SETD1A,HDAC1
SETD1A,TMBIM6
SETD1A,SEC11A
SETD1A,PSEN1
SETD1A,SSR4
SETD1A,GFPT1
SETD1A,GALNT7
SETD1A,RAB2A
SETD1A,DPY30
SETD1A,SUPT6
SETD1A,ASPH
SETD1A,ABHD5
SETD1A,TRP53
SETD1A,RPN1
SETD1A,SSR3
SETD1A,ELL
SETD1A,RTN3
SETD1A,RNF2
SETD1A,KMT2B
SETD1A,BSG
SETD1A,LRRC58
SETD1A,CDC73
SETD1A,CDC42SE2
SETD1A,DAP
SETD1A,KLHDC3
SETD1A,AARS
SETD1A,DROSHA
SETD1A,XRCC5
SETD1A,CHD1
SETD1A,CTSD
SETD1A,SERBP1
SETD1A,TMED3
SETD1A,ZBTB44
SETD1A,DNAJC10
SETD1A,SMAD1
SETD1A,GLO1
SETD1A,PLA2G15
SETD1A,SNX2
SETD1A,METTL3
SETD1A,PDIA5
SETD1A,MARC2
SETD1A,GMNN
SETD1A,MYCN
SETD1A,RAB11A
SETD1A,FUT8
SETD1A,PARP1
SETD1A,ZFP281
SETD1A,IMPDH2
SETD1A,GNAS
SETD1A,ZFP428
SETD1A,MAPKAPK2
SETD1A,RUVBL2
SETD1A,MAP1A
SETD1A,MTF2
SETD1A,THAP11
SETD1A,TFRC
SETD1A,FNDC3B
SETD1A,ZFP322A
SETD1A,H13
SETD1A,SLC16A1
SETD1A,GGA2
SETD1A,P3H4
SETD1A,KLF2
SETD1A,MSL2
SETD1A,MMGT1
SETD1A,ZC3H11A
SETD1A,NFXL1
SETD1A,MPHOSPH8
SETD1A,SMAD2
SETD1A,RFFL
SETD1A,CALU
SETD1A,CPD
SETD1A,MPRIP
SETD1A,MDN1
SETD1A,PTP4A1
SETD1A,SET
SETD1A,NUP210
SETD1A,SDCBP
SETD1A,LMNB1
SETD1A,TALDO1
SETD1A,WDR46
SETD1A,CREBBP
SETD1A,PDIA3
SETD1A,ATP6V0E
SETD1A,ADAM10
SETD1A,RRBP1
SETD1A,DCTPP1
SETD1A,EDEM1
SETD1A,KRTCAP2
SETD1A,CBFA2T2
SETD1A,STAG1
SETD1A,RANBP17
SETD1A,HEXIM1
SETD1A,E2F1
SETD1A,SMC1A
SETD1A,SLC7A6
SETD1A,HSF2BP
SETD1A,KDM2B
SETD1A,CALM1
SETD1A,NIPBL
SETD1A,CBX2
SETD1A,EZH2
SETD1A,PDK1
SETD1A,TMOD3
SETD1A,NIPSNAP1
SETD1A,BRD2
SETD1A,2410141K09RIK
SETD1A,RBPJ
SETD1A,LAMC1
SETD1A,GNS
SETD1A,LPAR2
SETD1A,TCOF1
SETD1A,SRI
SETD1A,NCAPD3
SETD1A,ARID3A
SETD1A,EP300
SETD1A,ARID1A
SETD1A,PHLDB2
SETD1A,KMT2C
SETD1A,GOT1
SETD1A,RYBP
SETD1A,NFYB
SETD1A,ZFX
SETD1A,KDM2A
SETD1A,GSR
SETD1A,USP7
SETD1A,MAFK
SETD1A,ZFYVE21
SETD1A,SIK1
SETD1A,ARL8A
SETD1A,SLC35F5
SETD1A,TGIF2
SETD1A,MAX
SETD1A,PLEKHF2
SETD1A,STX3
SETD1A,CD63
SETD1A,TMEM150A
SETD1A,GALK1
SETD1A,TEX264
SETD1A,GNPTAB
SETD1A,COTL1
SETD1A,SELENOS
SETD1A,QSOX1
SETD1A,SEC23A
SETD1A,TBRG1
SETD1A,NCOR2
SETD1A,RARA
SETD1A,PARD6B
SETD1A,TXNDC12
SETD1A,FKBP5
SETD1A,TMEM9B
SETD1A,KAT6B
SETD1A,FGFR1
SETD1A,RRAS2
SETD1A,KDELR1
SETD1A,MYL6
SETD1A,UBTF
SETD1A,TCF12
SETD1A,HIRIP3
SETD1A,ALG13
SETD1A,CTSL
SETD1A,LDLRAP1
SETD1A,ZFP217
SETD1A,ADGRA2
SETD1A,UTP14A
SETD1A,P3H1
SETD1A,CLN6
SETD1A,ELL2
SETD1A,DNMT3B
SETD1A,USP28
SETD1A,NCOR1
SETD1A,CHD4
SETD1A,MYBL2
SETD1A,FKBP9
SETD1A,MSH2
SETD1A,MYH9
SETD1A,CCDC88C
SETD1A,IKBIP
SETD1A,APAF1
SETD1A,SPNS2
SETD1A,SOAT1
SETD1A,ALPL
SETD1A,APEX1
SETD1A,B4GALT1
SETD1A,ASS1
SETD1A,XBP1
SETD1A,HCFC1
SETD1A,GABBR1
SETD1A,SAP30
SETD1A,CPOX
SETD1A,EPOP
SETD1A,TXNDC5
SETD1A,RBMXL2
SETD1A,TET3
SETD1A,NONO
SETD1A,DNAJC3
SETD1A,KDM4A
SETD1A,CST3
SETD1A,RCC2
SETD1A,OAT
SETD1A,PATJ
SETD1A,BCLAF3
SETD1A,ANXA4
SETD1A,TTC39B
SETD1A,ARF5
SETD1A,MSL1
SETD1A,MEN1
SETD1A,MFSD1
SETD1A,KDELC2
SETD1A,PLOD2
SETD1A,ZYX
SETD1A,SMYD2
SETD1A,RBBP7
SETD1A,STAT3
SETD1A,TSPAN9
SETD1A,ETV4
SETD1A,MAN1A2
SETD1A,REST
SETD1A,PTPN14
SETD1A,LAMA1
SETD1A,ANP32A
SETD1A,FBLIM1
SETD1A,GLIPR2
SETD1A,REEP5
SETD1A,CBX7
SETD1A,HIP1
SETD1A,OPLAH
SETD1A,MED12
SETD1A,IER2
SETD1A,KDM5B
SETD1A,ANO10
SETD1A,PNP
SETD1A,LTBP4
SETD1A,GLMP
SETD1A,BAG2
SETD1A,ZCCHC24
SETD1A,RAP1GDS1
SETD1A,EFEMP2
SETD1A,RCOR1
SETD1A,LRPAP1
SETD1A,SHF
SETD1A,SEC24D
SETD1A,HDAC3
SETD1A,N4BP3
SETD1A,P4HA2
SETD1A,UBQLN2
SETD1A,ITPK1
SETD1A,CBX8
SETD1A,RAB3IL1
SETD1A,TFE3
SETD1A,CEMIP
SETD1A,BMPR2
SETD1A,FZD5
SETD1A,COMMD3
SETD1A,B4GALNT4
SETD1A,MYLPF
SETD1A,PRKAA2
SETD1A,GDPD5
SETD1A,TPM4
SETD1A,ADAM23
SETD1A,SPOCK1
SETD1A,TIMP2
SETD1A,MAN1A
SETD1A,KDELR3
SETD1A,LY75
SETD1A,GNA12
SETD1A,TFCP2L1
SETD1A,UHRF1
SETD1A,SLC39A1
SETD1A,ITGAV
SETD1A,SNX7
SETD1A,VKORC1
SETD1A,ACP6
SETD1A,SEMA4C
SETD1A,HELB
SETD1A,APP
SETD1A,ENOX1
SETD1A,ITGA6
SETD1A,HMGA1B
SETD1A,HMGA1
SETD1A,VSIR
SETD1A,JARID2
SETD1A,NR4A1
SETD1A,EPAS1
SETD1A,FHDC1
SETD1A,STARD10
SETD1A,DCLK2
SETD1A,ZFHX3
SETD1A,AMPD2
SETD1A,ARHGAP29
SETD1A,FN1
SETD1A,KLF4
SETD1A,NUCB1
SETD1A,SIN3A
SETD1A,DKC1
SETD1A,FLRT3
SETD1A,IRF2BPL
SETD1A,PHC1
SETD1A,RXRA
SETD1A,OGT
SETD1A,CTSZ
SETD1A,CAR2
SETD1A,GSN
SETD1A,MSL3
SETD1A,SELENOM
SETD1A,TPD52
SETD1A,TET2
SETD1A,RPP25
SETD1A,CKAP4
SETD1A,FGD1
SETD1A,HSPG2
SETD1A,CLCN5
SETD1A,NAA10
SETD1A,HSPB1
SETD1A,CREB3L2
SETD1A,ADAM19
SETD1A,FGFR4
SETD1A,CARHSP1
SETD1A,ETV5
SETD1A,CTDSPL
SETD1A,BMP1
SETD1A,GNG10
SETD1A,COL4A2
SETD1A,COL4A1
SETD1A,TYRO3
SETD1A,STAG2
SETD1A,ST5
SETD1A,PRDX4
SETD1A,TBX3
SETD1A,ANK
SETD1A,KLF5
SETD1A,SETD7
SETD1A,SERPINH1
SETD1A,TGFBR3
SETD1A,EHMT2
SETD1A,TCN2
SETD1A,MVB12B
SETD1A,SFRP1
SETD1A,CHCHD10
SETD1A,GLI2
SETD1A,FAM114A1
SETD1A,IFITM2
SETD1A,NID1
SETD1A,GCNT1
SETD1A,RDM1
SETD1A,F3
SETD1A,ERF
SETD1A,ATRX
SETD1A,APOBEC3
SETD1A,PFKP
SETD1A,ELL3
SETD1A,KRT8
SETD1A,KDM6A
SETD1A,TAF1
SETD1A,GATA4
SETD1A,ATF7IP
SETD1A,TLE4
SETD1A,FABP3
SETD1A,ALDH2
SETD1A,PRSS35
SETD1A,MOB3B
SETD1A,MYMX
SETD1A,BASP1
SETD1A,PHF19
SETD1A,PXDN
SETD1A,SELENON
SETD1A,CHD7
SETD1A,GLDC
SETD1A,DTX3L
SETD1A,BMI1
SETD1A,DUSP6
SETD1A,CERS4
SETD1A,DRAM1
SETD1A,PLAT
SETD1A,MBNL2
SETD1A,EMP2
SETD1A,CMKLR1
SETD1A,TCF15
SETD1A,MCAM
SETD1A,GGTA1
SETD1A,LRP2
SETD1A,MCM2
SETD1A,ZFP57
SETD1A,PCOLCE2
SETD1A,IFITM1
SETD1A,FAM129B
SETD1A,GFPT2
SETD1A,VAMP8
SETD1A,TMEM144
SETD1A,LAMB2
SETD1A,ARHGEF28
SETD1A,GPX3
SETD1A,IFI30
SETD1A,SH3PXD2B
SETD1A,PDGFRA
SETD1A,DOCK5
SETD1A,L3MBTL3
SETD1A,ZIC2
SETD1A,DUSP9
SETD1A,ZIC3
SETD1A,COBL
SETD1A,SLC9A6
SETD1A,SNURF
SETD1A,SNRPN
SETD1A,PIPOX
SETD1A,GPC6
SETD1A,GLI1
SETD1A,COL18A1
SETD1A,LRRC34
SETD1A,SERPING1
SETD1A,ILDR1
SETD1A,RBPMS2
SETD1A,CDH6
SETD1A,BEND5
SETD1A,UTF1
SETD1A,TRH
SETD1A,EPHA1
SETD1A,PCGF2
SETD1A,GCNT2
SETDB1,SH3GLB1
SETDB1,TRP53
SETDB1,SMARCA5
SETDB1,IKBIP
SETDB1,APAF1
SETDB1,HDAC2
SETDB1,STAG1
SETDB1,NANOG
SETDB1,H13
SETDB1,KDELR1
SETDB1,SNURF
SETDB1,SNRPN
SETDB1,ZFHX3
SETDB1,TBX3
SETDB1,ST5
SETDB1,MAFK
SETDB1,CBX8
SETDB1,ZIC2
SETDB1,LAMA1
SETDB1,ZYX
SETDB1,TMED3
SETDB1,TMED9
SETDB1,RBMXL2
SIN3A,NSL1
SIN3A,COLGALT1
SIN3A,HEATR1
SIN3A,LAMP1
SIN3A,MFSD1
SIN3A,POFUT2
SIN3A,UHRF1
SIN3A,STAT3
SIN3A,MDN1
SIN3A,MYBL2
SIN3A,KDM5B
SIN3A,RBBP5
SIN3A,FBXW8
SIN3A,TAF3
SIN3A,RER1
SIN3A,KANSL3
SIN3A,KMT2D
SIN3A,LRRC59
SIN3A,DDOST
SIN3A,MED23
SIN3A,ARHGAP1
SIN3A,CDK7
SIN3A,GTF2B
SIN3A,PTPN21
SIN3A,BRD9
SIN3A,KMT2C
SIN3A,CLTC
SIN3A,DDX21
SIN3A,NCAPG
SIN3A,SRSF2
SIN3A,WDR46
SIN3A,CHMP4B
SIN3A,OSTC
SIN3A,GNS
SIN3A,GORASP2
SIN3A,INO80
SIN3A,SAP30
SIN3A,TMEM150A
SIN3A,GNB2
SIN3A,GSN
SIN3A,KDM4C
SIN3A,OSBP
SIN3A,RUVBL2
SIN3A,SEC24A
SIN3A,SMC3
SIN3A,ADNP
SIN3A,TCOF1
SIN3A,RUVBL1
SIN3A,TBP
SIN3A,USP16
SIN3A,TMED2
SIN3A,KDELR2
SIN3A,TMEM9B
SIN3A,RPN2
SIN3A,KDM5A
SIN3A,PRDX1
SIN3A,ATP6V0E
SIN3A,ARID3A
SIN3A,APEX1
SIN3A,SELENOS
SIN3A,GLMP
SIN3A,TFRC
SIN3A,DDB1
SIN3A,PRDM15
SIN3A,CALR
SIN3A,CALM1
SIN3A,NELFA
SIN3A,MTF2
SIN3A,EP400
SIN3A,STT3A
SIN3A,ILK
SIN3A,ZFP384
SIN3A,ARID1A
SIN3A,TMOD3
SIN3A,PARP1
SIN3A,COPA
SIN3A,XBP1
SIN3A,BAZ1B
SIN3A,RAF1
SIN3A,H13
SIN3A,DCTPP1
SIN3A,CDC16
SIN3A,ACBD3
SIN3A,TAF2
SIN3A,PDIA3
SIN3A,PHF5A
SIN3A,DERL1
SIN3A,GABARAP
SIN3A,SMARCAD1
SIN3A,RPN1
SIN3A,POLE4
SIN3A,RRN3
SIN3A,E2F1
SIN3A,NACC1
SIN3A,GTF3C1
SIN3A,E2F4
SIN3A,SARAF
SIN3A,PLOD3
SIN3A,SETDB1
SIN3A,COPG1
SIN3A,LMNB1
SIN3A,VAMP3
SIN3A,PWP1
SIN3A,VKORC1
SIN3A,DARS
SIN3A,CPOX
SIN3A,NPM1
SIN3A,CDK8
SIN3A,NASP
SIN3A,SH3GLB1
SIN3A,COPB1
SIN3A,DMAP1
SIN3A,SRSF1
SIN3A,CPD
SIN3A,IMPDH2
SIN3A,CTR9
SIN3A,ARL8A
SIN3A,MAP1A
SIN3A,WDR5
SIN3A,TCN2
SIN3A,XPNPEP1
SIN3A,CDK9
SIN3A,EDEM1
SIN3A,SLC35F5
SIN3A,PPIB
SIN3A,MAX
SIN3A,DGCR8
SIN3A,SMARCC1
SIN3A,PAF1
SIN3A,PDIA6
SIN3A,TMEM30A
SIN3A,CBX5
SIN3A,ARFIP1
SIN3A,SEMA4C
SIN3A,NCAPD3
SIN3A,SUPT16
SIN3A,XRCC5
SIN3A,REST
SIN3A,AMFR
SIN3A,CTSD
SIN3A,TCF3
SIN3A,HDLBP
SIN3A,HSP90AB1
SIN3A,PAFAH1B3
SIN3A,TMEM214
SIN3A,ZC3H11A
SIN3A,GNAI3
SIN3A,HSP90AA1
SIN3A,PDK1
SIN3A,NFXL1
SIN3A,GALNT7
SIN3A,DROSHA
SIN3A,MAFK
SIN3A,HNRNPL
SIN3A,ARFGAP1
SIN3A,LAMC1
SIN3A,SEC11A
SIN3A,PDCD6IP
SIN3A,ZFP143
SIN3A,ERF
SIN3A,PHRF1
SIN3A,GALK1
SIN3A,BTAF1
SIN3A,SSRP1
SIN3A,YY1
SIN3A,METTL3
SIN3A,ZFYVE21
SIN3A,UBA2
SIN3A,SETX
SIN3A,TAX1BP3
SIN3A,TNKS
SIN3A,TCF12
SIN3A,RDM1
SIN3A,PLA2G15
SIN3A,TBRG1
SIN3A,SIK1
SIN3A,TRP53
SIN3A,KRTCAP2
SIN3A,APPBP2
SIN3A,RBPJ
SIN3A,TGOLN1
SIN3A,MYDGF
SIN3A,DPY30
SIN3A,CALU
SIN3A,MORC3
SIN3A,MARC2
SIN3A,SUPT5
SIN3A,IKBIP
SIN3A,APAF1
SIN3A,MCRS1
SIN3A,CREB3
SIN3A,MAPKAPK2
SIN3A,CXXC1
SIN3A,CDC42SE2
SIN3A,SOD1
SIN3A,PSEN1
SIN3A,TALDO1
SIN3A,TMED9
SIN3A,SMARCA5
SIN3A,E4F1
SIN3A,AKT1
SIN3A,YEATS4
SIN3A,MYLPF
SIN3A,ATP6V0A1
SIN3A,RNF138
SIN3A,SIRT6
SIN3A,RAB2A
SIN3A,ACTL6A
SIN3A,TMEM59
SIN3A,GFPT1
SIN3A,P4HB
SIN3A,MED26
SIN3A,WDR11
SIN3A,MSH2
SIN3A,ERP29
SIN3A,REEP5
SIN3A,RCC2
SIN3A,EIF2S2
SIN3A,N4BP3
SIN3A,TMEM165
SIN3A,RAP1GDS1
SIN3A,SELENOW
SIN3A,P4HA1
SIN3A,GOT1
SIN3A,HIRA
SIN3A,GMNN
SIN3A,SMAD1
SIN3A,SUPT6
SIN3A,MCM2
SIN3A,SS18
SIN3A,PHC1
SIN3A,SLC7A6
SIN3A,FBXO22
SIN3A,TET3
SIN3A,FRS2
SIN3A,NCAPH2
SIN3A,LMF2
SIN3A,TET2
SIN3A,ARPC5
SIN3A,2410141K09RIK
SIN3A,GGA2
SIN3A,TMED10
SIN3A,TGIF2
SIN3A,ACP6
SIN3A,PURB
SIN3A,GXYLT1
SIN3A,MPRIP
SIN3A,SSR1
SIN3A,MMGT1
SIN3A,SMARCA4
SIN3A,GSR
SIN3A,MED1
SIN3A,CHD1
SIN3A,CREBBP
SIN3A,KDM1A
SIN3A,SERBP1
SIN3A,CDC5L
SIN3A,MPHOSPH8
SIN3A,TXNDC5
SIN3A,SETD1A
SIN3A,SURF4
SIN3A,ITGB1
SIN3A,GLO1
SIN3A,CTCF
SIN3A,CARHSP1
SIN3A,SMC1A
SIN3A,PTOV1
SIN3A,ASPH
SIN3A,ADAM10
SIN3A,HIRIP3
SIN3A,SMARCA2
SIN3A,IER2
SIN3A,SEC23A
SIN3A,NUCB1
SIN3A,MEN1
SIN3A,DR1
SIN3A,ARF4
SIN3A,JARID2
SIN3A,HSPA4
SIN3A,USP28
SIN3A,CCDC88C
SIN3A,OAT
SIN3A,TMED3
SIN3A,MSH6
SIN3A,GNAS
SIN3A,ASS1
SIN3A,RTN3
SIN3A,PITPNC1
SIN3A,PTP4A1
SIN3A,PKNOX1
SIN3A,TMBIM6
SIN3A,SLC39A1
SIN3A,CBX1
SIN3A,CBX2
SIN3A,RARA
SIN3A,AMPD2
SIN3A,EZH2
SIN3A,CNOT3
SIN3A,SAP18
SIN3A,WDR82
SIN3A,MBD3
SIN3A,RIF1
SIN3A,DNAJC3
SIN3A,TDG
SIN3A,RAD23B
SIN3A,CST3
SIN3A,RAB11A
SIN3A,AARS
SIN3A,ZFP281
SIN3A,MSL3
SIN3A,HEXIM1
SIN3A,SLC39A7
SIN3A,PNP
SIN3A,SUZ12
SIN3A,EP300
SIN3A,EED
SIN3A,SET
SIN3A,DAP
SIN3A,ARF1
SIN3A,NFYB
SIN3A,SUMO1
SIN3A,CTBP2
SIN3A,SETD7
SIN3A,MBD2
SIN3A,KMT2B
SIN3A,DNAJC10
SIN3A,HELB
SIN3A,ETV5
SIN3A,APP
SIN3A,KAT6B
SIN3A,ETV4
SIN3A,TM9SF3
SIN3A,SMYD2
SIN3A,ZMYND8
SIN3A,KLHDC3
SIN3A,NFYA
SIN3A,OGT
SIN3A,LRPAP1
SIN3A,MAPK8
SIN3A,SDCBP
SIN3A,FRMD4A
SIN3A,STAG1
SIN3A,SLC25A4
SIN3A,TPM4
SIN3A,NCOR1
SIN3A,DAXX
SIN3A,TRIM28
SIN3A,MYL6
SIN3A,FNDC3B
SIN3A,ZBTB44
SIN3A,CTSL
SIN3A,ABHD5
SIN3A,TEX264
SIN3A,ZBTB2
SIN3A,SLC16A1
SIN3A,SMAD3
SIN3A,RAD21
SIN3A,FBRSL1
SIN3A,CD63
SIN3A,SSR3
SIN3A,MTA2
SIN3A,KAT8
SIN3A,UTP14A
SIN3A,P3H4
SIN3A,ARPC2
SIN3A,CBX8
SIN3A,B4GALT1
SIN3A,KDM2B
SIN3A,KCTD10
SIN3A,NCOR2
SIN3A,TAF1
SIN3A,SMAD2
SIN3A,CDC73
SIN3A,FKBP9
SIN3A,DICER1
SIN3A,VAMP8
SIN3A,GNA12
SIN3A,SEC24D
SIN3A,MYC
SIN3A,TTC39B
SIN3A,SUMO2
SIN3A,SPNS2
SIN3A,GNPTAB
SIN3A,HDAC3
SIN3A,AEBP2
SIN3A,TRAM1
SIN3A,TLE4
SIN3A,RRBP1
SIN3A,PRKCE
SIN3A,LEO1
SIN3A,PIPOX
SIN3A,PDIA5
SIN3A,TGIF1
SIN3A,ELL
SIN3A,COTL1
SIN3A,B2M
SIN3A,CHST15
SIN3A,DUSP6
SIN3A,EHMT2
SIN3A,KDELR1
SIN3A,UBTF
SIN3A,ALDH2
SIN3A,GCNT2
SIN3A,BEND5
SIN3A,ZFHX3
SIN3A,BAZ1A
SIN3A,IGFBP2
SIN3A,FGFR1
SIN3A,RFFL
SIN3A,ITGAV
SIN3A,KDM2A
SIN3A,TXNDC12
SIN3A,NFYC
SIN3A,LRRC58
SIN3A,EXT2
SIN3A,PLEKHF2
SIN3A,KDM4A
SIN3A,HDAC2
SIN3A,P3H1
SIN3A,ME1
SIN3A,BAG2
SIN3A,NIPBL
SIN3A,MAN1A2
SIN3A,THAP11
SIN3A,KDELC2
SIN3A,PDGFRA
SIN3A,LTBP4
SIN3A,KLF2
SIN3A,ZFP322A
SIN3A,FKBP5
SIN3A,DTX3L
SIN3A,BRD4
SIN3A,LAMB2
SIN3A,ANXA4
SIN3A,TUBB2B
SIN3A,UPP1
SIN3A,ITPK1
SIN3A,DNMT3B
SIN3A,BMPR2
SIN3A,MOV10
SIN3A,HDAC1
SIN3A,DPF2
SIN3A,LDLRAP1
SIN3A,ARHGAP29
SIN3A,PTPN14
SIN3A,FZD5
SIN3A,MKRN1
SIN3A,SRI
SIN3A,RETREG1
SIN3A,CLN6
SIN3A,SLC39A8
SIN3A,ZFP819
SIN3A,LYN
SIN3A,ZFP710
SIN3A,CRTC3
SIN3A,HMGA1B
SIN3A,HMGA1
SIN3A,RXRA
SIN3A,LRP2
SIN3A,GGTA1
SIN3A,KLF5
SIN3A,ITGA6
SIN3A,ANO10
SIN3A,ATRX
SIN3A,CBFA2T2
SIN3A,KAT5
SIN3A,ZFP428
SIN3A,BCLAF3
SIN3A,L3MBTL3
SIN3A,TFE3
SIN3A,MYH9
SIN3A,GLIPR2
SIN3A,GNG10
SIN3A,MSL2
SIN3A,RNF2
SIN3A,JAM2
SIN3A,FABP3
SIN3A,PCOLCE2
SIN3A,BMP1
SIN3A,DOCK5
SIN3A,QSOX1
SIN3A,APOBEC3
SIN3A,SELENOM
SIN3A,PRDX4
SIN3A,ELL2
SIN3A,CREB3L2
SIN3A,MED12
SIN3A,LPAR2
SIN3A,GFPT2
SIN3A,CHD4
SIN3A,ADAM19
SIN3A,F3
SIN3A,FN1
SIN3A,SEPT1
SIN3A,LRRC34
SIN3A,DAB2
SIN3A,AGPAT4
SIN3A,SORD
SIN3A,ALG13
SIN3A,ELOB
SIN3A,IRF2BPL
SIN3A,GLI1
SIN3A,CBX3
SIN3A,TFCP2L1
SIN3A,COMMD3
SIN3A,PHF19
SIN3A,TDH
SIN3A,SNX7
SIN3A,SLC9A6
SIN3A,MOB3B
SIN3A,MSL1
SIN3A,ZYX
SIN3A,SFRP1
SIN3A,JUN
SIN3A,RCOR1
SIN3A,NR4A1
SIN3A,PFKP
SIN3A,RANBP17
SIN3A,ADGRA2
SIN3A,BSG
SIN3A,TIMP2
SIN3A,MAN1A
SIN3A,TYRO3
SIN3A,RARG
SIN3A,LY75
SIN3A,TCEA3
SIN3A,RRAS2
SIN3A,IFITM2
SIN3A,ENOX1
SIN3A,FUT8
SIN3A,RAB3IL1
SIN3A,NRF1
SIN3A,RYBP
SIN3A,P3H2
SIN3A,PARD6B
SIN3A,TGFBR3
SIN3A,ALPL
SIN3A,EFEMP2
SIN3A,MYMX
SIN3A,SSR4
SIN3A,SERPINH1
SIN3A,TCF15
SIN3A,PLOD2
SIN3A,KDM6A
SIN3A,ZFP57
SIN3A,PLOD1
SIN3A,FAM114A1
SIN3A,ZCCHC24
SIN3A,KLF4
SIN3A,PCGF2
SIN3A,DCLK2
SIN3A,HTATSF1
SIN3A,STARD10
SIN3A,TSPAN9
SIN3A,CLCN5
SIN3A,AP2A2
SIN3A,ZFX
SIN3A,SOAT1
SIN3A,EPOP
SIN3A,POU5F1
SIN3A,CTSZ
SIN3A,NUP210
SIN3A,ATF7IP
SIN3A,GDPD5
SIN3A,HAP1
SIN3A,CERS4
SIN3A,SNX2
SIN3A,HIP1
SIN3A,VSIR
SIN3A,ETV1
SIN3A,CAR2
SIN3A,ELL3
SIN3A,ANK
SIN3A,BMI1
SIN3A,FAM129B
SIN3A,MBNL2
SIN3A,COBL
SIN3A,ARF5
SIN3A,SLC15A1
SIN3A,CCND1
SIN3A,RASGRP2
SIN3A,OPLAH
SIN3A,CEMIP
SIN3A,EMP2
SIN3A,LGALS3
SIN3A,TENM4
SIN3A,BNC2
SIN3A,NOTCH4
SIN3A,FGF4
SIN3A,GCNT1
SIN3A,DKC1
SIN3A,RBPMS2
SIN3A,PCOLCE
SIN3A,LAMA1
SIN3A,SHF
SIN3A,USP7
SIN3A,FHDC1
SIN3A,SH3PXD2B
SIN3A,NIPSNAP1
SIN3A,NAA10
SIN3A,TET1
SIN3A,RBBP7
SIN3A,CKAP4
SIN3A,BRD2
SIN3A,GSTA4
SIN3A,ST5
SIN3A,STAG2
SIN3A,NONO
SIN3A,TPD52
SIN3A,FLRT3
SIN3A,CHCHD10
SIN3A,IFI30
SIN3A,ARHGEF28
SIN3A,KRT8
SIN3A,FGFR4
SIN3A,COBLL1
SIN3A,STX3
SIN3A,DPPA2
SIN3A,HSPB1
SIN3A,RBMXL2
SIN3A,COL4A2
SIN3A,COL4A1
SIN3A,EVA1A
SIN3A,GABBR1
SIN3A,KDELR3
SIN3A,OBSL1
SIN3A,TMEM144
SIN3A,HSPG2
SIN3A,TRH
SIN3A,MCAM
SIN3A,ADAM23
SIN3A,CTDSPL
SIN3A,BAZ2A
SIN3A,MRAS
SIN3A,ZIC2
SIN3A,PRKAA2
SIN3A,ARHGEF5
SIN3A,NID1
SIN3A,MVB12B
SIN3A,PTH1R
SIN3A,RPP25
SIN3A,FST
SIN3A,GLDC
SIN3A,ZFP459
SIN3A,AU018091
SIN3A,DRAM1
SIN3A,P4HA2
SIN3A,PXDN
SIN3A,SELENON
SIN3A,SALL4
SIN3A,PATJ
SIN3A,GPC6
SIN3A,EPAS1
SIN3A,IFITM1
SIN3A,B4GALNT4
SIN3A,UBQLN2
SIN3A,PLAT
SIN3A,NANOG
SIN3A,ZFP217
SIN3A,PARVA
SIN3A,FUT9
SIN3A,TBX3
SIN3A,CDH6
SIN3A,FGD1
SIN3A,PHLDB2
SIN3A,BMPER
SIN3A,SERPING1
SIN3A,CBX7
SIN3A,GLI2
SIN3A,2200002D01RIK
SIN3A,SHTN1
SIN3A,FXYD6
SIN3A,FGF10
SIN3A,FBLIM1
SIN3A,SPP1
SIN3A,NOTUM
SIN3A,L1TD1
SIN3A,FOXH1
SIN3A,FGF3
SIN3A,ANP32A
SIN3A,ZFP42
SIN3A,PCBD1
SIN3A,TIMP3
SIN3A,TCL1
SIN3A,SLC7A3
SIN3A,GPX3
SIN3A,COL18A1
SIN3A,GHR
SIN3A,BASP1
SIN3A,EPHA1
SIN3A,GATA4
SIN3A,NR5A2
SIN3A,PRDM14
SIN3A,AFF3
SIN3A,UTF1
SIN3A,ZFP532
SIN3A,DUSP9
SIN3A,MYCN
SIN3A,SPOCK1
SIN3A,CHD7
SIN3A,SOX2
SIN3A,HSF2BP
SIN3A,NODAL
SIN3A,LRRC2
SIN3A,HS3ST1
SIN3A,TDGF1
SIN3A,SNURF
SIN3A,SNRPN
SIN3A,ZFP990
SIN3A,PRSS35
SIN3A,SALL1
SIN3A,DUSP27
SIN3A,ERAS
SIN3A,LAMB1
SIN3A,ILDR1
SIN3A,CMKLR1
SIN3A,NR0B1
SIN3A,MSX2
SIN3A,ESRRB
SIN3A,ZFP979
SIN3A,COL27A1
SIN3A,KRT42
SIN3A,NMNAT2
SIN3A,KHDC3
SIN3A,ZIC3
SIRT6,DNAJC3
SIRT6,PDIA5
SIRT6,POFUT2
SIRT6,RTN3
SIRT6,SLC7A6
SIRT6,TTC39B
SIRT6,HAP1
SIRT6,XPNPEP1
SIRT6,MED26
SIRT6,ZFP57
SIRT6,HSPA4
SIRT6,TPM4
SIRT6,NFYC
SIRT6,ARPC5
SIRT6,SLC16A1
SIRT6,STAT3
SIRT6,ACP6
SIRT6,MTA2
SIRT6,RAB11A
SIRT6,RAB2A
SIRT6,CDK9
SIRT6,HDAC1
SIRT6,GPC6
SIRT6,DDOST
SIRT6,MSH6
SIRT6,UBA2
SIRT6,CNOT3
SIRT6,BASP1
SIRT6,SIK1
SIRT6,NELFA
SIRT6,FUT8
SIRT6,STAG1
SIRT6,XBP1
SIRT6,SLC35F5
SIRT6,PHRF1
SIRT6,JAM2
SIRT6,RNF138
SIRT6,H13
SIRT6,ASPH
SIRT6,NASP
SIRT6,CTCF
SIRT6,CDC16
SIRT6,ARF4
SIRT6,P3H1
SIRT6,ARPC2
SIRT6,MPHOSPH8
SIRT6,RAF1
SIRT6,TMOD3
SIRT6,NSL1
SIRT6,ACTL6A
SIRT6,SMAD1
SIRT6,LAMP1
SIRT6,PAF1
SIRT6,RFFL
SIRT6,NCAPG
SIRT6,LDLRAP1
SIRT6,KLF5
SIRT6,KDELR2
SIRT6,MYH9
SIRT6,TMEM9B
SIRT6,TAF3
SIRT6,CALR
SIRT6,BRD4
SIRT6,CALM1
SIRT6,ITGB1
SIRT6,HSP90AB1
SIRT6,PAFAH1B3
SIRT6,CLTC
SIRT6,RPN1
SIRT6,P4HB
SIRT6,GNAI3
SIRT6,B4GALNT4
SIRT6,AP2A2
SIRT6,TAX1BP3
SIRT6,COLGALT1
SIRT6,SURF4
SIRT6,ELOB
SIRT6,RPN2
SIRT6,DARS
SIRT6,ENOX1
SIRT6,VKORC1
SIRT6,NCAPD3
SIRT6,ZFYVE21
SIRT6,SAP18
SIRT6,DERL1
SIRT6,UTF1
SIRT6,EP400
SIRT6,SEC24A
SIRT6,PLA2G15
SIRT6,TEX264
SIRT6,GXYLT1
SIRT6,COTL1
SIRT6,COPG1
SIRT6,ARL8A
SIRT6,AARS
SIRT6,PCGF2
SIRT6,ITGA6
SIRT6,REEP5
SIRT6,DR1
SIRT6,SETDB1
SIRT6,RCOR1
SIRT6,RBMXL2
SIRT6,CREB3L2
SIRT6,RRN3
SIRT6,CD63
SMAD1,CALR
SMAD1,LRPAP1
SMAD1,KDELC2
SMAD1,FABP3
SMAD1,LRRC34
SMAD2,CHST15
SMAD2,MTF2
SMAD2,CLTC
SMAD2,NANOG
SMAD2,GNB2
SMAD2,BMPR2
SMAD2,ADNP
SMAD2,POU5F1
SMAD2,UPP1
SMAD2,PHC1
SMAD2,RDM1
SMAD2,HSP90AB1
SMAD2,RIF1
SMAD2,KMT2C
SMAD2,RBPJ
SMAD2,ZFP384
SMAD2,CALM1
SMAD2,KDM1A
SMAD2,KRT8
SMAD2,OTX2
SMAD2,SH3GLB1
SMAD2,SARAF
SMAD2,ERF
SMAD2,KMT2D
SMAD2,ZBTB44
SMAD2,PNP
SMAD2,MYC
SMAD2,KDM5B
SMAD2,MBD3
SMAD2,KANSL3
SMAD2,ZBTB2
SMAD2,TCN2
SMAD2,STAT3
SMAD2,ARID1A
SMAD2,ABHD5
SMAD2,ZFP819
SMAD2,MED23
SMAD2,CTCF
SMAD2,CDC73
SMAD2,GTF2B
SMAD2,STAG1
SMAD2,NFYB
SMAD2,IRF2BPL
SMAD2,DDOST
SMAD2,HDAC2
SMAD2,LRRC59
SMAD2,P4HA1
SMAD2,LAMP1
SMAD2,CDC16
SMAD2,KLF4
SMAD2,CD63
SMAD2,GORASP2
SMAD2,ETV1
SMAD2,NFYC
SMAD2,PDIA3
SMAD2,TCF12
SMAD2,GCNT2
SMAD2,PTOV1
SMAD2,ZFHX3
SMAD2,RAF1
SMAD2,IFITM1
SMAD2,FBLIM1
SMAD2,ILK
SMAD2,RNF2
SMAD2,TM9SF3
SMAD2,PTP4A1
SMAD2,DICER1
SMAD2,FZD5
SMAD2,SLC7A6
SMAD2,PIPOX
SMAD2,TGIF2
SMAD2,SMARCA5
SMAD2,UBA2
SMAD2,SSRP1
SMAD2,CHD1
SMAD2,LRP2
SMAD2,KDM2B
SMAD2,HSP90AA1
SMAD2,SET
SMAD2,CDC42SE2
SMAD2,P4HB
SMAD2,BAZ1B
SMAD2,SMARCA4
SMAD2,ITGB1
SMAD2,PURB
SMAD2,IKBIP
SMAD2,APAF1
SMAD2,CBX5
SMAD2,WDR5
SMAD2,ARF4
SMAD2,SLC16A1
SMAD2,MPHOSPH8
SMAD2,TRAM1
SMAD2,ELL2
SMAD2,FKBP5
SMAD2,KDM4C
SMAD2,GFPT2
SMAD2,CDK9
SMAD2,MPRIP
SMAD2,TDGF1
SMAD2,ARPC5
SMAD2,FBRSL1
SMAD2,EED
SMAD2,EP400
SMAD2,TXNDC12
SMAD2,RFFL
SMAD2,NRF1
SMAD2,TFRC
SMAD2,POLE4
SMAD2,PLEKHF2
SMAD2,RAB2A
SMAD2,TCEA3
SMAD2,ACBD3
SMAD2,RBBP5
SMAD2,SUMO2
SMAD2,COPG1
SMAD2,YY1
SMAD2,TLE4
SMAD2,ERP29
SMAD2,HSPA4
SMAD2,PATJ
SMAD2,SOX2
SMAD2,VAMP3
SMAD2,FABP3
SMAD2,ARPC2
SMAD2,SRSF1
SMAD2,FHDC1
SMAD2,TMEM30A
SMAD2,SETD1A
SMAD2,SS18
SMAD2,CBX2
SMAD2,DDB1
SMAD2,AP2A2
SMAD2,NSL1
SMAD2,FOXH1
SMAD2,KDM5A
SMAD2,MFSD1
SMAD2,KDM2A
SMAD2,POFUT2
SMAD2,DMAP1
SMAD2,PAF1
SMAD2,FNDC3B
SMAD2,MSL2
SMAD2,SPP1
SMAD2,MORC3
SMAD2,MAPKAPK2
SMAD2,ASPH
SMAD2,RBPMS2
SMAD2,OGT
SMAD2,ZMYND8
SMAD2,RAD23B
SMAD2,RBMXL2
SMAD2,DNAJC3
SMAD2,GSN
SMAD2,ADGRA2
SMAD2,BTAF1
SMAD2,SMARCAD1
SMAD2,E4F1
SMAD2,RARA
SMAD2,ARF1
SMAD2,LMNB1
SMAD2,NCOR1
SMAD2,HDLBP
SMAD2,LPAR2
SMAD2,EDEM1
SMAD2,IMPDH2
SMAD2,WDR11
SMAD2,OAT
SMAD2,TGIF1
SMAD2,KMT2B
SMAD2,RRBP1
SMAD2,NELFA
SMAD2,SMAD1
SMAD2,RNF138
SMAD2,PDK1
SMAD2,TMEM214
SMAD2,NOTCH4
SMAD2,MDN1
SMAD2,DPF2
SMAD2,COLGALT1
SMAD2,SURF4
SMAD2,SAP18
SMAD2,SLC35F5
SMAD2,SERPINH1
SMAD2,LRPAP1
SMAD2,GGA2
SMAD2,VAMP8
SMAD2,TRIM28
SMAD2,FBXW8
SMAD2,ZC3H11A
SMAD2,E2F1
SMAD2,MSH6
SMAD2,SEC24A
SMAD2,TBRG1
SMAD2,TMED2
SMAD2,SNURF
SMAD2,SNRPN
SMAD2,FAM129B
SMAD2,TET1
SMAD2,PPIB
SMAD2,EZH2
SMAD2,UBQLN2
SMAD2,RRAS2
SMAD2,TAF3
SMAD2,SLC39A8
SMAD2,XRCC5
SMAD2,APPBP2
SMAD2,L1TD1
SMAD2,NPM1
SMAD2,GLI2
SMAD2,CST3
SMAD2,BRD4
SMAD2,SFRP1
SMAD2,SAP30
SMAD2,HDAC1
SMAD2,PHRF1
SMAD2,EXT2
SMAD2,DPY30
SMAD2,PARD6B
SMAD2,PHLDB2
SMAD2,DARS
SMAD2,H13
SMAD2,CDC5L
SMAD2,RTN3
SMAD2,PLA2G15
SMAD2,MKRN1
SMAD2,TPD52
SMAD2,SRI
SMAD2,GMNN
SMAD2,INO80
SMAD2,ATP6V0E
SMAD2,GLO1
SMAD2,ZFP322A
SMAD2,DGCR8
SMAD2,GNAI3
SMAD2,GNS
SMAD2,ARHGAP29
SMAD2,RARG
SMAD2,SMARCC1
SMAD2,IGFBP2
SMAD2,SIRT6
SMAD2,PSEN1
SMAD2,TSPAN9
SMAD2,FRMD4A
SMAD2,CPD
SMAD2,PDGFRA
SMAD2,TBX3
SMAD2,PDIA6
SMAD2,JUN
SMAD2,SETDB1
SMAD2,ATP6V0A1
SMAD2,GLI1
SMAD2,SELENOS
SMAD2,ZFP532
SMAD2,SERBP1
SMAD2,SELENOW
SMAD2,SEC11A
SMAD2,PRDM14
SMAD2,KDELC2
SMAD2,TMOD3
SMAD2,NUP210
SMAD2,TMED9
SMAD2,ELL
SMAD2,USP16
SMAD2,GLDC
SMAD2,GLIPR2
SMAD2,RRN3
SMAD2,GABARAP
SMAD2,NIPBL
SMAD2,PRDX1
SMAD2,SLC25A4
SMAD2,GNPTAB
SMAD2,ACP6
SMAD2,P3H4
SMAD2,DR1
SMAD2,MSH2
SMAD2,KAT8
SMAD2,CTSL
SMAD2,CPOX
SMAD2,GALK1
SMAD2,ADAM19
SMAD2,CARHSP1
SMAD2,SELENOM
SMAD2,RAB11A
SMAD2,GTF3C1
SMAD2,MYMX
SMAD2,LEO1
SMAD2,TBP
SMAD2,COPB1
SMAD2,GSTA4
SMAD2,IER2
SMAD2,DCTPP1
SMAD2,TMEM165
SMAD2,NR5A2
SMAD2,CXXC1
SMAD2,CDK7
SMAD2,ANXA4
SMAD2,SUMO1
SMAD2,COL27A1
SMAD2,ZFX
SMAD2,SMC3
SMAD2,MYDGF
SMAD2,UTF1
SMAD2,COL18A1
SMAD2,CALU
SMAD2,FLRT3
SMAD2,KRTCAP2
SMAD2,HSPB1
SMAD2,RUVBL2
SMAD2,PHF19
SMAD2,OPLAH
SMAD2,SLC15A1
SMAD2,AKT1
SMAD2,VKORC1
SMAD2,TDH
SMAD2,NASP
SMAD2,ST5
SMAD2,COMMD3
SMAD2,TMED3
SMAD2,ZFP710
SMAD2,LRRC34
SMAD2,LY75
SMAD2,KAT5
SMAD2,SERPING1
SMAD2,CALR
SMAD2,LAMB2
SMAD2,MYL6
SMAD2,CHCHD10
SMAD2,NCAPG
SMAD2,FGF4
SMAD2,UHRF1
SMAD2,ELL3
SMAD2,SSR4
SMAD2,TRP53
SMAD2,AGPAT4
SMAD2,ZFP57
SMAD2,APEX1
SMAD2,PCGF2
SMAD2,PHF5A
SMAD2,TFE3
SMAD2,DPPA2
SMAD2,AARS
SMAD2,DUSP27
SMAD2,HELB
SMAD2,GCNT1
SMAD2,TET2
SMAD2,DUSP9
SMAD2,TCF15
SMAD2,KLF2
SMAD2,TUBB2B
SMAD2,2200002D01RIK
SMAD2,NIPSNAP1
SMAD2,PRDX4
SMAD2,LYN
SMAD2,LRRC2
SMAD2,ZFP42
SMAD2,GDPD5
SMAD2,FN1
SMAD2,SEPT1
SMAD2,SLC7A3
SMAD2,2410141K09RIK
SMAD2,JARID2
SMAD2,CBX7
SMAD2,AU018091
SMAD2,NMNAT2
SMAD2,PLAT
SMAD2,NR0B1
SMAD2,TCL1
SMAD2,PCOLCE
SMAD3,RDM1
SMAD3,P4HA1
SMAD3,CALM1
SMAD3,IMPDH2
SMAD3,HSP90AA1
SMAD3,MTF2
SMAD3,POFUT2
SMAD3,HSP90AB1
SMAD3,GTF2B
SMAD3,UPP1
SMAD3,EP400
SMAD3,MYMX
SMAD3,CHST15
SMAD3,RAF1
SMAD3,NANOG
SMAD3,KDM4C
SMAD3,CDC42SE2
SMAD3,MPHOSPH8
SMAD3,SELENOW
SMAD3,PIPOX
SMAD3,ADNP
SMAD3,MORC3
SMAD3,PDIA3
SMAD3,SPP1
SMAD3,DDB1
SMAD3,CBX5
SMAD3,CLTC
SMAD3,ASPH
SMAD3,KMT2C
SMAD3,GNB2
SMAD3,SMARCA5
SMAD3,RIF1
SMAD3,STAT3
SMAD3,TFRC
SMAD3,FABP3
SMAD3,ZBTB44
SMAD3,ZFP819
SMAD3,PHC1
SMAD3,PKNOX1
SMAD3,SURF4
SMAD3,TGIF2
SMAD3,CD63
SMAD3,POLE4
SMAD3,LRPAP1
SMAD3,IRF2BPL
SMAD3,SARAF
SMAD3,PRDM14
SMAD3,SAP18
SMAD3,TAF3
SMAD3,ITGB1
SMAD3,TBRG1
SMAD3,CBX8
SMAD3,MED26
SMAD3,ADAM19
SMAD3,CDK7
SMAD3,KANSL3
SMAD3,TDH
SMAD3,CXXC1
SMAD3,CTR9
SMAD3,KDM5B
SMAD3,SUZ12
SMAD3,ETV5
SMAD3,RBPJ
SMAD3,LDLRAP1
SMAD3,MSH6
SMAD3,TMEM214
SMAD3,MSL2
SMAD3,PDIA5
SMAD3,GCNT2
SMAD3,AEBP2
SMAD3,FZD5
SMAD3,HIP1
SMAD3,FBRSL1
SMAD3,TPD52
SMAD3,MBD2
SMAD3,ZFP710
SMAD3,TDGF1
SMAD3,ERF
SMAD3,RRAS2
SMAD3,LMNB1
SMAD3,PLEKHF2
SMAD3,P3H1
SMAD3,ILK
SMAD3,TBX3
SMAD3,HDAC2
SMAD3,SET
SMAD3,NOTCH4
SMAD3,PCOLCE
SMAD3,RNF2
SMAD3,MKRN1
SMAD3,L1TD1
SMAD3,E2F1
SMAD3,PURB
SMAD3,TLE4
SMAD3,GLIPR2
SMAD3,COPB1
SMAD3,LRRC59
SMAD3,CHD7
SMAD3,RAB2A
SMAD3,LRP2
SMAD3,CST3
SMAD3,PWP1
SMAD3,FGF4
SMAD3,GCNT1
SMAD3,LRRC34
SMAD3,ZFP42
SMAD3,PCOLCE2
SMAD3,SLC15A1
SMAD3,NR5A2
SMAD3,ACP6
SMAD3,2410141K09RIK
SMAD3,GABBR1
SMAD3,ZFHX3
SMAD3,DUSP9
SMAD3,TCEA3
SMAD3,TRH
SMAD3,GSTA4
SMAD3,TCN2
SMAD3,KMT2D
SMAD3,FOXH1
SMAD3,SFRP1
SMAD3,ASS1
SMAD3,TSPAN9
SMAD3,MED12
SMARCA4,KLF2
SMARCA4,SRI
SMARCA4,FKBP5
SMARCA4,PRDM15
SMARCA4,ZCCHC24
SMARCA4,TTC39B
SMARCA4,TIMP2
SMARCA4,RARG
SMARCA4,SH3GLB1
SMARCA4,SNX7
SMARCA4,HIRA
SMARCA4,TRIM28
SMARCA4,SIK1
SMARCA4,CDK9
SMARCA4,GABARAP
SMARCA4,SETX
SMARCA4,USP28
SMARCA4,ZYX
SMARCA4,SET
SMARCA4,ARL8A
SMARCA4,FRMD4A
SMARCA4,HDLBP
SMARCA4,LMNB1
SMARCA4,MAN1A
SMARCA4,STAT3
SMARCA4,CPOX
SMARCA4,SLC16A1
SMARCA4,CTSD
SMARCA4,PLA2G15
SMARCA4,STAG1
SMARCA4,GSR
SMARCA4,RAF1
SMARCA4,MSH6
SMARCA4,GALK1
SMARCA4,PDK1
SMARCA4,ADGRA2
SMARCA4,RER1
SMARCA4,RPN2
SMARCA4,E4F1
SMARCA4,MTA2
SMARCA4,CKAP4
SMARCA4,DNAJC3
SMARCA4,UPP1
SMARCA4,KANSL3
SMARCA4,BMP1
SMARCA4,DPY30
SMARCA4,TET3
SMARCA4,ITGB1
SMARCA4,TAX1BP3
SMARCA4,BRD4
SMARCA4,MTF2
SMARCA4,ADNP
SMARCA4,CBX3
SMARCA4,H13
SMARCA4,GORASP2
SMARCA4,ARHGEF28
SMARCA4,XBP1
SMARCA4,BTAF1
SMARCA4,PTPN14
SMARCA4,COLGALT1
SMARCA4,SMAD1
SMARCA4,HSP90AB1
SMARCA4,MAP1A
SMARCA4,CHD7
SMARCA4,HMGA1
SMARCA4,DGCR8
SMARCA4,CALM1
SMARCA4,MORC3
SMARCA4,HMGA1B
SMARCA4,E2F1
SMARCA4,LGALS3
SMARCA4,CST3
SMARCA4,CLTC
SMARCA4,LDLRAP1
SMARCA4,F3
SMARCA4,SOD1
SMARCA4,MED23
SMARCA4,CBX5
SMARCA4,FBLIM1
SMARCA4,SERPINH1
SMARCA4,RETREG1
SMARCA4,RRN3
SMARCA4,RFFL
SMARCA4,HELB
SMARCA4,XPNPEP1
SMARCA4,FBRSL1
SMARCA4,SETD7
SMARCA4,PATJ
SMARCA4,GNAI3
SMARCA4,DCTPP1
SMARCA4,HSPB1
SMARCA4,RUVBL2
SMARCA4,ARFGAP1
SMARCA4,COPG1
SMARCA4,P3H1
SMARCA4,POFUT2
SMARCA4,JUN
SMARCA4,EFEMP2
SMARCA4,N4BP3
SMARCA4,ME1
SMARCA4,RBPJ
SMARCA4,LRRC59
SMARCA4,GXYLT1
SMARCA4,ASPH
SMARCA4,SMAD2
SMARCA4,UBA2
SMARCA4,SARAF
SMARCA4,CDK7
SMARCA4,RNF2
SMARCA4,DAP
SMARCA4,SDCBP
SMARCA4,NR4A1
SMARCA4,SLC25A4
SMARCA4,GLIPR2
SMARCA4,OAT
SMARCA4,ARPC5
SMARCA4,EP400
SMARCA4,TMEM214
SMARCA4,PFKP
SMARCA4,DNAJC10
SMARCA4,CDC73
SMARCA4,BSG
SMARCA4,CARHSP1
SMARCA4,MBD2
SMARCA4,CD63
SMARCA4,GHR
SMARCA4,ITGAV
SMARCA4,ILK
SMARCA4,CNOT3
SMARCA4,ZFP143
SMARCA4,PKNOX1
SMARCA4,AGPAT4
SMARCA4,CHD1
SMARCA4,COBLL1
SMARCA4,ARHGAP29
SMARCA4,GSN
SMARCA4,NRF1
SMARCA4,KRTCAP2
SMARCA4,SURF4
SMARCA4,ERP29
SMARCA4,TGIF2
SMARCA4,RARA
SMARCA4,PNP
SMARCA4,ATP6V0A1
SMARCA4,GNPTAB
SMARCA4,RAD23B
SMARCA4,KAT6B
SMARCA4,LAMC1
SMARCA4,REST
SMARCA4,ASS1
SMARCA4,POLE4
SMARCA4,ITPK1
SMARCA4,HSPA4
SMARCA4,SS18
SMARCA4,GGA2
SMARCA4,KDM1A
SMARCA4,IRF2BPL
SMARCA4,AP2A2
SMARCA4,TRP53
SMARCA4,NSL1
SMARCA4,RASGRP2
SMARCA4,SEC23A
SMARCA4,ZFP322A
SMARCA4,SEC24D
SMARCA4,PLEKHF2
SMARCA4,GTF2B
SMARCA4,ARID3A
SMARCA4,ZFYVE21
SMARCA4,FBXO22
SMARCA4,FZD5
SMARCA4,MCRS1
SMARCA4,MAPKAPK2
SMARCA4,TCF12
SMARCA4,MAPK8
SMARCA4,PRDX1
SMARCA4,GCNT2
SMARCA4,ZMYND8
SMARCA4,TLE4
SMARCA4,B4GALT1
SMARCA4,SLC39A1
SMARCA4,IGFBP2
SMARCA4,GNS
SMARCA4,EXT2
SMARCA4,ABHD5
SMARCA4,DUSP6
SMARCA4,USP16
SMARCA4,CALU
SMARCA4,NFYB
SMARCA4,LRRC58
SMARCA4,OSBP
SMARCA4,DERL1
SMARCA4,PDGFRA
SMARCA4,RRBP1
SMARCA4,HDAC1
SMARCA4,MPHOSPH8
SMARCA4,ADAM19
SMARCA4,ZFP428
SMARCA4,PARP1
SMARCA4,KMT2C
SMARCA4,ANO10
SMARCA4,ELL2
SMARCA4,NCOR2
SMARCA4,DTX3L
SMARCA4,CDC5L
SMARCA4,CALR
SMARCA4,AEBP2
SMARCA4,ARF4
SMARCA4,YY1
SMARCA4,DARS
SMARCA4,RRAS2
SMARCA4,FKBP9
SMARCA4,FNDC3B
SMARCA4,RAB2A
SMARCA4,DMAP1
SMARCA4,RPN1
SMARCA4,TMEM165
SMARCA4,LY75
SMARCA4,KLF4
SMARCA4,GABBR1
SMARCA4,TMOD3
SMARCA4,NUCB1
SMARCA4,TRAM1
SMARCA4,RAB11A
SMARCA4,PDIA5
SMARCA4,ZBTB44
SMARCA4,OBSL1
SMARCA4,NFYA
SMARCA4,TAF3
SMARCA4,EP300
SMARCA4,PPIB
SMARCA4,PLAT
SMARCA4,ZFP710
SMARCA4,SRSF2
SMARCA4,SORD
SMARCA4,NFYC
SMARCA4,KMT2B
SMARCA4,DDOST
SMARCA4,GTF3C1
SMARCA4,RXRA
SMARCA4,PTPN21
SMARCA4,VSIR
SMARCA4,HDAC2
SMARCA4,CDC42SE2
SMARCA4,CBFA2T2
SMARCA4,KLF5
SMARCA4,TBRG1
SMARCA4,CHMP4B
SMARCA4,HIP1
SMARCA4,KDELR1
SMARCA4,PDIA3
SMARCA4,UHRF1
SMARCA4,DRAM1
SMARCA4,SELENOM
SMARCA4,RNF138
SMARCA4,DR1
SMARCA4,CLN6
SMARCA4,SEC24A
SMARCA4,VKORC1
SMARCA4,GNB2
SMARCA4,PDCD6IP
SMARCA4,TPD52
SMARCA4,SUZ12
SMARCA4,SMARCA5
SMARCA4,P4HA1
SMARCA4,MSL1
SMARCA4,SEMA4C
SMARCA4,COTL1
SMARCA4,ATP6V0E
SMARCA4,NELFA
SMARCA4,COL27A1
SMARCA4,KDM4C
SMARCA4,CTCF
SMARCA4,BCLAF3
SMARCA4,ARID1A
SMARCA4,INO80
SMARCA4,PHRF1
SMARCA4,CTSZ
SMARCA4,SSR1
SMARCA4,SMC3
SMARCA4,FUT8
SMARCA4,KMT2D
SMARCA4,TMED2
SMARCA4,ADAM10
SMARCA4,MBD3
SMARCA4,PIPOX
SMARCA4,P4HB
SMARCA4,VAMP3
SMARCA4,TAF2
SMARCA4,SLC39A8
SMARCA4,SSRP1
SMARCA4,TEX264
SMARCA4,MAX
SMARCA4,MDN1
SMARCA4,SUPT5
SMARCA4,SPNS2
SMARCA4,CXXC1
SMARCA4,SAP18
SMARCA4,MYBL2
SMARCA4,IMPDH2
SMARCA4,RTN3
SMARCA4,AMPD2
SMARCA4,ENOX1
SMARCA4,GDPD5
SMARCA4,ACTL6A
SMARCA4,SETDB1
SMARCA4,GCNT1
SMARCA4,SUMO1
SMARCA4,NCAPG
SMARCA4,KDELC2
SMARCA4,CTSL
SMARCA4,MOV10
SMARCA4,IKBIP
SMARCA4,APAF1
SMARCA4,PLOD1
SMARCA4,CLCN5
SMARCA4,ETV5
SMARCA4,TXNDC12
SMARCA4,SOAT1
SMARCA4,ZC3H11A
SMARCA4,COPB1
SMARCA4,TFRC
SMARCA4,KDM2A
SMARCA4,ATF7IP
SMARCA4,MSH2
SMARCA4,RIF1
SMARCA4,TNKS
SMARCA4,TMED9
SMARCA4,GALNT7
SMARCA4,XRCC5
SMARCA4,TPM4
SMARCA4,PHF5A
SMARCA4,AMFR
SMARCA4,KDM4A
SMARCA4,MYDGF
SMARCA4,TMEM9B
SMARCA4,CREB3
SMARCA4,KDM5B
SMARCA4,CHCHD10
SMARCA4,KDELR2
SMARCA4,PDIA6
SMARCA4,RAP1GDS1
SMARCA4,MBNL2
SMARCA4,SUMO2
SMARCA4,MSL2
SMARCA4,RDM1
SMARCA4,ARPC2
SMARCA4,SELENOW
SMARCA4,ARFIP1
SMARCA4,FAM114A1
SMARCA4,ADAM23
SMARCA4,RAB3IL1
SMARCA4,LRPAP1
SMARCA4,GMNN
SMARCA4,ITGA6
SMARCA4,ERF
SMARCA4,HEATR1
SMARCA4,TALDO1
SMARCA4,ACP6
SMARCA4,PTOV1
SMARCA4,TMEM30A
SMARCA4,TGOLN1
SMARCA4,EZH2
SMARCA4,MEN1
SMARCA4,MAFK
SMARCA4,KDM2B
SMARCA4,TMEM150A
SMARCA4,COPA
SMARCA4,ELOB
SMARCA4,CERS4
SMARCA4,ACBD3
SMARCA4,FBXW8
SMARCA4,QSOX1
SMARCA4,HIRIP3
SMARCA4,TGFBR3
SMARCA4,PURB
SMARCA4,ZFP384
SMARCA4,APPBP2
SMARCA4,HSP90AA1
SMARCA4,EDEM1
SMARCA4,ELL
SMARCA4,CREBBP
SMARCA4,2200002D01RIK
SMARCA4,DAB2
SMARCA4,CREB3L2
SMARCA4,REEP5
SMARCA4,CDC16
SMARCA4,DDB1
SMARCA4,CTR9
SMARCA4,GNA12
SMARCA4,LPAR2
SMARCA4,CBX1
SMARCA4,KAT8
SMARCA4,TCF3
SMARCA4,ZBTB2
SMARCA4,NCAPH2
SMARCA4,LMF2
SMARCA4,ARHGAP1
SMARCA4,NACC1
SMARCA4,SLC7A6
SMARCA4,APOBEC3
SMARCA4,SERBP1
SMARCA4,ELL3
SMARCA4,SMARCC1
SMARCA4,HSPG2
SMARCA4,NUP210
SMARCA4,L3MBTL3
SMARCA4,SUPT16
SMARCA4,MED26
SMARCA4,RAD21
SMARCA4,BAG2
SMARCA4,TCOF1
SMARCA4,UBTF
SMARCA4,NIPSNAP1
SMARCA4,CTDSPL
SMARCA4,MARC2
SMARCA4,PRKAA2
SMARCA4,PHC1
SMARCA4,METTL3
SMARCA4,SPP1
SMARCA4,LAMP1
SMARCA4,NID1
SMARCA4,PAFAH1B3
SMARCA4,PARD6B
SMARCA4,CBX2
SMARCA4,E2F4
SMARCA4,MOB3B
SMARCA4,BAZ1A
SMARCA4,TUBB2B
SMARCA4,CDK8
SMARCA4,NFXL1
SMARCA4,STARD10
SMARCA4,PLOD2
SMARCA4,SETD1A
SMARCA4,LAMB2
SMARCA4,MYC
SMARCA4,GNG10
SMARCA4,MED1
SMARCA4,NPM1
SMARCA4,FRS2
SMARCA4,RCN3
SMARCA4,SHF
SMARCA4,DKC1
SMARCA4,IFITM2
SMARCA4,EIF2S2
SMARCA4,PWP1
SMARCA4,FHDC1
SMARCA4,FABP3
SMARCA4,ZFP281
SMARCA4,ZFP217
SMARCA4,FLRT3
SMARCA4,BMPR2
SMARCA4,TSPAN9
SMARCA4,BRD9
SMARCA4,ETV1
SMARCA4,CAR2
SMARCA4,ZFP57
SMARCA4,SNX2
SMARCA4,NASP
SMARCA4,WDR82
SMARCA4,GLDC
SMARCA4,DPF2
SMARCA4,MMGT1
SMARCA4,FAM129B
SMARCA4,B2M
SMARCA4,ARF1
SMARCA4,DNMT3B
SMARCA4,MED12
SMARCA4,CPD
SMARCA4,TMED10
SMARCA4,GFPT2
SMARCA4,ALPL
SMARCA4,CBX7
SMARCA4,BNC2
SMARCA4,SERPING1
SMARCA4,TBX3
SMARCA4,SSR4
SMARCA4,BEND5
SMARCA4,USP7
SMARCA4,PCOLCE2
SMARCA4,B4GALNT4
SMARCA4,SFRP1
SMARCA4,GSTA4
SMARCA4,SLC9A6
SMARCA4,ALDH2
SMARCA4,TFCP2L1
SMARCA4,ZFP42
SMARCA4,ZFP819
SMARCA4,PCGF2
SMARCA4,CDH6
SMARCA4,MCM2
SMARCA4,ST5
SMARCA4,TYRO3
SMARCA4,PHLDB2
SMARCA4,UBQLN2
SMARCA4,OPLAH
SMARCA4,RANBP17
SMARCA4,SLC39A7
SMARCA4,TCN2
SMARCA4,2410141K09RIK
SMARCA4,P3H2
SMARCA4,IFITM1
SMARCA4,TCF15
SMARCA4,FGFR4
SMARCA4,LRRC34
SMARCA4,SLC7A3
SMARCA4,MYMX
SMARCA4,DPPA2
SMARCA4,FGFR1
SMARCA4,LAMA1
SMARCA4,GPX3
SMARCA4,DPPA4
SMARCA4,SPOCK1
SMARCA4,TRH
SMARCA4,RBMXL2
SMARCA4,KRT17
SMARCA4,NR5A2
SMARCA4,EPHA1
SMARCA4,FOXH1
SMARCAD1,FUT8
SMARCAD1,SMARCA5
SMARCAD1,MAP1A
SMARCAD1,2410141K09RIK
SMARCAD1,ZFP979
SMARCAD1,CLTC
SMARCC1,SMARCA5
SMC1A,SELENOM
SMC1A,CDK9
SMC1A,SH3GLB1
SMC1A,CCDC88C
SMC1A,COPG1
SMC1A,STAG1
SMC1A,MED23
SMC1A,KDELR1
SMC1A,HSD17B14
SMC1A,TRP53
SMC1A,DOCK5
SMC1A,MOB3B
SMC1A,RAB3IL1
SMC1A,COL27A1
SMC1A,CEMIP
SMC1A,DCTPP1
SMC1A,ADAM19
SMC1A,PDGFRA
SMC1A,BASP1
SMC1A,2200002D01RIK
SMC1A,ALPL
SMC1A,H13
SMC1A,RRBP1
SMC1A,GLIPR2
SMC1A,F3
SMC1A,AKT1
SMC1A,SPOCK1
SMC1A,GORASP2
SMC1A,FLRT3
SMC1A,CDC73
SMC1A,SMC3
SMC1A,BCLAF3
SMC1A,GNPTAB
SMC1A,EP400
SMC1A,DTX3L
SMC1A,MYCN
SMC1A,TIMP2
SMC1A,SIK1
SMC1A,L3MBTL3
SMC1A,PATJ
SMC1A,KMT2B
SMC1A,GLI2
SMC1A,STX3
SMC1A,CAR2
SMC1A,APP
SMC1A,PIPOX
SMC1A,LRRC59
SMC1A,GNAS
SMC1A,PHRF1
SMC1A,RUVBL2
SMC1A,KANSL3
SMC1A,GLI1
SMC1A,PHLDB2
SMC1A,ELOB
SMC1A,TGIF1
SMC1A,NSL1
SMC1A,RFFL
SMC1A,ZYX
SMC1A,GHR
SMC1A,YEATS4
SMC1A,ARID1A
SMC1A,KRTCAP2
SMC1A,GCNT1
SMC1A,STAG2
SMC1A,VSIR
SMC1A,TRAM1
SMC1A,FHDC1
SMC1A,ITPK1
SMC1A,PAFAH1B3
SMC1A,MYLPF
SMC1A,LAMC1
SMC1A,P4HA1
SMC1A,HS3ST1
SMC1A,BMP1
SMC1A,SETD7
SMC1A,EPHA1
SMC1A,SEMA4C
SMC1A,ADNP
SMC1A,ABHD5
SMC1A,HEXIM1
SMC1A,APOBEC3
SMC1A,P3H4
SMC1A,TCF12
SMC1A,CTCF
SMC1A,CDC16
SMC1A,DAB2
SMC1A,CLTC
SMC1A,TBX3
SMC1A,RASGRP2
SMC1A,ATF7IP
SMC1A,MTF2
SMC1A,NIPBL
SMC1A,PNP
SMC1A,KMT2C
SMC1A,KRT8
SMC1A,TTC39B
SMC1A,GNB2
SMC1A,XRCC5
SMC1A,VKORC1
SMC1A,FNDC3B
SMC1A,ZFHX3
SMC1A,TYRO3
SMC1A,MBD2
SMC1A,LTBP4
SMC1A,RBPJ
SMC1A,POFUT2
SMC1A,ARHGEF28
SMC1A,JUN
SMC1A,EXT2
SMC1A,RAF1
SMC1A,MYC
SMC1A,TMEM150A
SMC1A,CDC42SE2
SMC1A,POU5F1
SMC1A,CALM1
SMC1A,PRDX1
SMC1A,OAT
SMC1A,STAT3
SMC1A,ATP6V0A1
SMC1A,TAF3
SMC1A,GCNT2
SMC1A,ASS1
SMC1A,KDM5B
SMC1A,TFRC
SMC1A,LGALS3
SMC1A,DMAP1
SMC1A,WDR5
SMC1A,PTPN14
SMC1A,ITGB1
SMC1A,MKRN1
SMC1A,SMARCA5
SMC1A,RPP25
SMC1A,RIF1
SMC1A,CBX8
SMC1A,SPP1
SMC1A,ITGA6
SMC1A,ASPH
SMC1A,MAP1A
SMC1A,CXXC1
SMC1A,PDK1
SMC1A,DDOST
SMC1A,VAMP8
SMC1A,SSRP1
SMC1A,SLC25A4
SMC1A,ELL2
SMC1A,PRDM15
SMC1A,ZMYND8
SMC1A,SLC39A8
SMC1A,DNMT3B
SMC1A,GSN
SMC1A,DARS
SMC1A,EP300
SMC1A,LAMA1
SMC1A,MSH2
SMC1A,ILK
SMC1A,DDB1
SMC1A,PDIA5
SMC1A,FRMD4A
SMC1A,BSG
SMC1A,PCOLCE
SMC1A,ZFP322A
SMC1A,TMED3
SMC1A,CPOX
SMC1A,KDELC2
SMC1A,MYMX
SMC1A,FBXO22
SMC1A,LMNB1
SMC1A,PLA2G15
SMC1A,PLEKHF2
SMC1A,SARAF
SMC1A,FABP3
SMC1A,LRP2
SMC1A,CHST15
SMC1A,HDAC1
SMC1A,SRSF2
SMC1A,RBMXL2
SMC1A,GNAI3
SMC1A,TMOD3
SMC1A,CBX5
SMC1A,KMT2D
SMC1A,HSP90AB1
SMC1A,OGT
SMC1A,RYBP
SMC1A,KLF5
SMC1A,MED26
SMC1A,NFYC
SMC1A,IFITM1
SMC1A,TBRG1
SMC1A,ZFP281
SMC1A,TUBB2B
SMC1A,ATP6V0E
SMC1A,CDH6
SMC1A,RAD23B
SMC1A,FUT9
SMC1A,BNC2
SMC1A,VAMP3
SMC1A,GMNN
SMC1A,SUPT5
SMC1A,CHD1
SMC1A,UPP1
SMC1A,DCLK2
SMC1A,TMEM30A
SMC1A,SPNS2
SMC1A,LAMB2
SMC1A,IMPDH2
SMC1A,FN1
SMC1A,PCGF2
SMC1A,SRI
SMC1A,PTPN21
SMC1A,GABBR1
SMC1A,MDN1
SMC1A,PLA2G1B
SMC1A,TLE4
SMC1A,ADGRA2
SMC1A,TGIF2
SMC1A,ZFP710
SMC1A,MFSD1
SMC1A,GGTA1
SMC1A,APPBP2
SMC1A,TMEM9B
SMC1A,GPC6
SMC1A,ARPC5
SMC1A,WDR11
SMC1A,FBRSL1
SMC1A,TCF3
SMC1A,TGOLN1
SMC1A,TFCP2L1
SMC1A,DICER1
SMC1A,AMFR
SMC1A,PSEN1
SMC1A,SERPINH1
SMC1A,ADAM23
SMC1A,PHC1
SMC1A,RAD21
SMC1A,ARHGAP29
SMC1A,MAPKAPK2
SMC1A,LRPAP1
SMC1A,SERPING1
SMC1A,ARF4
SMC1A,ILDR1
SMC1A,FGFR4
SMC1A,ARFIP1
SMC1A,CKAP4
SMC1A,AGPAT4
SMC1A,PRSS35
SMC1A,NANOG
SMC1A,KLF2
SMC1A,CST3
SMC1A,OPLAH
SMC1A,TDH
SMC1A,TSPAN9
SMC1A,ZFP819
SMC1A,ZFP57
SMC1A,ZIC2
SMC1A,NCAPD3
SMC1A,OTX2
SMC1A,TET1
SMC1A,LRRC34
SMC1A,SOX2
SMC1A,LY75
SMC1A,RANBP17
SMC1A,ARL8A
SMC1A,NOTCH4
SMC1A,SLC15A1
SMC1A,NR5A2
SMC1A,FOXH1
SMC1A,ZFP532
SMC1A,HSPB1
SMC1A,LAMB1
SMC1A,FGF3
SMC3,CCDC88C
SMC3,STAG1
SMC3,SELENOM
SMC3,SH3GLB1
SMC3,CDK9
SMC3,COPG1
SMC3,BASP1
SMC3,MOB3B
SMC3,KDELR1
SMC3,MED23
SMC3,COL27A1
SMC3,HSD17B14
SMC3,DOCK5
SMC3,CEMIP
SMC3,GLIPR2
SMC3,DCTPP1
SMC3,TRP53
SMC3,ADAM19
SMC3,LRRC59
SMC3,PDGFRA
SMC3,2200002D01RIK
SMC3,RRBP1
SMC3,RAB3IL1
SMC3,ALPL
SMC3,AKT1
SMC3,TIMP2
SMC3,F3
SMC3,VSIR
SMC3,MYCN
SMC3,HS3ST1
SMC3,H13
SMC3,SIK1
SMC3,GNPTAB
SMC3,GORASP2
SMC3,DTX3L
SMC3,EP400
SMC3,APP
SMC3,PHLDB2
SMC3,CAR2
SMC3,RUVBL2
SMC3,STX3
SMC3,L3MBTL3
SMC3,RFFL
SMC3,LAMC1
SMC3,SEMA4C
SMC3,KMT2B
SMC3,PHRF1
SMC3,GLI1
SMC3,FLRT3
SMC3,P4HA1
SMC3,HEXIM1
SMC3,EXT2
SMC3,KRTCAP2
SMC3,BMP1
SMC3,STAG2
SMC3,GLI2
SMC3,CDC73
SMC3,RASGRP2
SMC3,TGIF1
SMC3,TRAM1
SMC3,GNAS
SMC3,TBX3
SMC3,FHDC1
SMC3,POU5F1
SMC3,GHR
SMC3,ADNP
SMC3,TTC39B
SMC3,TYRO3
SMC3,SETD7
SMC3,FKBP5
SMC3,GCNT1
SMC3,MYC
SMC3,APOBEC3
SMC3,LTBP4
SMC3,P3H4
SMC3,SLC39A8
SMC3,PAFAH1B3
SMC3,TFRC
SMC3,PDIA3
SMC3,POFUT2
SMC3,VKORC1
SMC3,SPOCK1
SMC3,YEATS4
SMC3,NIPBL
SMC3,ZFP281
SMC3,PCGF2
SMC3,ZFHX3
SMC3,KDM5B
SMC3,NCAPD3
SMC3,IFITM1
SMC3,PIPOX
SMC3,SMARCA5
SMC3,RBMXL2
SMC3,KRT8
SMC3,ZBTB44
SMC3,LAMA1
SOX17,POU5F1
SOX17,MTF2
SOX17,SRGN
SOX17,UPP1
SOX17,SOX2
SOX17,PHC1
SOX17,LAMA1
SOX2,MTF2
SOX2,RIF1
SOX2,PIPOX
SOX2,UPP1
SOX2,ACP6
SOX2,PHC1
SOX2,SLC7A3
SOX2,OTX2
SOX2,SPP1
SOX2,TFE3
SOX2,MSH6
SOX2,ETV1
SOX2,RARA
SOX2,SET
SOX2,ZFP819
SOX2,TUBB2B
SOX2,TRIM28
SOX2,GSTA4
SOX2,RBPJ
SOX2,ITGB1
SOX2,CST3
SOX2,SSRP1
SOX2,ZFP428
SOX2,BAZ1B
SOX2,ETV4
SOX2,POU5F1
SOX2,ZFP710
SOX2,XRCC5
SOX2,LRPAP1
SOX2,HNRNPL
SOX2,RDM1
SOX2,GNA12
SOX2,MBD3
SOX2,NANOG
SOX2,TAX1BP3
SOX2,HIP1
SOX2,STAT3
SOX2,P4HB
SOX2,NFYA
SOX2,RBBP5
SOX2,TXNDC12
SOX2,MOB3B
SOX2,CDH6
SOX2,WDR82
SOX2,DUSP6
SOX2,PTP4A1
SOX2,CBX3
SOX2,TSPAN9
SOX2,FOXH1
SOX2,MYLPF
SOX2,NR5A2
SOX2,ZFP143
SOX2,CLTC
SOX2,RRBP1
SOX2,PLEKHF2
SOX2,CBX5
SOX2,LRRC34
SOX2,ADNP
SOX2,ZFP532
SOX2,E2F1
SOX2,TRP53
SOX2,KMT2B
SOX2,SEMA4C
SOX2,CTCF
SOX2,PLA2G1B
SOX2,CBX1
SOX2,MKRN1
SOX2,SUMO2
SOX2,GCNT2
SOX2,SH3PXD2B
SOX2,DGCR8
SOX2,OGT
SOX2,GLO1
SOX2,STT3A
SOX2,SMC3
SOX2,2410141K09RIK
SOX2,NFYC
SOX2,HSPB1
SOX2,SMARCA2
SOX2,SLC15A1
SOX2,ARID1A
SOX2,ZMYND8
SOX2,NCAPH2
SOX2,LMF2
SOX2,TPD52
SOX2,DPPA2
SOX2,IMPDH2
SOX2,PTOV1
SOX2,RCOR1
SOX2,MED12
SOX2,EZH2
SOX2,ADGRA2
SOX2,MED23
SOX2,FBLIM1
SOX2,OSBP
SOX2,CHD7
SOX2,WDR11
SOX2,NASP
SOX2,E4F1
SOX2,RAF1
SOX2,SMARCAD1
SOX2,ZFP42
SOX2,PDIA3
SOX2,HEXIM1
SOX2,ARF4
SOX2,TCF3
SOX2,SRSF2
SOX2,ETV5
SOX2,PRDM14
SOX2,MSH2
SOX2,AEBP2
SOX2,ELL
SOX2,MPRIP
SOX2,NONO
SOX2,FRMD4A
SOX2,UBA2
SOX2,TLE4
SOX2,FBRSL1
SOX2,LRRC58
SOX2,FN1
SOX2,KAT8
SOX2,TCF12
SOX2,SEC11A
SOX2,RAB11A
SOX2,GDPD5
SOX2,TFRC
SOX2,PTPN14
SOX2,SOD1
SOX2,BEND5
SOX2,SARAF
SOX2,P4HA1
SOX2,HEATR1
SOX2,KDM1A
SOX2,DPPA4
SOX2,CHCHD10
SOX2,PNP
SOX2,SSR3
SOX2,EIF2S2
SOX2,RRN3
SOX2,BMP4
SOX2,SETD7
SOX2,UBQLN2
SOX2,TCEA3
SOX2,TMED3
SOX2,REEP5
SOX2,KMT2C
SOX2,SERBP1
SOX2,KAT5
SOX2,PTPN21
SOX2,SERPINH1
SOX2,SERPING1
SOX2,FABP3
SOX2,PATJ
SOX2,TMED9
SOX2,MAPK8
SOX2,SIRT6
SOX2,NOTCH4
SOX2,ATP6V0A1
SOX2,IRF2BPL
SOX2,MAP1A
SOX2,PLOD1
SOX2,ITGAV
SOX2,SMARCA5
SOX2,PXDN
SOX2,LPAR2
SOX2,ZFP979
SOX2,ZFHX3
SOX2,CDC16
SOX2,ADAM19
SOX2,AGPAT4
SOX2,COLGALT1
SOX2,SMARCC1
SOX2,CBX2
SOX2,IGFBP2
SOX2,TMEM144
SOX2,PML
SOX2,DARS
SOX2,PCOLCE2
SOX2,PDIA5
SOX2,HDAC2
SOX2,VKORC1
SOX2,TDGF1
SOX2,PITPNC1
SOX2,TGIF1
SOX2,RAB2A
SOX2,TBX3
SOX2,RARG
SOX2,HSP90AB1
SOX2,PAFAH1B3
SOX2,ARHGAP1
SOX2,NR4A1
SOX2,PRKAA2
SOX2,BRD2
SOX2,KRT17
SOX2,PDK1
SOX2,TMED10
SOX2,BMPR2
SOX2,LAMB1
SOX2,ZIC3
SOX2,NRF1
SOX2,GABARAP
SOX2,KRT42
SOX2,LAMB2
SOX2,KMT2D
SOX2,SMAD3
SOX2,SFRP1
SOX2,ZFP57
SOX2,SALL4
SOX2,CTSL
SOX2,NACC1
SOX2,NODAL
SOX2,MYMX
SOX2,PWP1
SOX2,PHLDB2
SOX2,CREB3
SOX2,GNPTAB
SOX2,GABBR1
SOX2,IFITM1
SOX2,FAM129B
SOX2,RBBP7
SOX2,PLA2G15
SOX2,KLF4
SOX2,LY75
SOX2,PDGFRA
SOX2,KDM6B
SOX2,MCRS1
SOX2,SIK1
SOX2,TGIF2
SOX2,ST5
SOX2,NR0B1
SOX2,TCN2
SOX2,TMEM150A
SOX2,CTSZ
SOX2,RBPMS2
SOX2,AKT1
SOX2,OPLAH
SOX2,PECAM1
SOX2,HNF1B
SS18,SPP1
SS18,RIF1
SS18,UPP1
SS18,MTF2
SS18,TSPAN9
SS18,FABP3
SS18,SLC15A1
SS18,RDM1
SS18,LRRC34
SS18,PIPOX
SS18,RBPJ
SS18,LRPAP1
SS18,PATJ
SS18,ITGB1
SS18,CST3
SS18,TMEM150A
SS18,PHC1
SS18,ACP6
SS18,GSTA4
SS18,MSH6
SS18,NR5A2
SS18,SET
SS18,HMGA1B
SS18,HMGA1
SS18,UBA2
SS18,LMNB1
SS18,2410141K09RIK
SS18,ZFP819
SS18,NPM1
SS18,EZH2
SS18,SLC7A3
SS18,KRT42
SS18,PTP4A1
SS18,OPLAH
SS18,KDELC2
SS18,2200002D01RIK
SS18,HSPB1
SS18,HEXIM1
SS18,TLE4
SS18,TFRC
SS18,RRN3
SS18,CBX5
SS18,TBRG1
SS18,MOV10
SS18,SLC16A1
SS18,SMARCAD1
SS18,FBLIM1
SS18,RYBP
SS18,NCAPH2
SS18,LMF2
SS18,NFYC
SS18,ADAM10
SS18,MBD3
SS18,CLTC
SS18,KAT8
SS18,DARS
SS18,HIRA
STAG1,MED23
STAG1,PDGFRA
STAG1,SH3GLB1
STAG1,SELENOM
STAG1,CEMIP
STAG1,DOCK5
STAG1,L3MBTL3
STAG1,CCDC88C
STAG1,SPOCK1
STAG1,MYCN
STAG1,FLRT3
STAG1,CDK9
STAG1,GNPTAB
STAG1,BASP1
STAG1,BMP1
STAG1,HS3ST1
STAG1,COL27A1
STAG1,KMT2B
STAG1,GLI1
STAG1,SMC3
STAG1,ALPL
STAG1,DCTPP1
STAG1,ADAM19
STAG1,TRP53
STAG1,GLI2
STAG1,PAFAH1B3
STAG1,PATJ
STAG1,MOB3B
STAG1,EP400
STAG1,GNAS
STAG1,F3
STAG1,MYC
STAG1,CAR2
STAG1,PLA2G1B
STAG1,STAG2
STAG1,CTCF
STAG1,GORASP2
STAG1,RBMXL2
STAG1,DTX3L
STAG1,APOBEC3
STAG1,HSD17B14
STAG1,TYRO3
STAG1,GCNT1
STAG1,APP
STAG1,GHR
STAG1,SIK1
STAG1,FZD5
STAG1,P3H4
STAG1,COPG1
STAG1,GLIPR2
STAG1,ZFP710
STAG1,RASGRP2
STAG1,ENOX1
STAG1,YEATS4
STAG1,SETD7
STAG1,TENM4
STAG1,HDAC1
STAG1,THAP11
STAG1,PHLDB2
STAG1,CDC16
STAG1,TBX3
STAG1,GATA6
STAG1,ZYX
STAG1,STX3
STAG1,CMKLR1
STAG1,KLF5
STAG1,ATF7IP
STAG1,RRBP1
STAG1,VSIR
STAG1,POU5F1
STAG1,POFUT2
STAG1,ADNP
STAG1,RFFL
STAG1,ABHD5
STAG1,EXT2
STAG1,KRTCAP2
STAG1,TTC39B
STAG1,BNC2
STAG1,VKORC1
STAG1,NIPBL
STAG1,TGFBR3
STAG1,LTBP4
STAG1,HEXIM1
STAG1,ELOB
STAG1,PIPOX
STAG1,MAP1A
STAG1,TIMP2
STAG1,RBBP5
STAG1,KDELR1
STAG1,VAMP8
STAG1,KDELC2
STAG1,PHRF1
STAG1,RUVBL2
STAG1,BAZ2A
STAG1,P4HA1
STAG1,XRCC5
STAG1,TRAM1
STAG1,ZFHX3
STAG1,PRDX1
STAG1,PCGF2
STAG1,ZBTB2
STAG1,FHDC1
STAG1,2200002D01RIK
STAG1,ETV5
STAG1,ZFP281
STAG1,CXXC1
STAG1,FKBP5
STAG1,TMED3
STAG1,KRT8
STAG1,LAMA1
STAG1,BRD4
STAG1,RAD23B
STAG1,FNDC3B
STAG1,OAT
STAG1,SLC39A8
STAG1,GABBR1
STAG1,TFCP2L1
STAG1,ASS1
STAG1,KMT2C
STAG1,FN1
STAG1,H13
STAG1,LAMC1
STAG1,ARHGAP29
STAG1,EPAS1
STAG1,DICER1
STAG1,ARF5
STAG1,LRRC59
STAG1,PDIA3
STAG1,SIN3A
STAG1,PHF19
STAG1,CCND1
STAG1,KAT5
STAG1,SPNS2
STAG1,TMEM59
STAG1,EPHA1
STAG1,SMARCA5
STAG1,SEMA4C
STAG1,MTF2
STAG1,IFITM1
STAG1,ITGA6
STAG1,MYLPF
STAG1,AKT1
STAG1,HKDC1
STAG1,LY75
STAG1,EMP2
STAG1,HIP1
STAG1,NELFA
STAG1,BCLAF3
STAG1,ILDR1
STAG1,PNP
STAG2,SELENOM
STAG2,PAFAH1B3
STAG2,CDK9
STAG2,DOCK5
STAG2,SPOCK1
STAG2,GLI1
STAG2,MED23
STAG2,ADAM19
STAG2,BMP1
STAG2,KMT2B
STAG2,SH3GLB1
STAG2,TRP53
STAG2,HSD17B14
STAG2,GLI2
STAG2,SMC3
STAG2,DCTPP1
STAG2,CEMIP
STAG2,FLRT3
STAG2,L3MBTL3
STAG2,GCNT1
STAG2,GNAS
STAG2,STAG1
STAG2,ALPL
STAG2,PDGFRA
STAG2,RBMXL2
STAG2,MYCN
STAG2,F3
STAG2,POU5F1
STAG2,VAMP8
STAG2,TYRO3
STAG2,GLIPR2
STAG2,APOBEC3
STAG2,CCDC88C
STAG2,BAZ2A
STAG2,STX3
STAG2,RASGRP2
STAG2,EP400
STAG2,THAP11
STAG2,SIK1
STAG2,PIPOX
STAG2,MAP1A
STAG2,HS3ST1
STAG2,PCGF2
STAG2,PLA2G1B
STAG2,ELOB
STAG2,PATJ
STAG2,DTX3L
STAG2,VSIR
STAG2,COPG1
STAG2,YEATS4
STAG2,KRT8
STAG2,P3H4
STAG2,VKORC1
STAG2,COL27A1
STAG2,PHLDB2
STAG2,APP
STAG2,ATF7IP
STAG2,GORASP2
STAG2,GNPTAB
STAG2,ZYX
STAG2,CAR2
STAG2,IFITM1
STAG2,SETD7
STAG2,FKBP5
STAG2,FN1
STAG2,NIPBL
STAG2,KDELR1
STAG2,HEXIM1
STAG2,TTC39B
STAG2,TENM4
STAG2,TIMP2
STAG2,GATA6
STAG2,BNC2
STAG2,MYC
STAG2,SPNS2
STAG2,PHRF1
STAG2,ZFP281
STAG2,FZD5
STAG2,EVA1A
STAG2,TRAM1
STAG2,RRBP1
STAG2,MOB3B
STAG2,ZFHX3
STAG2,TBX3
STAG2,EPAS1
STAG2,RBBP5
STAG2,EPHA1
STAG2,SEMA4C
STAG2,GHR
STAG2,FHDC1
STAG2,2200002D01RIK
STAG2,SLC39A8
STAG2,LAMA1
STAG2,LTBP4
STAG2,RUVBL2
STAG2,CXXC1
STAG2,TFCP2L1
STAG2,CMKLR1
STAG2,ITGA6
STAG2,KRTCAP2
STAG2,BCLAF3
STAG2,ARF5
STAG2,MAX
STAG2,DAB2
STAG2,ABHD5
STAG2,CTCF
STAG2,AKT1
STAG2,ASS1
STAG2,LY75
STAG2,TMEM59
STAG2,PHF19
STAG2,SNX7
STAG2,GNA12
STAG2,RFFL
STAG2,SMARCA5
STAG2,FNDC3B
STAG2,ENOX1
STAG2,ETV5
STAG2,CDC16
STAG2,TMED3
STAG2,POFUT2
STAG2,LRRC59
STAG2,KDELC2
STAG2,SSR4
STAG2,NELFA
STAG2,ETV1
STAG2,SIN3A
STAG2,PNP
STAG2,HIP1
STAG2,BRD4
STAG2,PRDX1
STAG2,ADNP
STAG2,GCNT2
STAG2,SERBP1
STAG2,SEC11A
STAG2,P4HA1
STAG2,SOAT1
STAG2,FGFR1
STAG2,RAF1
STAG2,ZFX
STAG2,TGIF1
STAG2,KDM5B
STAG2,ILDR1
STAG2,TLE4
STAG2,MYLPF
STAG2,XRCC5
STAG2,MTA2
STAG2,ZFP384
STAG2,MTF2
STAG2,EMP2
STAG2,CPOX
SUMO1,HDAC2
SUMO1,LRRC59
SUMO1,ACP6
SUMO1,KDM1A
SUMO1,SH3GLB1
SUMO1,TRAM1
SUMO1,RBBP5
SUMO1,SSRP1
SUMO1,MFSD1
SUMO1,MORC3
SUMO1,MED23
SUMO1,HDLBP
SUMO1,ATF7IP
SUMO1,SNURF
SUMO1,SNRPN
SUMO1,TMED9
SUMO1,RAB11A
SUMO1,TRP53
SUMO1,GORASP2
SUMO1,TMED3
SUMO1,SMARCA2
SUMO1,CREB3
SUMO1,FUT8
SUMO1,NSL1
SUMO1,HSF2BP
SUMO1,MAN1A2
SUMO1,DAB2
SUMO1,EZH2
SUMO1,ARID1A
SUMO1,SIRT6
SUMO1,KANSL3
SUMO1,ADNP
SUMO1,PLOD2
SUMO1,GTF2B
SUMO1,SMARCA5
SUMO1,TBRG1
SUMO1,FBXW8
SUMO1,MAPK8
SUMO1,MTF2
SUMO1,KMT2C
SUMO1,PTP4A1
SUMO1,P4HA2
SUMO1,CD63
SUMO1,HMGA1B
SUMO1,HMGA1
SUMO1,TRIM28
SUMO1,P3H4
SUMO1,LRRC58
SUMO1,SELENOS
SUMO1,KDM4C
SUMO1,TCL1
SUMO1,FKBP5
SUMO1,ZFP143
SUMO1,KDM5A
SUMO1,TENM4
SUMO1,RPP25
SUMO1,COPG1
SUMO1,ADAM10
SUMO1,KMT2B
SUMO1,TFRC
SUMO1,PATJ
SUMO1,SUZ12
SUMO1,SPNS2
SUMO1,TXNDC5
SUMO1,ENOX1
SUMO1,ARHGAP29
SUMO1,RASGRP2
SUMO1,GNAS
SUMO1,RBMXL2
SUMO1,RAP1GDS1
SUMO1,GTF3C1
SUMO1,AEBP2
SUMO1,PDE4DIP
SUMO1,ABHD5
SUMO1,PDIA3
SUMO1,BASP1
SUMO1,P4HA1
SUMO1,FRMD4A
SUMO1,ASPH
SUMO1,PDCD6IP
SUMO1,SELENOW
SUMO1,SETX
SUMO1,OPLAH
SUMO1,CALR
SUMO1,UPP1
SUMO1,ZFHX3
SUMO1,MARC2
SUMO1,APOBEC3
SUMO1,WDR82
SUMO1,SARAF
SUMO1,DGCR8
SUMO1,GSN
SUMO1,POU5F1
SUMO1,COMMD3
SUMO1,CBX3
SUMO1,ALPL
SUMO1,QSOX1
SUMO2,ACP6
SUMO2,HDAC2
SUMO2,MFSD1
SUMO2,RAB11A
SUMO2,ATF7IP
SUMO2,SH3GLB1
SUMO2,MORC3
SUMO2,ARID1A
SUMO2,SNURF
SUMO2,SNRPN
SUMO2,FUT8
SUMO2,TMED9
SUMO2,MED23
SUMO2,SMARCA2
SUMO2,TMED3
SUMO2,RBBP5
SUMO2,LAMP1
SUMO2,DAB2
SUMO2,EZH2
SUMO2,PTP4A1
SUMO2,MAFK
SUMO2,SMARCA5
SUMO2,ADNP
SUMO2,MAN1A2
SUMO2,TBRG1
SUMO2,MTF2
SUMO2,PLOD2
SUMO2,TRAM1
SUMO2,TRIM28
SUMO2,LRRC58
SUMO2,ARHGAP29
SUMO2,TAF3
SUMO2,SIRT6
SUMO2,HSF2BP
SUMO2,FBXW8
SUMO2,FBLIM1
SUMO2,ZFP143
SUMO2,SUZ12
SUMO2,SELENOW
SUMO2,HMGA1
SUMO2,CD63
SUMO2,RAP1GDS1
SUMO2,RBMXL2
SUMO2,BASP1
SUMO2,SS18
SUMO2,MYMX
SUMO2,ELL2
SUMO2,HDLBP
SUMO2,MDN1
SUMO2,HSP90AA1
SUMO2,PCOLCE
SUMO2,SPNS2
SUMO2,RPP25
SUMO2,SELENOS
SUMO2,TCL1
SUMO2,ADAM10
SUMO2,GTF2B
SUMO2,PPIB
SUMO2,P4HA2
SUMO2,P3H4
SUMO2,ATP6V0E
SUMO2,AEBP2
SUMO2,HMGA1B
SUMO2,SMAD2
SUMO2,KANSL3
SUMO2,GLI1
SUMO2,GNAS
SUMO2,GPC6
SUMO2,SETD1A
SUMO2,CBX3
SUMO2,ADAM19
SUMO2,IKBIP
SUMO2,APAF1
SUMO2,ENOX1
SUMO2,TENM4
SUMO2,COMMD3
SUMO2,SRSF1
SUMO2,DAP
SUMO2,SLC16A1
SUMO2,PDCD6IP
SUMO2,FBRSL1
SUMO2,PRDM15
SUMO2,DGCR8
SUMO2,KMT2C
SUMO2,ABHD5
SUMO2,NFYC
SUMO2,OPLAH
SUMO2,CAR2
SUMO2,GTF3C1
SUMO2,CPD
SUMO2,MAPK8
SUMO2,NELFA
SUMO2,SLC39A8
SUMO2,ASPH
SUMO2,DPY30
SUMO2,FKBP5
SUMO2,CARHSP1
SUMO2,SARAF
SUMO2,ZFHX3
SUMO2,COL27A1
SUMO2,UBA2
SUMO2,P4HA1
SUMO2,ALPL
SUMO2,TRP53
SUMO2,SLC25A4
SUMO2,MBNL2
SUMO2,OAT
SUMO2,MARC2
SUMO2,BRD4
SUMO2,CALR
SUMO2,BMI1
SUMO2,ZFP42
SUMO2,QSOX1
SUMO2,TPD52
SUMO2,LAMA1
SUMO2,APP
SUMO2,MAN1A
SUMO2,DICER1
SUMO2,NCAPG
SUPT5,RDM1
SUPT5,CALM1
SUPT5,TFRC
SUPT5,GTF2B
SUPT5,HSP90AA1
SUPT5,PRDX1
SUPT5,CBX3
SUPT5,NPM1
SUPT5,GORASP2
SUPT5,PNP
SUPT5,SLC25A4
SUPT5,CALR
SUPT5,HSP90AB1
SUPT5,SRSF2
SUPT5,TMED9
SUPT5,IMPDH2
SUPT5,MTF2
SUPT5,KLF2
SUPT5,SOD1
SUPT5,SS18
SUPT5,BTAF1
SUPT5,SLC16A1
SUPT5,DARS
SUPT5,PDIA3
SUPT5,NASP
SUPT5,KDM5B
SUPT5,CDC42SE2
SUPT5,RRN3
SUPT5,IER2
SUPT5,HEXIM1
SUPT5,DDB1
SUPT5,ABHD5
SUPT5,MSH2
SUPT5,P4HA1
SUPT5,SELENOS
SUPT5,PSEN1
SUPT5,GFPT2
SUPT5,BSG
SUPT5,UBA2
SUPT5,APPBP2
SUPT5,DDX21
SUPT5,GNAI3
SUPT5,B2M
SUPT5,KANSL3
SUPT5,SLC7A6
SUPT5,OAT
SUPT5,SUMO1
SUPT5,WDR82
SUPT5,FKBP5
SUPT5,SMC3
SUPT5,CBX5
SUPT5,RBBP7
SUPT5,JUN
SUPT5,TRIM28
SUPT5,PDIA6
SUPT5,NCAPG
SUPT5,PAF1
SUPT5,HSPA4
SUPT5,SELENOW
SUPT5,CDC5L
SUPT5,BMPR2
SUPT5,CLTC
SUPT5,H13
SUPT5,POFUT2
SUPT5,HMGA1B
SUPT5,HMGA1
SUPT5,CALU
SUPT5,SMARCC1
SUPT5,PHRF1
SUPT5,ARPC5
SUPT5,DCTPP1
SUPT5,POLE4
SUPT5,TGOLN1
SUPT5,ARF1
SUPT5,ASPH
SUPT5,NSL1
SUPT5,HNRNPL
SUPT5,SRSF1
SUPT5,SAP18
SUPT5,NFYC
SUPT5,MAN1A2
SUPT5,P4HB
SUPT5,PARP1
SUPT5,ERP29
SUPT5,KDM5A
SUPT5,TLE4
SUPT5,DR1
SUPT5,ETV5
SUPT5,NRF1
SUPT5,MORC3
SUPT5,YEATS4
SUPT5,CDC73
SUPT5,ZBTB44
SUPT5,GNAS
SUPT5,TMEM165
SUPT5,OSTC
SUPT5,KDM4C
SUPT5,KDELR2
SUPT5,RAF1
SUPT5,TAX1BP3
SUPT5,DPY30
SUPT5,RRBP1
SUPT5,EZH2
SUPT5,HDLBP
SUPT5,APEX1
SUPT5,GTF3C1
SUPT5,SURF4
SUPT5,SET
SUPT5,IKBIP
SUPT5,APAF1
SUPT5,RTN3
SUPT5,GGA2
SUPT5,EP400
SUPT5,NFYB
SUPT5,TCF15
SUPT5,KDM1A
SUPT5,YY1
SUPT5,B4GALT1
SUPT5,MSH6
SUPT5,ACBD3
SUPT5,ARF4
SUPT5,TFCP2L1
SUPT5,RAD23B
SUPT5,LRPAP1
SUPT5,LRRC59
SUPT5,EIF2S2
SUPT5,USP16
SUPT5,EED
SUPT5,MYC
SUPT5,SMARCA5
SUPT5,RBMXL2
SUPT5,GXYLT1
SUPT5,CTSL
SUPT5,XRCC5
SUPT5,SNX2
SUPT5,ATP6V0A1
SUPT5,RRAS2
SUPT5,DDOST
SUPT5,NCOR1
SUPT5,KAT8
SUPT5,SERBP1
SUPT5,IFI30
SUPT5,DGCR8
SUPT5,ARFGAP1
SUPT5,ZBTB2
SUPT5,KCTD10
SUPT5,SUPT16
SUPT5,FN1
SUPT5,PRDX4
SUPT5,COPA
SUPT5,RPN1
SUPT5,NELFA
SUPT5,PTP4A1
SUPT5,GOT1
SUPT5,RPN2
SUPT5,STT3A
SUPT5,SSR3
SUPT5,MYBL2
SUPT5,UBQLN2
SUPT5,ATP6V0E
SUPT5,CHD4
SUPT5,MYDGF
SUPT5,MAFK
SUPT5,MBD3
SUPT5,MPHOSPH8
SUPT5,TMBIM6
SUPT5,SSR1
SUPT5,DNAJC10
SUPT5,FBXO22
SUPT5,AP2A2
SUPT5,MSL2
SUPT5,DPF2
SUPT5,ADAM10
SUPT5,MARC2
SUPT5,PDCD6IP
SUPT5,TMEM214
SUPT5,FRS2
SUPT5,AARS
SUPT5,NFYA
SUPT5,TMED10
SUPT5,MED1
SUPT5,TRP53
SUPT5,CHD1
SUPT5,E4F1
SUPT5,SLC35F5
SUPT5,RAP1GDS1
SUPT5,MTA2
SUPT5,PLEKHF2
SUPT5,CBX1
SUPT5,PPIB
SUPT5,GMNN
SUPT5,ZFP281
SUPT5,FGF4
SUPT5,HEATR1
SUPT5,TAF2
SUPT5,HDAC1
SUPT5,LEO1
SUPT5,FBRSL1
SUPT5,BRD4
SUPT5,WDR5
SUPT5,CARHSP1
SUPT5,LAMC1
SUPT5,ZFP428
SUPT5,UTP14A
SUPT5,SDCBP
SUPT5,COLGALT1
SUPT5,INO80
SUPT5,MYH9
SUPT5,DNAJC3
SUPT5,E2F4
SUPT5,L1TD1
SUPT5,TMEM30A
SUPT5,PURB
SUPT5,NUP210
SUPT5,COL18A1
SUPT5,RANBP17
SUPT5,HIRA
SUPT5,FZD5
SUPT5,CTCF
SUPT5,MYL6
SUPT5,BRD9
SUPT5,SEC11A
SUPT5,STAG1
SUPT5,METTL3
SUPT5,ZFP322A
SUPT5,PDK1
SUPT5,LRRC58
SUPT5,STAT3
SUPT5,COTL1
SUPT5,COPG1
SUPT5,GFPT1
SUPT5,BCLAF3
SUPT5,TM9SF3
SUPT5,ARHGAP29
SUPT5,ILK
SUPT5,EDEM1
SUPT5,MCM2
SUPT5,SPP1
SUPT5,ATRX
SUPT5,SETX
SUPT5,P3H1
SUPT5,SLC39A7
SUPT5,NAA10
SUPT5,EP300
SUPT5,LMNB1
SUPT5,ADAM19
SUPT5,RNF2
SUPT5,TXNDC12
SUPT5,ZFP143
SUPT5,KLF5
SUPT5,NCAPD3
SUPT5,ARPC2
SUPT5,RER1
SUPT5,RCOR1
SUPT5,MED26
SUPT5,ZFP979
SUPT5,ZFP384
SUPT5,PHF5A
SUPT5,SUZ12
SUPT5,ELL2
SUPT5,GLO1
SUPT5,IRF2BPL
SUPT5,TRAM1
SUPT5,SIRT6
SUPT5,DKC1
SUPT5,TNKS
SUPT5,CDK8
SUPT5,RYBP
SUPT5,IGFBP2
SUPT5,PITPNC1
SUPT5,HAP1
SUPT5,ZC3H11A
SUPT5,XPNPEP1
SUPT5,DERL1
SUPT5,KDM6A
SUPT5,UHRF1
SUPT5,FBXW8
SUPT5,COPB1
SUPT5,RPP25
SUPT5,ARHGAP1
SUPT5,CHMP4B
SUPT5,HDAC2
SUPT5,TBP
SUPT5,WDR11
SUPT5,ADNP
SUPT5,SEC24A
SUPT5,TMED2
SUPT5,SMAD1
SUPT5,MDN1
SUPT5,SSRP1
SUPT5,RBPJ
SUPT5,DROSHA
SUPT5,ALPL
SUPT5,NCAPH2
SUPT5,LMF2
SUPT5,CPOX
SUPT5,GSTA4
SUPT5,CTSZ
SUPT5,TXNDC5
SUPT5,GALK1
SUPT5,ELL
SUPT5,GLDC
SUPT5,ACTL6A
SUPT5,CDC16
SUPT5,USP7
SUPT5,EPOP
SUPT5,CBX2
SUPT5,KAT5
SUPT5,NR4A1
SUPT5,CTR9
SUPT5,MAX
SUPT5,FLRT3
SUPT5,TCF3
SUPT5,DUSP6
SUPT5,VAMP3
SUPT5,MBD2
SUPT5,ERF
SUPT5,FGFR1
SUPT5,ACP6
SUPT5,TAF3
SUPT5,TMEM9B
SUPT5,SMYD2
SUPT5,SIK1
SUPT5,SUMO2
SUPT5,TALDO1
SUPT5,TMOD3
SUPT5,ITGAV
SUPT5,SMARCAD1
SUPT5,PWP1
SUPT5,CREB3L2
SUPT5,SHF
SUPT5,HSPB1
SUPT5,HIRIP3
SUPT5,NUCB1
SUPT5,HSPG2
SUPT5,NFXL1
SUPT5,AGPAT4
SUPT5,RBBP5
SUPT5,KRTCAP2
SUPT5,RUVBL2
SUPT5,TMEM59
SUPT5,MMGT1
SUPT5,KDM4A
SUPT5,RAD21
SUPT5,MCRS1
SUPT5,FUT8
SUPT5,SETD1A
SUPT5,GDPD5
SUPT5,LAMA1
SUPT5,SMARCA4
SUPT5,MOB3B
SUPT5,TUBB2B
SUPT5,MAPK8
SUPT5,PDIA5
SUPT5,APOBEC3
SUPT5,MAP1A
SUPT5,SMC1A
SUPT5,ITGA6
SUPT5,2410141K09RIK
SUPT5,DAXX
SUPT5,BAZ1B
SUPT5,ZIC3
SUPT5,SMAD2
SUPT5,TDH
SUPT5,USP28
SUPT5,SLC39A1
SUPT5,RNF138
SUPT5,OSBP
SUPT5,CST3
SUPT5,MSL1
SUPT5,UTF1
SUPT5,SEC24D
SUPT5,SNURF
SUPT5,SNRPN
SUPT5,LY75
SUPT5,CDK9
SUPT5,ADAM23
SUPT5,PARD6B
SUPT5,E2F1
SUPT5,TCF12
SUPT5,NONO
SUPT5,NACC1
SUPT5,AMPD2
SUPT5,LAMP1
SUPT5,RIF1
SUPT5,TDG
SUPT5,SOAT1
SUPT5,SETDB1
SUPT5,GNS
SUPT5,SRI
SUPT5,TBRG1
SUPT5,CERS4
SUPT5,PHC1
SUPT5,TPM4
SUPT5,KLF4
SUPT5,TET2
SUPT5,ZFP57
SUPT5,ZFP217
SUPT5,CTSD
SUPT5,HCFC1
SUPT5,TTC39B
SUPT5,SSR4
SUPT5,DCLK2
SUPT5,CCND1
SUPT5,GNB2
SUPT5,GNPTAB
SUPT5,HTATSF1
SUPT5,ARID1A
SUPT5,TMED3
SUPT5,RAB11A
SUPT5,REST
SUPT5,NODAL
SUPT5,ITGB1
SUPT5,ASS1
SUPT5,CPD
SUPT5,ZFP819
SUPT5,HELB
SUPT5,ZFP710
SUPT5,XBP1
SUPT5,QSOX1
SUPT5,SEC23A
SUPT5,HSF2BP
SUPT5,TCOF1
SUPT5,KDELC2
SUPT5,ZFP42
SUPT5,KDELR3
SUPT5,CDK7
SUPT5,RCC2
SUPT5,MKRN1
SUPT5,NIPSNAP1
SUPT5,CRTC3
SUPT5,KDM2A
SUPT5,GABARAP
SUPT5,PTPN21
SUPT5,CD63
SUPT5,HIP1
SUPT5,KDM2B
SUPT5,TBX3
SUPT5,SMAD3
SUPT5,TGIF2
SUPT5,ZFYVE21
SUPT5,GNA12
SUPT5,EHMT2
SUPT5,NR0B1
SUPT5,UBTF
SUPT5,TPD52
SUPT5,KMT2D
SUPT5,GCNT1
SUPT5,ETV4
SUPT5,ZFX
SUPT5,DICER1
SUPT5,ATF7IP
SUPT5,PLOD2
SUPT5,CXXC1
SUPT5,CHCHD10
SUPT5,TGIF1
SUPT5,PFKP
SUPT5,ALG13
SUPT5,OGT
SUPT5,GDF3
SUPT5,EXT2
SUPT5,PLOD3
SUPT5,SFRP1
SUPT5,BAG2
SUPT5,MOV10
SUPT5,ALDH2
SUPT5,RAB2A
SUPT5,KAT6B
SUPT5,FNDC3B
SUPT5,JARID2
SUPT5,LPAR2
SUPT5,PKNOX1
SUPT5,BMP4
SUPT5,COBL
SUPT5,TFE3
SUPT5,NCOR2
SUPT5,LRRC34
SUPT5,KMT2B
SUPT5,TAF1
SUPT5,MYCN
SUPT5,SOX2
SUPT5,CBX7
SUPT5,NANOG
SUPT5,IFITM2
SUPT5,PRDM15
SUPT5,MEN1
SUPT5,CNOT3
SUPT5,FRMD4A
SUPT5,FOXH1
SUPT5,CREBBP
SUPT5,PCGF2
SUPT5,ARID3A
SUPT5,ARFIP1
SUPT5,MYMX
SUPT5,MAPKAPK2
SUPT5,GSR
SUPT5,KDELR1
SUPT5,ARL8A
SUPT5,SH3PXD2B
SUPT5,SARAF
SUPT5,CBFA2T2
SUPT5,COMMD3
SUPT5,TEX264
SUPT5,TET1
SUPT5,HDAC3
SUPT5,DAP
SUPT5,RBPMS2
SUPT5,FUT9
SUPT5,N4BP3
SUPT5,SAP30
SUPT5,CREB3
SUPT5,ANP32A
SUPT5,DAB2
SUPT5,ZFP459
SUPT5,PTOV1
SUPT5,GCNT2
SUPT5,DMAP1
SUPT5,FXYD6
SUPT5,SLC7A3
SUPT5,EPAS1
SUPT5,VKORC1
SUPT5,REEP5
SUPT5,FGD1
SUPT5,MFSD1
SUPT5,CTBP2
SUPT5,TCL1
SUPT5,RARA
SUPT5,CKAP4
SUPT5,CCDC88C
SUPT5,SELENOM
SUPT5,DOCK5
SUPT5,PLA2G15
SUPT5,TDGF1
SUPT5,ZYX
SUPT5,SLC15A1
SUPT5,GLMP
SUPT5,JAM2
SUPT5,MPRIP
SUPT5,OBSL1
SUPT5,PLOD1
SUPT5,SEMA4C
SUPT5,GLI2
SUPT5,CHD7
SUPT5,MBNL2
SUPT5,F3
SUPT5,ERAS
SUPT5,GLIPR2
SUPT5,DNMT3B
SUPT5,ETV1
SUPT5,P4HA2
SUPT5,ZCCHC24
SUPT5,HS3ST1
SUPT5,AKT1
SUPT5,FKBP9
SUPT5,SLC9A6
SUPT5,SORD
SUPT5,SERPINH1
SUPT5,SALL1
SUPT5,ELOB
SUPT5,PCOLCE2
SUPT5,AFF3
SUPT5,SERPING1
SUPT5,BASP1
SUPT5,PRKAA2
SUPT5,SPARC
SUPT5,MED23
SUPT6,PSEN1
SUPT6,IMPDH2
SUPT6,CBX3
SUPT6,HMGA1B
SUPT6,HMGA1
SUPT6,GABARAP
SUPT6,ADNP
SUPT6,SERBP1
SUPT6,NPM1
SUPT6,CBX5
SUPT6,KDM5A
SUPT6,DARS
SUPT6,MTF2
SUPT6,PHC1
SUPT6,ZFP143
SUPT6,PDK1
SUPT6,NFYC
SUPT6,HNRNPL
SUPT6,HSP90AB1
SUPT6,DAXX
SUPT6,KAT6B
SUPT6,POLE4
SUPT6,ZFP710
SUPT6,MYMX
SUPT6,SALL4
SUPT6,PRDX1
SUPT6,TRIM28
SUPT6,YY1
SUPT6,UBA2
SUPT6,STAT3
SUPT6,SUPT16
SUPT6,KAT8
SUPT6,ELL
SUPT6,HSP90AA1
SUPT6,L1TD1
SUPT6,ETV1
SUPT6,NCOR1
SUPT6,NRF1
SUPT6,IER2
SUPT6,MSL2
SUPT6,RDM1
SUPT6,APEX1
SUPT6,RANBP17
SUPT6,TDGF1
SUPT6,NFYA
SUPT6,ARID1A
SUPT6,ZFP428
SUPT6,RBPJ
SUPT6,RAF1
SUPT6,NASP
SUPT6,SRSF2
SUPT6,ZFP384
SUPT6,JUN
SUPT6,TLE4
SUPT6,TXNDC12
SUPT6,IFITM2
SUPT6,FGFR1
SUPT6,ACP6
SUPT6,EPAS1
SUPT6,ATRX
SUPT6,EED
SUPT6,LMNB1
SUPT6,CBX7
SUPT6,ZBTB44
SUPT6,DDB1
SUPT6,SRSF1
SUPT6,SMARCAD1
SUPT6,ZFP42
SUPT6,HDLBP
SUPT6,DPY30
SUPT6,KDM4C
SUPT6,GDF3
SUPT6,UTP14A
SUPT6,EHMT2
SUPT6,STAG1
SUPT6,OGT
SUPT6,ITGB1
SUPT6,UHRF1
SUPT6,KDM5B
SUPT6,FN1
SUPT6,EZH2
SUPT6,UBTF
SUPT6,PIPOX
SUPT6,HSPA4
SUPT6,CLTC
SUPT6,CDC5L
SUPT6,ETV5
SUPT6,STT3A
SUPT6,RPN1
SUPT6,LRRC59
SUPT6,YEATS4
SUPT6,FBXO22
SUPT6,ARPC2
SUPT6,ATF7IP
SUPT6,SUZ12
SUPT6,MYC
SUPT6,SETD1A
SUPT6,NCAPH2
SUPT6,LMF2
SUPT6,TET1
SUPT6,USP16
SUPT6,TMEM30A
SUPT6,DDX21
SUPT6,RYBP
SUPT6,MYCN
SUPT6,SOX2
SUPT6,MYBL2
SUPT6,EP400
SUPT6,ZFP57
SUPT6,EPOP
SUZ12,BMI1
SUZ12,ESRRB
SUZ12,FGF3
SUZ12,IHH
SUZ12,TGFBR3
SUZ12,COL27A1
SUZ12,PTH1R
SUZ12,BMP1
SUZ12,ADGRA2
SUZ12,FHDC1
SUZ12,GNAS
SUZ12,SFRP1
SUZ12,MSX2
SUZ12,P3H2
SUZ12,SHTN1
SUZ12,COL4A2
SUZ12,COL4A1
SUZ12,BMPER
SUZ12,SLC39A8
SUZ12,FST
SUZ12,PDGFRA
SUZ12,GPC6
SUZ12,CPD
SUZ12,SPOCK1
SUZ12,P4HA2
SUZ12,CRTC3
SUZ12,FRMD4A
SUZ12,L3MBTL3
SUZ12,CDH6
SUZ12,APP
SUZ12,HNF1B
SUZ12,FOXA2
SUZ12,ANO10
SUZ12,JUN
SUZ12,PRKCE
SUZ12,CHST15
SUZ12,LRP2
SUZ12,GDPD5
SUZ12,ZIC2
SUZ12,COBLL1
SUZ12,LYN
SUZ12,PARVA
SUZ12,MAN1A
SUZ12,AFF3
SUZ12,EPAS1
SUZ12,HS3ST1
SUZ12,SPNS2
SUZ12,OBSL1
SUZ12,PXDN
SUZ12,TIMP2
SUZ12,SH3PXD2B
SUZ12,PDE4DIP
SUZ12,ARHGEF28
SUZ12,NOTUM
SUZ12,ARHGAP29
SUZ12,CTDSPL
SUZ12,BAZ1A
SUZ12,PHF19
SUZ12,DTX1
SUZ12,ANK
SUZ12,GALNT7
SUZ12,FAM114A1
SUZ12,STARD10
SUZ12,GSN
SUZ12,MRAS
SUZ12,ZFHX3
SUZ12,SMARCA2
SUZ12,DRAM1
SUZ12,ABHD5
SUZ12,KHDC3
SUZ12,MAPKAPK2
SUZ12,TET3
SUZ12,ENOX1
SUZ12,TCF15
SUZ12,LAMB1
SUZ12,PRDM14
SUZ12,AMFR
SUZ12,NMNAT2
SUZ12,PHLDB2
SUZ12,EMP2
SUZ12,FGFR4
SUZ12,TIMP3
SUZ12,RXRA
SUZ12,OTX2
SUZ12,CBX2
SUZ12,CEMIP
SUZ12,FGF10
SUZ12,SELENON
SUZ12,SNX7
SUZ12,PTPN14
SUZ12,TENM4
SUZ12,SLC7A6
SUZ12,ME1
SUZ12,ARHGEF5
SUZ12,CLCN5
SUZ12,SOX17
SUZ12,P3H4
SUZ12,COMMD3
SUZ12,RBMXL2
SUZ12,PRKAA2
SUZ12,SEMA4C
SUZ12,EVA1A
SUZ12,MCAM
SUZ12,RAP1GDS1
SUZ12,CDK8
SUZ12,KDELR3
SUZ12,HSPB1
SUZ12,GATA4
SUZ12,ADAM10
SUZ12,ZYX
SUZ12,SETD7
SUZ12,UTF1
SUZ12,SMAD3
SUZ12,PDIA5
SUZ12,QSOX1
SUZ12,CAR2
SUZ12,MFSD1
SUZ12,BNC2
SUZ12,B2M
SUZ12,LAMA1
SUZ12,KDM2A
SUZ12,KLF2
SUZ12,DNMT3B
SUZ12,GNG10
SUZ12,NFXL1
SUZ12,TCF12
SUZ12,CD63
SUZ12,FGF4
SUZ12,BAG2
SUZ12,SETDB1
SUZ12,PCOLCE2
SUZ12,CKAP4
SUZ12,MAN1A2
SUZ12,EFEMP2
SUZ12,GLDC
SUZ12,DUSP9
SUZ12,PTPN21
SUZ12,FBRSL1
SUZ12,CCND1
SUZ12,SRI
SUZ12,GHR
SUZ12,SMYD2
SUZ12,F3
SUZ12,MVB12B
SUZ12,PATJ
SUZ12,B4GALNT4
SUZ12,KLF4
SUZ12,BEND5
SUZ12,SMARCA5
SUZ12,RCOR1
SUZ12,BASP1
SUZ12,DAB2
SUZ12,DNAJC3
SUZ12,NID1
SUZ12,COTL1
SUZ12,TPM4
SUZ12,TMEM9B
SUZ12,IGFBP2
SUZ12,P3H1
SUZ12,DCLK2
SUZ12,EDEM1
SUZ12,GFPT1
SUZ12,KDM2B
SUZ12,STX3
SUZ12,FGFR1
SUZ12,GATA6
SUZ12,CHD7
SUZ12,BMP4
SUZ12,TYRO3
SUZ12,ARID3A
SUZ12,RARG
SUZ12,PARD6B
SUZ12,BMPR2
SUZ12,DTX3L
SUZ12,EPOP
SUZ12,KMT2C
SUZ12,SLC25A4
SUZ12,REEP5
SUZ12,ELOB
SUZ12,ILDR1
SUZ12,MYC
SUZ12,SOAT1
SUZ12,RETREG1
SUZ12,FABP3
SUZ12,KDELC2
SUZ12,IRF2BPL
SUZ12,LDLRAP1
SUZ12,MAFK
SUZ12,ITGAV
SUZ12,LTBP4
SUZ12,FBXW8
SUZ12,DOCK5
SUZ12,MSL1
SUZ12,SALL1
SUZ12,ADAM23
SUZ12,LRRC58
SUZ12,ADAM19
SUZ12,RAB3IL1
SUZ12,HAP1
SUZ12,SLC16A1
SUZ12,KANSL3
SUZ12,GLI2
SUZ12,ANP32A
SUZ12,LGALS3
SUZ12,FNDC3B
SUZ12,P4HA1
SUZ12,MAP1A
SUZ12,ARPC5
SUZ12,CRYAB
SUZ12,TBX3
SUZ12,GXYLT1
SUZ12,GORASP2
SUZ12,ALPL
SUZ12,ARL8A
SUZ12,USP16
SUZ12,TXNDC5
SUZ12,ETV4
SUZ12,VSIR
SUZ12,KLF5
SUZ12,GNS
SUZ12,KRT8
SUZ12,CCDC88C
SUZ12,AKT1
SUZ12,RPP25
SUZ12,THAP11
SUZ12,DUSP6
SUZ12,GCNT1
SUZ12,AEBP2
SUZ12,RBPMS2
SUZ12,SEC24D
SUZ12,DAP
SUZ12,SMAD1
SUZ12,UPP1
SUZ12,HDAC3
SUZ12,GNPTAB
SUZ12,EXT2
SUZ12,RIF1
SUZ12,ASPH
SUZ12,COBL
SUZ12,PLOD1
SUZ12,BTAF1
SUZ12,MYMX
SUZ12,VAMP3
SUZ12,ARFIP1
SUZ12,SLC35F5
SUZ12,MOB3B
SUZ12,TMOD3
SUZ12,SH3GLB1
SUZ12,HDLBP
SUZ12,TEX264
SUZ12,ATP6V0A1
SUZ12,PHC1
SUZ12,TMEM150A
SUZ12,ACP6
SUZ12,ITGB1
SUZ12,RASGRP2
SUZ12,TCEA3
SUZ12,MARC2
SUZ12,USP7
SUZ12,LY75
SUZ12,SLC15A1
SUZ12,TRH
SUZ12,HIP1
SUZ12,COLGALT1
SUZ12,MTF2
SUZ12,EPHA1
SUZ12,PCGF2
SUZ12,ITGA6
SUZ12,GFPT2
SUZ12,RRAS2
SUZ12,CLN6
SUZ12,TM9SF3
SUZ12,B4GALT1
SUZ12,ELL2
SUZ12,CALM1
SUZ12,FUT9
SUZ12,ZCCHC24
SUZ12,JAM2
SUZ12,SIK1
SUZ12,MPRIP
SUZ12,SOX2
SUZ12,GSR
SUZ12,NODAL
SUZ12,NELFA
SUZ12,CDC73
SUZ12,FUT8
SUZ12,OAT
SUZ12,CREB3L2
SUZ12,CTSZ
SUZ12,FRS2
SUZ12,TBRG1
SUZ12,CPOX
SUZ12,ACBD3
SUZ12,ZFP710
SUZ12,MSL3
SUZ12,ILK
SUZ12,SEC24A
SUZ12,TMED3
SUZ12,SELENOM
SUZ12,MAPK8
SUZ12,CBX7
SUZ12,SELENOS
SUZ12,HDAC2
SUZ12,COPB1
SUZ12,NR0B1
SUZ12,PITPNC1
SUZ12,MOV10
SUZ12,NCAPD3
SUZ12,CMKLR1
SUZ12,ZFP532
SUZ12,TTC39B
SUZ12,PDCD6IP
SUZ12,ANXA4
SUZ12,FKBP9
SUZ12,DICER1
SUZ12,ZFYVE21
SUZ12,CDC42SE2
SUZ12,COL18A1
SUZ12,CBX8
SUZ12,NR5A2
SUZ12,SAP30
SUZ12,NRF1
SUZ12,CREBBP
SUZ12,CHD4
SUZ12,SRSF2
SUZ12,PLOD2
SUZ12,LAMC1
SUZ12,GLIPR2
SUZ12,POFUT2
SUZ12,TRAM1
SUZ12,DR1
SUZ12,CLTC
SUZ12,NUP210
SUZ12,MED23
SUZ12,ITPK1
SUZ12,KMT2D
SUZ12,VAMP8
SUZ12,SERPINH1
SUZ12,CTCF
SUZ12,KCTD10
SUZ12,GNA12
SUZ12,FLRT3
SUZ12,ALDH2
SUZ12,PARP1
SUZ12,PIPOX
SUZ12,BRD9
SUZ12,FAM129B
SUZ12,FKBP5
SUZ12,TLE4
SUZ12,MKRN1
SUZ12,LAMP1
SUZ12,SDCBP
SUZ12,NSL1
SUZ12,TNKS
SUZ12,RARA
SUZ12,EP400
SUZ12,TPD52
SUZ12,XBP1
SUZ12,TDGF1
SUZ12,SS18
SUZ12,GGTA1
SUZ12,GGA2
SUZ12,RANBP17
SUZ12,CTBP2
SUZ12,CTSL
SUZ12,TMEM30A
SUZ12,LRRC59
SUZ12,NCAPG
SUZ12,GABBR1
SUZ12,HSP90AA1
SUZ12,CST3
SUZ12,KDELR2
SUZ12,H13
SUZ12,SSR1
SUZ12,MEN1
SUZ12,HEXIM1
SUZ12,MYCN
SUZ12,PURB
SUZ12,MED26
SUZ12,NCOR1
SUZ12,RRBP1
SUZ12,TET2
SUZ12,OPLAH
SUZ12,GTF2B
SUZ12,KDM1A
SUZ12,RNF2
SUZ12,UBQLN2
SUZ12,PTOV1
SUZ12,PKNOX1
SUZ12,PSEN1
SUZ12,SARAF
SUZ12,TMEM165
SUZ12,RFFL
SUZ12,E4F1
SUZ12,GLO1
SUZ12,ADNP
SUZ12,NR4A1
SUZ12,SELENOW
SUZ12,NPM1
SUZ12,CERS4
SUZ12,TDH
SUZ12,PHF5A
SUZ12,MSH2
SUZ12,MSL2
SUZ12,PAF1
SUZ12,DNAJC10
SUZ12,N4BP3
SUZ12,TAF2
SUZ12,CHMP4B
SUZ12,SURF4
SUZ12,FBXO22
SUZ12,TMEM144
SUZ12,RER1
SUZ12,FZD5
SUZ12,BRD4
SUZ12,SPP1
SUZ12,KDM5B
SUZ12,PDK1
SUZ12,RPN2
SUZ12,IER2
SUZ12,TMED2
SUZ12,SLC7A3
SUZ12,SSR3
SUZ12,TAF3
SUZ12,TCL1
SUZ12,AP2A2
SUZ12,DDOST
SUZ12,EED
SUZ12,MYH9
SUZ12,CARHSP1
SUZ12,WDR46
SUZ12,RAB2A
SUZ12,RTN3
SUZ12,NCOR2
SUZ12,ZIC3
SUZ12,BAZ1B
SUZ12,ZFP428
SUZ12,HSPG2
SUZ12,NANOG
SUZ12,APPBP2
SUZ12,UBA2
SUZ12,TFE3
SUZ12,RBPJ
SUZ12,ZFP57
SUZ12,TFRC
SUZ12,EZH2
SUZ12,YY1
SUZ12,CBFA2T2
SUZ12,PDIA6
SUZ12,ARID1A
SUZ12,CBX1
SUZ12,TET1
SUZ12,DPY30
SUZ12,LMNB1
SUZ12,SMARCA4
SUZ12,EP300
SUZ12,MTA2
SUZ12,SMARCC1
SUZ12,ETV5
SUZ12,SMARCAD1
SUZ12,PFKP
SUZ12,GALK1
SUZ12,RUVBL2
SUZ12,EHMT2
SUZ12,USP28
SUZ12,P4HB
SUZ12,SETX
SUZ12,KLB
SUZ12,DMAP1
SUZ12,SMC3
SUZ12,PLA2G15
SUZ12,NOS3
SUZ12,KDM4C
SUZ12,TGIF1
SUZ12,PDIA3
SUZ12,BAZ2A
SUZ12,SHF
SUZ12,PRDM15
SUZ12,DERL1
SUZ12,NFYC
SUZ12,ARPC2
SUZ12,GNAI3
SUZ12,RAB11A
SUZ12,IKBIP
SUZ12,APAF1
SUZ12,PAFAH1B3
SUZ12,MSH6
SUZ12,RRN3
SUZ12,PWP1
SUZ12,SLC39A1
SUZ12,NIPBL
SUZ12,GSTA4
SUZ12,SNURF
SUZ12,SNRPN
SUZ12,LPAR2
SUZ12,MED12
SUZ12,NACC1
SUZ12,ZFP459
SUZ12,ERF
SUZ12,SETD1A
SUZ12,IFI30
SUZ12,ZFP217
SUZ12,GTF3C1
SUZ12,ZFP819
SUZ12,ZFP281
SUZ12,JARID2
SUZ12,TMEM214
SUZ12,CDC16
SUZ12,INO80
SUZ12,E2F4
SUZ12,KDM5A
SUZ12,XRCC5
SUZ12,PHRF1
SUZ12,ZBTB44
SUZ12,MYDGF
SUZ12,CNOT3
SUZ12,AMPD2
SUZ12,FOXH1
SUZ12,TMED10
SUZ12,STAG1
TAF2,MED1
TAF2,YEATS4
TAF2,KCTD10
TAF2,POLE4
TAF2,KAT8
TAF2,TMED9
TAF2,TAF3
TAF2,CDC5L
TAF2,GTF2B
TAF2,SUPT5
TAF2,MTF2
TAF2,SMC3
TAF2,PRDX1
TAF2,CALM1
TAF2,RPN1
TAF2,RRN3
TAF2,DGCR8
TAF2,EED
TAF2,WDR82
TAF2,KAT5
TAF2,SHF
TAF2,WDR5
TAF2,MORC3
TAF2,FKBP5
TAF2,TXNDC12
TAF2,NACC1
TAF2,RAF1
TAF2,NASP
TAF2,HSP90AB1
TAF2,KDM5A
TAF2,SERBP1
TAF2,ARF1
TAF2,SMARCC1
TAF2,SSR1
TAF2,ETV5
TAF2,UBA2
TAF2,NFYC
TAF2,TAX1BP3
TAF2,SOD1
TAF2,E2F1
TAF2,TFRC
TAF2,GGA2
TAF2,TRIM28
TAF2,HTATSF1
TAF2,BSG
TAF2,RIF1
TAF2,CLTC
TAF2,CALR
TAF2,HSP90AA1
TAF2,SMARCAD1
TAF2,SELENOS
TAF2,KMT2B
TAF2,MSL2
TAF2,MED26
TAF2,GORASP2
TAF2,SLC16A1
TAF2,GMNN
TAF2,ASPH
TAF2,INO80
TAF2,HSPA4
TAF2,HNRNPL
TAF2,MSH2
TAF2,LAMP1
TAF2,TGOLN1
TAF2,NELFA
TAF2,NCAPG
TAF2,SS18
TAF2,TMEM165
TAF2,RANBP17
TAF2,CBX1
TAF2,SLC39A7
TAF2,P4HA1
TAF2,BTAF1
TAF2,TDG
TAF2,E4F1
TAF2,PLEKHF2
TAF2,DR1
TAF2,CDC16
TAF2,DERL1
TAF2,SMARCA5
TAF2,MYDGF
TAF2,SAP18
TAF2,KLF5
TAF2,KLF2
TAF2,NSL1
TAF2,XBP1
TAF2,APPBP2
TAF2,HDAC2
TAF2,SIK1
TAF2,SDCBP
TAF2,COLGALT1
TAF2,RRBP1
TAF2,CTCF
TAF2,KANSL3
TAF2,ELL
TAF2,EZH2
TAF2,GSR
TAF2,SSRP1
TAF2,SMAD1
TAF2,RNF138
TAF2,SRSF1
TAF2,SUMO2
TAF2,ELL2
TAF2,RYBP
TAF2,HIRA
TAF2,KDM1A
TAF2,PDIA6
TAF2,RAD23B
TAF2,ACTL6A
TAF2,NRF1
TAF2,TNKS
TAF2,CTSL
TAF2,NCOR1
TAF2,KLF4
TAF2,PTP4A1
TAF2,PDK1
TAF2,CDC73
TAF2,STT3A
TAF2,DARS
TAF2,ZFP384
TAF2,SUMO1
TAF2,PDIA3
TAF2,BRD4
TAF2,SETD1A
TAF2,PHRF1
TAF2,GLO1
TAF2,TMED10
TAF2,TCF3
TAF2,RAD21
TAF2,CARHSP1
TAF2,DNAJC10
TAF2,CBX5
TAF2,ARHGAP29
TAF2,ZC3H11A
TAF2,UBQLN2
TAF2,LEO1
TAF2,PKNOX1
TAF2,BRD9
TAF2,WDR11
TAF2,ZBTB44
TAF2,NFYB
TAF2,SURF4
TAF2,MBD3
TAF2,RPN2
TAF2,KDM2A
TAF2,PDIA5
TAF2,MDN1
TAF2,PHF5A
TAF2,ZFP428
TAF2,NFYA
TAF2,SNX2
TAF2,TCF12
TAF2,SMARCA4
TAF2,SLC25A4
TAF2,ADNP
TAF2,RNF2
TAF2,BAZ1B
TAF2,SRSF2
TAF2,USP7
TAF2,PSEN1
TAF2,MYBL2
TAF2,LRRC58
TAF2,AEBP2
TAF2,FBRSL1
TAF2,GNA12
TAF2,LRRC59
TAF2,FBXW8
TAF2,CDC42SE2
TAF2,CBX3
TAF2,POFUT2
TAF2,EP300
TAF2,DNAJC3
TAF2,ZBTB2
TAF2,NUP210
TAF2,PTOV1
TAF2,ARID1A
TAF2,HDLBP
TAF2,MAFK
TAF2,FBXO22
TAF2,DDB1
TAF2,GSTA4
TAF2,KDM5B
TAF2,SFRP1
TAF2,KDELR2
TAF2,SETX
TAF2,SUZ12
TAF2,P4HB
TAF2,PHC1
TAF2,MKRN1
TAF2,XPNPEP1
TAF2,COBL
TAF2,APEX1
TAF2,AARS
TAF2,MYH9
TAF2,PRDX4
TAF2,MBD2
TAF2,DDOST
TAF2,ARF4
TAF2,GFPT2
TAF2,TFCP2L1
TAF2,NCAPH2
TAF2,LMF2
TAF2,LAMA1
TAF2,ZFP217
TAF2,TSPAN9
TAF2,PRDM15
TAF2,COPG1
TAF2,MAPK8
TAF2,ZFP143
TAF2,PPIB
TAF2,PARD6B
TAF2,DPY30
TAF2,TMEM214
TAF2,ZFP281
TAF2,GNAI3
TAF2,EP400
TAF2,BASP1
TAF2,STAT3
TAF2,PURB
TAF2,LRPAP1
TAF2,SSR3
TAF2,STAG1
TAF2,ITPK1
TAF2,GXYLT1
TAF2,GNS
TAF2,CBFA2T2
TAF2,ACBD3
TAF2,H13
TAF2,CHD1
TAF2,ZFHX3
TAF2,VAMP3
TAF2,SELENOW
TAF2,ERP29
TAF2,COPB1
TAF2,TCF15
TAF2,MPHOSPH8
TAF2,BMPR2
TAF2,RBPMS2
TAF2,OSBP
TAF2,SETDB1
TAF2,RER1
TAF2,EDEM1
TAF2,PDCD6IP
TAF2,CD63
TAF2,MPRIP
TAF2,SMAD2
TAF2,TPD52
TAF2,CLN6
TAF2,GFPT1
TAF2,GTF3C1
TAF2,LMNB1
TAF2,EIF2S2
TAF2,LAMC1
TAF2,DDX21
TAF2,RRAS2
TAF2,PLOD3
TAF2,YY1
TAF2,ITGB1
TAF2,CBX7
TAF2,MSH6
TAF2,SEC24D
TAF2,NONO
TAF2,FRS2
TAF2,ME1
TAF2,SLC7A6
TAF2,FUT9
TAF2,B4GALT1
TAF2,RPP25
TAF2,FNDC3B
TAF2,NCOR2
TAF2,ATF7IP
TAF2,AP2A2
TAF2,CREB3
TAF2,METTL3
TAF2,HDAC1
TAF2,ADAM23
TAF2,P3H1
TAF2,PTPN21
TAF2,RTN3
TAF2,RFFL
TAF2,NR4A1
TAF2,IMPDH2
TAF2,IKBIP
TAF2,APAF1
TAF2,FKBP9
TAF2,PWP1
TAF2,SET
TAF2,ALG13
TAF2,RBMXL2
TAF2,ZFP57
TAF2,MFSD1
TAF2,MCRS1
TAF2,ZFYVE21
TAF2,RAB2A
TAF2,TMED2
TAF2,TMEM30A
TAF2,TXNDC5
TAF2,TBP
TAF2,SUPT16
TAF2,CHMP4B
TAF2,CREBBP
TAF2,MYLPF
TAF2,USP28
TAF2,NPM1
TAF2,TM9SF3
TAF2,E2F4
TAF2,FUT8
TAF2,HSPG2
TAF2,HAP1
TAF2,PLOD1
TAF2,TMOD3
TAF2,IGFBP2
TAF2,TUBB2B
TAF2,PLOD2
TAF2,CNOT3
TAF2,CHD4
TAF2,RCC2
TAF2,EXT2
TAF2,ABHD5
TAF2,FZD5
TAF2,SARAF
TAF2,KMT2D
TAF2,OAT
TAF2,L1TD1
TAF2,COTL1
TAF2,TLE4
TAF2,DROSHA
TAF2,USP16
TAF2,TRAM1
TAF2,ERF
TAF2,SH3GLB1
TAF2,CTR9
TAF2,ARPC5
TAF2,ZFP532
TAF2,RARA
TAF2,TBRG1
TAF2,RBPJ
TAF2,MAN1A2
TAF2,TMBIM6
TAF2,PARP1
TAF2,ITGAV
TAF2,ARPC2
TAF2,SALL4
TAF2,HSPB1
TAF2,CDK8
TAF2,PCOLCE2
TAF2,TET2
TAF2,CTSZ
TAF2,ZFX
TAF2,ZFP322A
TAF2,SAP30
TAF2,GLDC
TAF2,UHRF1
TAF2,NCAPD3
TAF2,SEC24A
TAF2,ARFGAP1
TAF2,RDM1
TAF2,MARC2
TAF2,RCOR1
TAF2,CALU
TAF2,SMYD2
TAF2,CCDC88C
TAF2,CKAP4
TAF2,CDK9
TAF2,RAB11A
TAF2,PATJ
TAF2,DNMT3B
TAF2,RBBP7
TAF2,PITPNC1
TAF2,OSTC
TAF2,F3
TAF2,FN1
TAF2,HEXIM1
TAF2,ITGA6
TAF2,REST
TAF2,RBBP5
TAF2,TCOF1
TAF2,PAF1
TAF2,IRF2BPL
TAF2,GALK1
TAF2,MAPKAPK2
TAF2,CXXC1
TAF2,STX3
TAF2,BAG2
TAF2,ELOB
TAF2,ETV4
TAF2,KMT2C
TAF2,CTSD
TAF2,DOCK5
TAF2,APP
TAF2,N4BP3
TAF2,ATRX
TAF2,CPOX
TAF2,GCNT1
TAF2,CST3
TAF2,GNB2
TAF2,FGD1
TAF2,MCAM
TAF2,FBLIM1
TAF2,ADAM10
TAF2,JUN
TAF2,RUVBL1
TAF2,TPM4
TAF2,EPOP
TAF2,JARID2
TAF2,LY75
TAF2,KAT6B
TAF2,CAR2
TAF2,ZCCHC24
TAF2,FGF4
TAF2,CDK7
TAF2,KDM2B
TAF2,KLHDC3
TAF2,B4GALNT4
TAF2,HIRIP3
TAF2,TGIF1
TAF2,TGIF2
TAF2,DKC1
TAF2,COPA
TAF2,NFXL1
TAF2,BAZ1A
TAF2,CPD
TAF2,TTC39B
TAF2,PNP
TAF2,HMGA1B
TAF2,HMGA1
TAF2,RAP1GDS1
TAF2,KDELC2
TAF2,VKORC1
TAF2,TEX264
TAF2,GNPTAB
TAF2,SRI
TAF2,AGPAT4
TAF2,BCLAF3
TAF2,ATP6V0E
TAF2,AMFR
TAF2,BNC2
TAF2,ACP6
TAF2,SEC11A
TAF2,SIN3A
TAF2,MCM2
TAF2,ANO10
TAF2,SOAT1
TAF2,DCLK2
TAF2,SNX7
TAF2,FGFR1
TAF2,TMEM59
TAF2,STAG2
TAF2,ZYX
TAF2,MMGT1
TAF2,ILK
TAF2,NIPBL
TAF2,TDH
TAF2,DCTPP1
TAF2,KDM4C
TAF2,TYRO3
TAF2,THAP11
TAF2,MAX
TAF2,SSR4
TAF2,DICER1
TAF2,ALPL
TAF2,TBX3
TAF2,MED23
TAF2,PRKAA2
TAF2,TET3
TAF2,UTF1
TAF2,MYCN
TAF2,GABARAP
TAF2,ARF5
TAF2,GNG10
TAF2,GOT1
TAF2,MRAS
TAF2,ARFIP1
TAF2,SH3PXD2B
TAF2,EHMT2
TAF2,GLIPR2
TAF2,LRRC34
TAF2,SOX2
TAF2,SEC23A
TAF2,MOV10
TAF2,MAN1A
TAF2,KDM6A
TAF2,TMEM9B
TAF2,TMEM150A
TAF2,MVB12B
TAF2,CRTC3
TAF2,HELB
TAF2,FXYD6
TAF2,GNAS
TAF2,LDLRAP1
TAF2,COL18A1
TAF2,ZFP710
TAF2,BMI1
TAF2,HCFC1
TAF2,GGTA1
TAF2,MYL6
TAF2,ZFP819
TAF2,CHD7
TAF2,PCGF2
TAF2,ATP6V0A1
TAF2,MSL1
TAF2,CTBP2
TAF2,DAXX
TAF2,NODAL
TAF2,SPNS2
TAF2,BEND5
TAF2,KDM4A
TAF2,QSOX1
TAF2,MTA2
TAF2,HSF2BP
TAF2,DPF2
TAF2,PTPN14
TAF2,NR0B1
TAF2,DRAM1
TAF2,SUPT6
TAF2,SLC35F5
TAF2,CBX2
TAF2,ARL8A
TAF2,TIMP3
TAF2,RAB3IL1
TAF2,DAP
TAF2,B2M
TAF2,VSIR
TAF2,ZIC2
TAF2,TFE3
TAF2,SMAD3
TAF2,RUVBL2
TAF2,XRCC5
TAF2,ALDH2
TAF2,CLCN5
TAF2,REEP5
TAF2,ADAM19
TAF2,SORD
TAF2,SLC9A6
TAF2,BRD2
TAF2,AFF3
TAF2,TIMP2
TAF2,PAFAH1B3
TAF2,GABBR1
TAF2,RETREG1
TAF2,P4HA2
TAF2,TMED3
TAF2,COL4A2
TAF2,COL4A1
TAF2,COBLL1
TAF2,GLI2
TAF2,NR5A2
TAF2,NAA10
TAF2,GDPD5
TAF2,AMPD2
TAF2,DMAP1
TAF2,SETD7
TAF2,FRMD4A
TAF2,KDELR3
TAF2,UBTF
TAF2,ANK
TAF2,PXDN
TAF2,COMMD3
TAF2,NUCB1
TAF2,SLC39A1
TAF2,NIPSNAP1
TAF2,MED12
TAF2,ARHGAP1
TAF2,LRP2
TAF2,FAM129B
TAF2,NID1
TAF2,SELENON
TAF2,KDELR1
TAF2,CHCHD10
TAF2,STARD10
TAF2,TALDO1
TAF2,SIRT6
TAF2,GALNT7
TAF2,EPAS1
TAF2,PHF19
TAF2,IER2
TAF2,AKT1
TAF2,ASS1
TAF2,GHR
TAF2,P3H4
TAF2,FST
TAF2,NOTUM
TAF2,POU5F1
TAF2,HEATR1
TAF2,FAM114A1
TAF2,SMC1A
TAF2,FGFR4
TAF2,SPOCK1
TAF2,EFEMP2
TAF2,FGF3
TAF2,PRKCE
TAF2,ENOX1
TAF2,CEMIP
TAF2,JAM2
TAF2,LPAR2
TAF2,BMPER
TAF2,ADGRA2
TAF2,WDR46
TAF2,FHDC1
TAF2,TRH
TAF2,CHST15
TAF2,FABP3
TAF2,DTX3L
TAF2,OPLAH
TAF2,FLRT3
TAF2,ANXA4
TAF2,KHDC3
TAF2,RXRA
TAF2,TGFBR3
TAF2,CBX8
TAF2,BMP1
TAF2,SEMA4C
TAF2,RASGRP2
TAF2,ARHGEF28
TAF2,LTBP4
TAF2,SPARC
TAF2,GATA4
TAF2,TAF1
TAF2,SLC39A8
TAF2,GSN
TAF2,ANP32A
TAF2,EPHA1
TAF2,MYMX
TAF2,BAZ2A
TAF2,CCND1
TAF2,PTH1R
TAF2,RARG
TAF2,OBSL1
TAF2,SHTN1
TAF2,TENM4
TAF2,GPC6
TAF2,TDGF1
TAF2,MSL3
TAF2,PDE4DIP
TAF2,DUSP9
TAF2,P3H2
TAF2,KRTCAP2
TAF2,FGF10
TAF2,L3MBTL3
TAF2,ZIC3
TAF2,PHLDB2
TAF2,LYN
TAF2,IHH
TAF2,LGALS3
TAF2,GLI1
TAF2,TCEA3
TAF2,ARHGEF5
TAF2,HIP1
TAF2,GPX3
TAF2,CREB3L2
TAF2,MSX2
TAF2,PFKP
TAF2,TRP53
TAF2,MAP1A
TAF2,RCN3
TAF2,2410141K09RIK
TAF2,UTP14A
TAF2,SALL1
TAF2,ILDR1
TAF2,PARVA
TAF2,HS3ST1
TAF2,ARID3A
TAF2,SNURF
TAF2,SNRPN
TAF2,ESRRB
TAF2,ELL3
TAF2,HDAC3
TAF2,UPP1
TAF2,CTDSPL
TAF2,OGT
TAF2,SELENOM
TAF2,PCBD1
TAF2,MEN1
TAF2,TET1
TAF2,DUSP6
TAF2,KRT8
TAF2,LAMB1
TAF2,MOB3B
TAF2,FOXA2
TAF2,EMP2
TAF2,TCN2
TAF2,SERPING1
TAF2,PDGFRA
TAF2,EVA1A
TAF2,COL27A1
TAF2,SLC15A1
TAF2,GCNT2
TAF2,CERS4
TAF2,ZFP42
TAF2,ZMYND8
TAF2,2200002D01RIK
TAF2,NMNAT2
TAF2,CDH6
TAF2,GDF3
TAF2,ZFP459
TAF2,MYC
TAF2,MBNL2
TAF2,SERPINH1
TAF2,PLA2G15
TAF2,ETV1
TAF2,DTX1
TAF2,APOBEC3
TAF3,GTF2B
TAF3,YEATS4
TAF3,KCTD10
TAF3,PRDX1
TAF3,TMBIM6
TAF3,FKBP5
TAF3,B2M
TAF3,P4HA1
TAF3,DNAJC3
TAF3,TMED9
TAF3,SRSF2
TAF3,ETV5
TAF3,MTF2
TAF3,CALM1
TAF3,PLEKHF2
TAF3,TFRC
TAF3,CDC42SE2
TAF3,ADAM10
TAF3,CALR
TAF3,HEXIM1
TAF3,ZFP143
TAF3,ASPH
TAF3,SNX7
TAF3,ATP6V0A1
TAF3,PTP4A1
TAF3,TM9SF3
TAF3,TAF2
TAF3,ELL2
TAF3,CBX3
TAF3,EED
TAF3,RDM1
TAF3,PDK1
TAF3,PITPNC1
TAF3,KDM4A
TAF3,FN1
TAF3,BTAF1
TAF3,COTL1
TAF3,PPIB
TAF3,SDCBP
TAF3,PNP
TAF3,ABHD5
TAF3,AP2A2
TAF3,MORC3
TAF3,ARHGAP29
TAF3,CTCF
TAF3,POLE4
TAF3,HSPA4
TAF3,ATF7IP
TAF3,GLO1
TAF3,RAF1
TAF3,NPM1
TAF3,SOD1
TAF3,P4HB
TAF3,APEX1
TAF3,SELENOS
TAF3,ARF1
TAF3,SMC3
TAF3,SLC25A4
TAF3,NSL1
TAF3,PDIA6
TAF3,WDR11
TAF3,RTN3
TAF3,KDM5A
TAF3,DGCR8
TAF3,TMEM165
TAF3,PDIA3
TAF3,CTSL
TAF3,LRRC58
TAF3,FNDC3B
TAF3,RRBP1
TAF3,KDM4C
TAF3,DARS
TAF3,MBD3
TAF3,NRF1
TAF3,CDC73
TAF3,CALU
TAF3,SMAD1
TAF3,TRP53
TAF3,KLF2
TAF3,POFUT2
TAF3,MED1
TAF3,BSG
TAF3,HSP90AB1
TAF3,BRD4
TAF3,GORASP2
TAF3,CLTC
TAF3,FZD5
TAF3,CNOT3
TAF3,KAT8
TAF3,HDAC2
TAF3,SMAD2
TAF3,SH3GLB1
TAF3,RPN1
TAF3,MED23
TAF3,RBBP5
TAF3,STAG1
TAF3,CTR9
TAF3,ARF4
TAF3,ARPC5
TAF3,ADNP
TAF3,HSP90AA1
TAF3,SRSF1
TAF3,SS18
TAF3,NFYC
TAF3,IER2
TAF3,TRIM28
TAF3,SAP18
TAF3,ITGAV
TAF3,DR1
TAF3,MYL6
TAF3,CHMP4B
TAF3,ZFP322A
TAF3,NELFA
TAF3,SMARCA5
TAF3,DERL1
TAF3,B4GALT1
TAF3,IMPDH2
TAF3,GTF3C1
TAF3,SETX
TAF3,DDOST
TAF3,TBX3
TAF3,SURF4
TAF3,RBBP7
TAF3,TMEM30A
TAF3,EPOP
TAF3,MAPK8
TAF3,CDC5L
TAF3,SLC39A7
TAF3,MARC2
TAF3,CHD1
TAF3,ARPC2
TAF3,NASP
TAF3,ARFGAP1
TAF3,CAR2
TAF3,MCRS1
TAF3,ATP6V0E
TAF3,XBP1
TAF3,RRN3
TAF3,KAT5
TAF3,TCF15
TAF3,MSL2
TAF3,TMOD3
TAF3,IRF2BPL
TAF3,DMAP1
TAF3,PDCD6IP
TAF3,E4F1
TAF3,ZBTB2
TAF3,FBXO22
TAF3,HDLBP
TAF3,MAN1A
TAF3,INO80
TAF3,TMEM59
TAF3,SUPT5
TAF3,SSR4
TAF3,DDB1
TAF3,MFSD1
TAF3,GNAI3
TAF3,LRPAP1
TAF3,ERP29
TAF3,UBA2
TAF3,LAMP1
TAF3,SSR3
TAF3,WDR5
TAF3,GFPT1
TAF3,RBPJ
TAF3,SERBP1
TAF3,DPY30
TAF3,WDR82
TAF3,SLC16A1
TAF3,KDELR2
TAF3,PLOD1
TAF3,EIF2S2
TAF3,CBX1
TAF3,DPF2
TAF3,MAN1A2
TAF3,EZH2
TAF3,EP400
TAF3,COPG1
TAF3,SUMO2
TAF3,NCAPG
TAF3,RER1
TAF3,GNB2
TAF3,EPAS1
TAF3,HMGA1B
TAF3,HMGA1
TAF3,COPA
TAF3,RAD23B
TAF3,TCF12
TAF3,PURB
TAF3,KLF4
TAF3,MPHOSPH8
TAF3,2410141K09RIK
TAF3,ITGB1
TAF3,ITGA6
TAF3,NFYB
TAF3,EDEM1
TAF3,TXNDC5
TAF3,XRCC5
TAF3,CREB3L2
TAF3,HDAC1
TAF3,KANSL3
TAF3,CARHSP1
TAF3,MAPKAPK2
TAF3,SSR1
TAF3,TRAM1
TAF3,HIRA
TAF3,TMEM214
TAF3,TET2
TAF3,SUPT6
TAF3,ASS1
TAF3,RPN2
TAF3,JUN
TAF3,PKNOX1
TAF3,APPBP2
TAF3,SUPT16
TAF3,NCOR1
TAF3,RNF2
TAF3,PRDM15
TAF3,BRD9
TAF3,SMARCC1
TAF3,ACBD3
TAF3,TGOLN1
TAF3,SEC24A
TAF3,KDM6A
TAF3,DROSHA
TAF3,DNAJC10
TAF3,GGA2
TAF3,CDC16
TAF3,SMARCAD1
TAF3,ACTL6A
TAF3,TAX1BP3
TAF3,MYH9
TAF3,SMARCA4
TAF3,EP300
TAF3,COMMD3
TAF3,MKRN1
TAF3,YY1
TAF3,MSH2
TAF3,TLE4
TAF3,SEC11A
TAF3,P3H1
TAF3,NFYA
TAF3,DCTPP1
TAF3,SNX2
TAF3,TPD52
TAF3,RRAS2
TAF3,PHF5A
TAF3,DUSP6
TAF3,SUZ12
TAF3,ZBTB44
TAF3,RYBP
TAF3,OAT
TAF3,FGFR4
TAF3,STT3A
TAF3,FGFR1
TAF3,RAB11A
TAF3,CBX5
TAF3,GXYLT1
TAF3,TBRG1
TAF3,AEBP2
TAF3,KDELC2
TAF3,SLC39A1
TAF3,MSH6
TAF3,SEC23A
TAF3,PARP1
TAF3,NCAPH2
TAF3,LMF2
TAF3,ACP6
TAF3,GLDC
TAF3,LRRC59
TAF3,GNS
TAF3,ERF
TAF3,PHLDB2
TAF3,ARFIP1
TAF3,FRS2
TAF3,TMED2
TAF3,CPD
TAF3,UTP14A
TAF3,IGFBP2
TAF3,SUMO1
TAF3,GNPTAB
TAF3,TMEM9B
TAF3,KLF5
TAF3,PARD6B
TAF3,METTL3
TAF3,FUT8
TAF3,ZFYVE21
TAF3,TDG
TAF3,BAZ1B
TAF3,CTSD
TAF3,CREBBP
TAF3,ARID1A
TAF3,RAP1GDS1
TAF3,MYC
TAF3,ZFP428
TAF3,SEC24D
TAF3,MOB3B
TAF3,XPNPEP1
TAF3,CPOX
TAF3,IKBIP
TAF3,DICER1
TAF3,APAF1
TAF3,QSOX1
TAF3,PRDX4
TAF3,SAP30
TAF3,NONO
TAF3,GSR
TAF3,MYDGF
TAF3,FBRSL1
TAF3,KMT2C
TAF3,MBNL2
TAF3,SARAF
TAF3,RNF138
TAF3,NACC1
TAF3,SIRT6
TAF3,TET3
TAF3,CREB3
TAF3,AARS
TAF3,NR4A1
TAF3,PSEN1
TAF3,GSTA4
TAF3,COLGALT1
TAF3,SET
TAF3,DKC1
TAF3,CDK8
TAF3,CST3
TAF3,RUVBL2
TAF3,KDM1A
TAF3,SRI
TAF3,CRTC3
TAF3,ZFP281
TAF3,PAF1
TAF3,ZFP217
TAF3,TMED3
TAF3,SHF
TAF3,MTA2
TAF3,ALDH2
TAF3,ZFX
TAF3,MBD2
TAF3,LYN
TAF3,USP16
TAF3,PHRF1
TAF3,USP28
TAF3,MAX
TAF3,CDK7
TAF3,RAB2A
TAF3,KDM5B
TAF3,UBQLN2
TAF3,FKBP9
TAF3,TMEM150A
TAF3,FLRT3
TAF3,TXNDC12
TAF3,ELL
TAF3,HTATSF1
TAF3,STAT3
TAF3,RAD21
TAF3,MPRIP
TAF3,MOV10
TAF3,KRTCAP2
TAF3,TFCP2L1
TAF3,E2F4
TAF3,SPNS2
TAF3,PWP1
TAF3,CDK9
TAF3,AMFR
TAF3,JARID2
TAF3,GALK1
TAF3,UBTF
TAF3,TTC39B
TAF3,COBLL1
TAF3,SSRP1
TAF3,GNA12
TAF3,MED26
TAF3,HELB
TAF3,SMAD3
TAF3,RCOR1
TAF3,RFFL
TAF3,KAT6B
TAF3,FBXW8
TAF3,OSTC
TAF3,LAMC1
TAF3,KDM2B
TAF3,NFXL1
TAF3,FAM114A1
TAF3,CBX2
TAF3,ARHGAP1
TAF3,ZCCHC24
TAF3,SIN3A
TAF3,OSBP
TAF3,TSPAN9
TAF3,ILK
TAF3,ZFP384
TAF3,GMNN
TAF3,KMT2B
TAF3,EHMT2
TAF3,USP7
TAF3,ZC3H11A
TAF3,TGFBR3
TAF3,NUP210
TAF3,LMNB1
TAF3,MAFK
TAF3,ZFP710
TAF3,H13
TAF3,FRMD4A
TAF3,CHD7
TAF3,CBFA2T2
TAF3,SETD1A
TAF3,CHD4
TAF3,RBPMS2
TAF3,PDIA5
TAF3,GABARAP
TAF3,LEO1
TAF3,PTOV1
TAF3,REST
TAF3,COPB1
TAF3,PLOD3
TAF3,NCAPD3
TAF3,KDM2A
TAF3,TNKS
TAF3,MRAS
TAF3,LY75
TAF3,ARL8A
TAF3,SOAT1
TAF3,KMT2D
TAF3,GDPD5
TAF3,THAP11
TAF3,MSL1
TAF3,RCC2
TAF3,MED12
TAF3,PTPN21
TAF3,BMPR2
TAF3,STAG2
TAF3,RUVBL1
TAF3,FAM129B
TAF3,BRD2
TAF3,BCLAF3
TAF3,MYBL2
TAF3,LDLRAP1
TAF3,GALNT7
TAF3,ATRX
TAF3,TCF3
TAF3,APP
TAF3,SLC7A6
TAF3,RETREG1
TAF3,CKAP4
TAF3,HIP1
TAF3,E2F1
TAF3,TCOF1
TAF3,N4BP3
TAF3,PRKCE
TAF3,BASP1
TAF3,TMED10
TAF3,MYLPF
TAF3,ZFP42
TAF3,UTF1
TAF3,ELOB
TAF3,SELENOW
TAF3,NIPBL
TAF3,PTPN14
TAF3,BAZ1A
TAF3,IFITM2
TAF3,HNRNPL
TAF3,NID1
TAF3,L1TD1
TAF3,RANBP17
TAF3,KDELR1
TAF3,LAMA1
TAF3,GSN
TAF3,EXT2
TAF3,ANK
TAF3,GCNT1
TAF3,ANXA4
TAF3,SFRP1
TAF3,PHC1
TAF3,ITPK1
TAF3,SIK1
TAF3,PML
TAF3,ST5
TAF3,JAM2
TAF3,SALL1
TAF3,CD63
TAF3,COL18A1
TAF3,HAP1
TAF3,CTBP2
TAF3,PIPOX
TAF3,KDELR3
TAF3,DCLK2
TAF3,HIRIP3
TAF3,UHRF1
TAF3,RIF1
TAF3,ANP32A
TAF3,FHDC1
TAF3,SEMA4C
TAF3,TGIF1
TAF3,RBMXL2
TAF3,RARA
TAF3,MAP1A
TAF3,DOCK5
TAF3,TBP
TAF3,PLOD2
TAF3,NIPSNAP1
TAF3,NCOR2
TAF3,ETV1
TAF3,GNG10
TAF3,CEMIP
TAF3,PAFAH1B3
TAF3,OPLAH
TAF3,OGT
TAF3,ZFHX3
TAF3,MYCN
TAF3,NANOG
TAF3,MVB12B
TAF3,FGF4
TAF3,GPC6
TAF3,GCNT2
TAF3,HEATR1
TAF3,ADAM23
TAF3,ZFP57
TAF3,COBL
TAF3,GABBR1
TAF3,SERPING1
TAF3,FBLIM1
TAF3,HSPB1
TAF3,SMYD2
TAF3,TYRO3
TAF3,APOBEC3
TAF3,SOX2
TAF3,B4GALNT4
TAF3,STX3
TAF3,GFPT2
TAF3,ZFP979
TAF3,ME1
TAF3,TIMP2
TAF3,NOTUM
TAF3,PRKAA2
TAF3,COL4A2
TAF3,COL4A1
TAF3,TEX264
TAF3,REEP5
TAF3,PCGF2
TAF3,ETV4
TAF3,BMP4
TAF3,SALL4
TAF3,WDR46
TAF3,SETDB1
TAF3,OBSL1
TAF3,ALPL
TAF3,SELENOM
TAF3,GLIPR2
TAF3,ZFP532
TAF3,GLI2
TAF3,POU5F1
TAF3,ZIC2
TAF3,BNC2
TAF3,BAG2
TAF3,PCOLCE2
TAF3,TUBB2B
TAF3,CCDC88C
TAF3,DNMT3B
TAF3,PFKP
TAF3,MYMX
TAF3,RXRA
TAF3,CBX7
TAF3,ZIC3
TAF3,ARHGEF28
TAF3,CHCHD10
TAF3,P3H4
TAF3,FUT9
TAF3,NOTCH4
TAF3,CCND1
TAF3,TENM4
TAF3,TDH
TAF3,TPM4
TAF3,IFI30
TAF3,BMI1
TAF3,CDH6
TAF3,BEND5
TAF3,GNAS
TAF3,TDGF1
TAF3,LTBP4
TAF3,FXYD6
TAF3,TGIF2
TAF3,ENOX1
TAF3,SNURF
TAF3,SNRPN
TAF3,LRRC34
TAF3,FOXH1
TAF3,FGD1
TAF3,TCEA3
TAF3,UPP1
TAF3,PATJ
TAF3,DPPA2
TAF3,PXDN
TAF3,AKT1
TAF3,RPP25
TAF3,AGPAT4
TBP,RAB11A
TBP,CALM1
TBP,ACP6
TBP,NPM1
TBP,P4HA1
TBP,RDM1
TBP,PRDX1
TBP,B2M
TBP,NASP
TBP,SOD1
TBP,HEXIM1
TBP,GTF2B
TBP,SMC3
TBP,HSP90AB1
TBP,HSP90AA1
TBP,PNP
TBP,CALR
TBP,SRSF2
TBP,IER2
TBP,SLC25A4
TBP,KLF2
TBP,SAP18
TBP,CBX5
TBP,KDM4C
TBP,CTSL
TBP,PTP4A1
TBP,MTF2
TBP,TMBIM6
TBP,P4HB
TBP,OSBP
TBP,PHF5A
TBP,TFRC
TBP,SLC16A1
TBP,MYC
TBP,ZFP217
TBP,HMGA1B
TBP,HMGA1
TBP,SRSF1
TBP,TMED9
TBP,KDM6A
TBP,NSL1
TBP,CLTC
TBP,KDM5B
TBP,TFCP2L1
TBP,SELENOW
TBP,CBX3
TBP,BSG
TBP,GNB2
TBP,SELENOS
TBP,HDLBP
TBP,CREB3L2
TBP,TXNDC12
TBP,OAT
TBP,IMPDH2
TBP,STAT3
TBP,KCTD10
TBP,OGT
TBP,PAF1
TBP,CDC73
TBP,FN1
TBP,GNAI3
TBP,JUN
TBP,KMT2D
TBP,SSRP1
TBP,TLE4
TBP,XRCC5
TBP,DDB1
TBP,DTX3L
TBP,ZFP143
TBP,RBBP5
TBP,CDC5L
TBP,PHRF1
TBP,EP400
TBP,PDIA3
TBP,ARF4
TBP,CDC16
TBP,XPNPEP1
TBP,ELL2
TBP,EED
TBP,COLGALT1
TBP,KAT8
TBP,RAF1
TBP,GNAS
TBP,MYL6
TBP,RTN3
TBP,DKC1
TBP,MARC2
TBP,HAP1
TBP,WDR11
TBP,HSPA4
TBP,RUVBL2
TBP,HDAC1
TBP,ZC3H11A
TBP,GSTA4
TBP,MBNL2
TBP,ERP29
TBP,COTL1
TBP,NCAPH2
TBP,LMF2
TBP,NFYC
TBP,SORD
TBP,HDAC2
TBP,MAN1A
TBP,KLF5
TBP,BAZ1B
TBP,TRP53
TBP,TRIM28
TBP,UBA2
TBP,TBX3
TBP,ATP6V0A1
TBP,HNRNPL
TBP,DUSP6
TBP,TCF3
TBP,KDM5A
TBP,SS18
TBP,ETV5
TBP,SERBP1
TBP,KDM4A
TBP,COPG1
TBP,ZFP428
TBP,MORC3
TBP,APPBP2
TBP,PKNOX1
TBP,ABHD5
TBP,RRN3
TBP,ARHGAP29
TBP,TGOLN1
TBP,DMAP1
TBP,NFYB
TBP,FBRSL1
TBP,MBD3
TBP,TMEM165
TBP,LRPAP1
TBP,MFSD1
TBP,CNOT3
TBP,MCRS1
TBP,XBP1
TBP,PLOD1
TBP,ZBTB44
TBP,WDR5
TBP,SMARCA4
TBP,JARID2
TBP,ASPH
TBP,ADNP
TBP,NFYA
TBP,SUPT5
TBP,TUBB2B
TBP,MED1
TBP,TMEM30A
TBP,MAPKAPK2
TBP,DERL1
TBP,OSTC
TBP,GLO1
TBP,CALU
TBP,CDK7
TBP,PITPNC1
TBP,LAMP1
TBP,UTP14A
TBP,ASS1
TBP,DNAJC3
TBP,DDX21
TBP,SUMO1
TBP,RARA
TBP,KLF4
TBP,SMARCA5
TBP,NCOR1
TBP,CDC42SE2
TBP,TAX1BP3
TBP,GFPT2
TBP,GORASP2
TBP,APEX1
TBP,HSPB1
TBP,PDK1
TBP,ADAM10
TBP,TCF12
TBP,SET
TBP,NELFA
TBP,DPY30
TBP,PPIB
TBP,STT3A
TBP,PTOV1
TBP,WDR82
TBP,TAF3
TBP,ZFP322A
TBP,SSR3
TBP,MYH9
TBP,BTAF1
TBP,DGCR8
TBP,ARID1A
TBP,PDIA6
TBP,CHD4
TBP,YEATS4
TBP,USP16
TBP,MED26
TBP,ALDH2
TBP,ELL
TBP,AARS
TBP,CTSD
TBP,TMEM214
TBP,POLE4
TBP,CTR9
TBP,ARF1
TBP,EPAS1
TBP,GOT1
TBP,SRI
TBP,SURF4
TBP,FBXW8
TBP,FGFR1
TBP,EIF2S2
TBP,SMARCC1
TBP,IFI30
TBP,RUVBL1
TBP,NR4A1
TBP,MCM2
TBP,MSH6
TBP,COPA
TBP,EZH2
TBP,SPP1
TBP,LRRC59
TBP,ITGA6
TBP,METTL3
TBP,HELB
TBP,TMOD3
TBP,CARHSP1
TBP,RAD23B
TBP,NCAPG
TBP,SUMO2
TBP,FZD5
TBP,SARAF
TBP,CST3
TBP,MSH2
TBP,MDN1
TBP,FKBP5
TBP,SEC23A
TBP,GFPT1
TBP,MYLPF
TBP,TBRG1
TBP,TAF2
TBP,RRAS2
TBP,RAD21
TBP,ARFGAP1
TBP,MPHOSPH8
TBP,FBXO22
TBP,PLEKHF2
TBP,UBTF
TBP,MED23
TBP,SEC24A
TBP,NACC1
TBP,ILK
TBP,AGPAT4
TBP,TIMP2
TBP,RBBP7
TBP,RPN2
TBP,SERPINH1
TBP,HIRA
TBP,H13
TBP,FGF4
TBP,CREB3
TBP,PLOD2
TBP,SLC35F5
TBP,RRBP1
TBP,CPOX
TBP,ARHGAP1
TBP,ZFP384
TBP,PTPN21
TBP,MSL2
TBP,SIRT6
TBP,ATRX
TBP,KDM1A
TBP,PFKP
TBP,DDOST
TBP,IRF2BPL
TBP,ZBTB2
TBP,ERF
TBP,PARP1
TBP,ARPC5
TBP,MTA2
TBP,GABARAP
TBP,ATF7IP
TBP,CDK8
TBP,SSR4
TBP,COPB1
TBP,NANOG
TBP,HIRIP3
TBP,E4F1
TBP,SNX2
TBP,DPF2
TBP,BMPR2
TBP,MYBL2
TBP,GSR
TBP,SMAD1
TBP,LEO1
TBP,BRD4
TBP,ZYX
TBP,SUZ12
TBP,SMC1A
TBP,FNDC3B
TBP,MAPK8
TBP,KANSL3
TBP,CPD
TBP,SSR1
TBP,TALDO1
TBP,INO80
TBP,PAFAH1B3
TBP,TMED2
TBP,MEN1
TBP,TRAM1
TBP,WDR46
TBP,RBPJ
TBP,PLA2G15
TBP,UBQLN2
TBP,HEATR1
TBP,TMED10
TBP,FRS2
TBP,KDELR2
TBP,SOX2
TBP,KAT5
TBP,ITGAV
TBP,POFUT2
TBP,PSEN1
TBP,DR1
TBP,KAT6B
TBP,RYBP
TBP,MAFK
TBP,P3H1
TBP,SLC39A7
TBP,RPN1
TBP,B4GALT1
TBP,SEC11A
TBP,DICER1
TBP,TDG
TBP,EDEM1
TBP,IFITM2
TBP,UHRF1
TBP,MYDGF
TBP,ELOB
TBP,KLHDC3
TBP,ATP6V0E
TBP,TMED3
TBP,DARS
TBP,KDELR1
TBP,TNKS
TBP,ITGB1
TBP,TMEM59
TBP,YY1
TBP,EP300
TBP,CXXC1
TBP,GHR
TBP,COL4A2
TBP,COL4A1
TBP,NRF1
TBP,GNA12
TBP,QSOX1
TBP,PURB
TBP,KDM2A
TBP,NONO
TBP,LAMB2
TBP,DCTPP1
TBP,AP2A2
TBP,SUPT16
TBP,MKRN1
TBP,DNAJC10
TBP,NFXL1
TBP,RCOR1
TBP,GTF3C1
TBP,DAB2
TBP,SETDB1
TBP,GXYLT1
TBP,APOBEC3
TBP,STAG1
TBP,TM9SF3
TBP,FUT8
TBP,KRTCAP2
TBP,SOAT1
TBP,SAP30
TBP,ACBD3
TBP,THAP11
TBP,NIPBL
TBP,NCAPD3
TBP,MBD2
TBP,SRGN
TBP,KRT8
TBP,PWP1
TBP,NUCB1
TBP,EXT2
TBP,COMMD3
TBP,VAMP3
TBP,CHCHD10
TBP,DROSHA
TBP,TCF15
TBP,LRRC58
TBP,CLCN5
TBP,GGA2
TBP,SETD1A
TBP,E2F4
TBP,DAXX
TBP,ZFP710
TBP,SETX
TBP,TIMP3
TBP,RNF2
TBP,PRDM15
TBP,NODAL
TBP,BRD9
TBP,STAG2
TBP,PRDX4
TBP,CBX1
TBP,IKBIP
TBP,APAF1
TBP,GALK1
TBP,TET2
TBP,ACTL6A
TBP,ZFP281
TBP,GLDC
TBP,CAR2
TBP,NR0B1
TBP,ZFP42
TBP,CTBP2
TBP,AEBP2
TBP,ZCCHC24
TBP,KMT2B
TBP,ARPC2
TBP,FABP3
TBP,SHF
TBP,SLC39A1
TBP,LTBP4
TBP,USP28
TBP,TDGF1
TBP,CHD1
TBP,TCOF1
TBP,PLA2G1B
TBP,TAF1
TBP,SLC7A3
TBP,HTATSF1
TBP,GLMP
TBP,CERS4
TBP,RANBP17
TBP,ANO10
TBP,ZFYVE21
TBP,RAB3IL1
TBP,RCC2
TBP,GGTA1
TBP,VKORC1
TBP,RIF1
TBP,ARID3A
TBP,LAMC1
TBP,GDPD5
TBP,ZFP532
TBP,SMARCAD1
TBP,AMPD2
TBP,KDELC2
TBP,MED12
TBP,SIN3A
TBP,LMNB1
TBP,LAMB1
TBP,2410141K09RIK
TBP,PLOD3
TBP,ARFIP1
TBP,HIP1
TBP,CD63
TBP,IGFBP2
TBP,NAA10
TBP,HSPG2
TBP,L1TD1
TBP,PARD6B
TBP,TTC39B
TBP,DPPA2
TBP,CTCF
TBP,RER1
TBP,REST
TBP,TXNDC5
TBP,SLC7A6
TBP,MPRIP
TBP,LY75
TBP,GMNN
TBP,RNF138
TBP,ZFX
TBP,TFE3
TBP,TEX264
TBP,NIPSNAP1
TBP,SPARC
TBP,TMEM150A
TBP,MMGT1
TBP,PML
TBP,GCNT2
TBP,ADAM19
TBP,PHC1
TBP,FGD1
TBP,E2F1
TBP,DNMT3B
TBP,TCN2
TBP,PTPN14
TBP,MYCN
TBP,FKBP9
TBP,NID1
TBP,EPOP
TBP,BCLAF3
TBP,CTSZ
TBP,TDH
TBP,CRTC3
TBP,SFRP1
TBP,ANP32A
TBP,ZIC3
TBP,FRMD4A
TBP,PDIA5
TBP,UTF1
TBP,RAP1GDS1
TBP,MYMX
TBP,SALL1
TBP,FAM114A1
TBP,SELENOM
TBP,ALG13
TBP,EFEMP2
TBP,ZFP57
TBP,ETV4
TBP,ANXA4
TBP,FLRT3
TBP,CKAP4
TBP,RARG
TBP,MAP1A
TBP,RBMXL2
TBP,COL18A1
TBP,GDF3
TBP,CHST15
TBP,CCND1
TBP,LRRC34
TBP,CBX7
TBP,MRAS
TBP,TSPAN9
TBP,LYN
TBP,BRD2
TBP,FOXH1
TBP,PLAT
TBP,MOV10
TBP,JAM2
TBP,BNC2
TBP,RFFL
TBP,RPP25
TBP,N4BP3
TBP,IFITM1
TBP,GCNT1
TBP,GPC6
TBP,TCL1
TBP,SLC15A1
TBP,LAMA1
TBP,OTX2
TBP,GLIPR2
TBP,UPP1
TBP,POU5F1
TBP,NR5A2
TBP,SALL4
TBP,RBPMS2
TBP,PIPOX
TBP,TPD52
TBP,ZFP459
TBP,ZFHX3
TBP,SNURF
TBP,SNRPN
TBP,GPX3
TBP,ALPL
TBP,SPNS2
TBP,ZFP819
TBP,TRH
TBP,OPLAH
TBP,FUT9
TBP,LPAR2
TBP,TCEA3
TBP,RASGRP2
TBP,KRT42
TBP,TET1
TBP,ADAM23
TBP,PDE4DIP
TBP,TGIF2
TBP,B4GALNT4
TBP,HSF2BP
TBP,LRP2
TBP,DUSP9
TBP,ST5
TBP,DUSP27
TBP,HS3ST1
TBP,NOTCH4
TBP,ZFP979
TBP,SERPING1
TBP,CDH6
TBX3,TFRC
TBX3,SMARCA5
TBX3,KDM1A
TBX3,ZFP990
TBX3,SERBP1
TBX3,SRSF1
TBX3,MSL2
TBX3,ARHGAP29
TBX3,FBXO22
TBX3,HDLBP
TBX3,SARAF
TBX3,CLTC
TBX3,ARF4
TBX3,PDIA5
TBX3,ARPC2
TBX3,MPHOSPH8
TBX3,CPD
TBX3,TPD52
TBX3,VAMP3
TBX3,SETD7
TBX3,NPM1
TBX3,ADNP
TBX3,OAT
TBX3,ERP29
TBX3,UPP1
TBX3,MYDGF
TBX3,P4HA1
TBX3,DAP
TBX3,NCAPG
TBX3,GXYLT1
TBX3,MAX
TBX3,SDCBP
TBX3,INO80
TBX3,KDM4C
TBX3,NRF1
TBX3,ZBTB44
TBX3,TFE3
TBX3,NFYA
TBX3,MCM2
TBX3,PKNOX1
TBX3,SETD1A
TBX3,USP28
TBX3,BMPR2
TBX3,NCOR1
TBX3,ABHD5
TBX3,STAG1
TBX3,CBX5
TBX3,NFYC
TBX3,DPY30
TBX3,MFSD1
TBX3,SLC16A1
TBX3,RIF1
TBX3,PURB
TBX3,CBX7
TBX3,CALM1
TBX3,LAMC1
TBX3,RAP1GDS1
TBX3,RAD21
TBX3,MARC2
TBX3,MBD3
TBX3,USP16
TBX3,SAP18
TBX3,CDC5L
TBX3,SAP30
TBX3,MTA2
TBX3,TBP
TBX3,PIPOX
TBX3,CAR2
TBX3,SMARCC1
TBX3,OSBP
TBX3,MORC3
TBX3,RAD23B
TBX3,KAT6B
TBX3,RBPJ
TBX3,GMNN
TBX3,KMT2C
TBX3,HEATR1
TBX3,SUZ12
TBX3,TRIM28
TBX3,P4HA2
TBX3,KDM2B
TBX3,EED
TBX3,SUPT6
TBX3,SMAD2
TBX3,ME1
TBX3,TM9SF3
TBX3,TMEM150A
TBX3,PRKAA2
TBX3,MAN1A
TBX3,MED26
TBX3,NELFA
TBX3,GORASP2
TBX3,PRDX1
TBX3,BAG2
TBX3,PHC1
TBX3,SET
TBX3,IKBIP
TBX3,APAF1
TBX3,SEC24A
TBX3,FBRSL1
TBX3,SPP1
TBX3,GCNT2
TBX3,TMEM30A
TBX3,TLE4
TBX3,CBX1
TBX3,YEATS4
TBX3,PTP4A1
TBX3,SLC35F5
TBX3,GABARAP
TBX3,BRD2
TBX3,ZFP217
TBX3,GFPT1
TBX3,KDM2A
TBX3,GSN
TBX3,COPG1
TBX3,QSOX1
TBX3,ADAM19
TBX3,UBA2
TBX3,GNA12
TBX3,CALU
TBX3,APEX1
TBX3,MKRN1
TBX3,DGCR8
TBX3,LAMP1
TBX3,CDK7
TBX3,ARF1
TBX3,ITGA6
TBX3,TMED3
TBX3,ELOB
TBX3,PATJ
TBX3,MAFK
TBX3,RBMXL2
TBX3,PRDM15
TBX3,RRN3
TBX3,SURF4
TBX3,XPNPEP1
TBX3,COTL1
TBX3,SUPT5
TBX3,ATP6V0A1
TBX3,BTAF1
TBX3,GLO1
TBX3,RTN3
TBX3,IRF2BPL
TBX3,HNRNPL
TBX3,ADGRA2
TBX3,POU5F1
TBX3,ZFP979
TBX3,TXNDC12
TBX3,CST3
TBX3,SLC39A8
TBX3,CDC16
TBX3,APPBP2
TBX3,HSP90AA1
TBX3,FST
TBX3,DRAM1
TBX3,PXDN
TBX3,SMARCA4
TBX3,TMOD3
TBX3,BRD9
TBX3,ZFHX3
TBX3,ATP6V0E
TBX3,ZFP819
TBX3,FABP3
TBX3,TGIF2
TBX3,SOX2
TBX3,PDCD6IP
TBX3,2410141K09RIK
TBX3,NANOG
TBX3,FOXH1
TBX3,SSR3
TBX3,ILK
TBX3,GCNT1
TBX3,DUSP6
TBX3,PRSS35
TBX3,L1TD1
TBX3,TMED9
TBX3,SELENOS
TBX3,OTX2
TCF12,RDM1
TCF12,OAT
TCF12,CD63
TCF12,CBX5
TCF12,ZFHX3
TCF12,RIF1
TCF12,TBRG1
TCF12,SPP1
TCF12,HSP90AB1
TCF12,PIPOX
TCF12,UBA2
TCF12,CALM1
TCF12,FABP3
TCF12,MYMX
TCF12,SEMA4C
TCF12,ADNP
TCF12,MTF2
TCF12,CBX8
TCF12,KMT2D
TCF12,TET1
TCF12,MSH6
TCF12,TPD52
TCF12,KDM5B
TCF12,LRRC59
TCF12,MFSD1
TCF12,NSL1
TCF12,ERF
TCF12,DDB1
TCF12,PHC1
TCF12,GSN
TCF12,FRMD4A
TCF12,ST5
TCF12,OTX2
TCF12,GCNT2
TCF12,CLTC
TCF12,TFRC
TCF12,PLA2G15
TCF12,TMED9
TCF12,IRF2BPL
TCF12,IFITM1
TCF12,NANOG
TCF12,GPC6
TCF12,UPP1
TCF12,NFYC
TCF12,CPOX
TCF12,KMT2C
TCF12,MKRN1
TCF12,PDIA5
TCF12,TGFBR3
TCF12,USP16
TCF12,KDM6B
TCF12,ADAM19
TCF12,PDIA3
TCF12,TLE4
TCF12,SRSF2
TCF12,RBPJ
TCF12,CHST15
TCF12,FNDC3B
TCF12,STAG1
TCF12,RAF1
TCF12,RBBP7
TCF12,LAMP1
TCF12,SOX2
TCF12,SUPT16
TCF12,SLC39A8
TCF12,DNMT3B
TCF12,KDM1A
TCF12,ARHGAP29
TCF12,PHF19
TCF12,SERPING1
TCF12,P4HA1
TCF12,FBXW8
TCF12,SSRP1
TCF12,TBP
TCF12,PDK1
TCF12,LRP2
TCF12,GCNT1
TCF12,TBX3
TCF12,ILK
TCF12,PCOLCE
TCF12,CDC42SE2
TCF12,SLC15A1
TCF12,ZMYND8
TCF12,KDM2B
TCF12,EXT2
TCF12,GNB2
TCF12,IMPDH2
TCF12,MBD3
TCF12,NCOR1
TCF12,TGIF2
TCF12,CDK7
TCF12,CST3
TCF12,DUSP6
TCF12,SH3GLB1
TCF12,PLEKHF2
TCF12,KANSL3
TCF12,ZBTB44
TCF12,CDC16
TCF12,SRSF1
TCF12,TMOD3
TCF12,TAF3
TCF12,FOXH1
TCF12,GALK1
TCF12,KDELC2
TCF12,PAFAH1B3
TCF12,SEC24A
TCF12,RBBP5
TCF12,FHDC1
TCF12,FBRSL1
TCF12,COL4A2
TCF12,COL4A1
TCF12,APOBEC3
TCF12,MSL2
TCF12,CTCF
TCF12,ZFP710
TCF12,ZIC2
TCF12,LAMC1
TCF12,ADAM10
TCF12,ZFP532
TCF12,FZD5
TCF12,WDR11
TCF12,NACC1
TCF12,SARAF
TCF12,GATA6
TCF12,GNAI3
TCF12,SET
TCF12,HSPA4
TCF12,RRN3
TCF12,POU5F1
TCF12,TRAM1
TCF12,TRIM28
TCF12,COPA
TCF12,TSPAN9
TCF12,PXDN
TCF12,GFPT2
TCF12,STAT3
TCF12,ARFGAP1
TCF12,GLDC
TCF12,HDAC2
TCF12,SERBP1
TCF12,DPY30
TCF12,GORASP2
TCF12,ASPH
TCF12,SELENOW
TCF12,TDH
TCF12,DARS
TCF12,COPG1
TCF12,TUBB2B
TCF12,AU018091
TCF12,APPBP2
TCF12,ETV1
TCF12,TMEM214
TCF12,LRPAP1
TCF12,ITGB1
TCF12,MED23
TCF12,FLRT3
TCF12,MYLPF
TCF12,PITPNC1
TCF12,NFYB
TCF12,TGIF1
TCF12,EED
TCF12,OBSL1
TCF12,H13
TCF12,DR1
TCF12,KDM4C
TCF12,POFUT2
TCF12,NELFA
TCF12,MORC3
TCF12,COMMD3
TCF12,ZBTB2
TCF12,MBD2
TCF12,SERPINH1
TCF12,PPIB
TCF12,MPHOSPH8
TCF12,RARA
TCF12,TMEM165
TCF12,GLIPR2
TCF12,PKNOX1
TCF12,NIPSNAP1
TCF12,DMAP1
TCF12,TMEM30A
TCF12,SURF4
TCF12,NPM1
TCF12,GATA4
TCF12,L1TD1
TCF12,DDX21
TCF12,NR4A1
TCF12,BAZ1B
TCF12,VAMP8
TCF12,FOXA2
TCF12,SEC11A
TCF12,RAD23B
TCF12,PNP
TCF12,SOAT1
TCF12,CDH6
TCF12,RRBP1
TCF12,HDLBP
TCF12,ZC3H11A
TCF12,CDK8
TCF12,ADGRA2
TCF12,ATP6V0A1
TCF12,PTP4A1
TCF12,HSPG2
TCF12,TGOLN1
TCF12,ARF4
TCF12,SNURF
TCF12,SNRPN
TCF12,IKBIP
TCF12,APAF1
TCF12,ZYX
TCF12,MAPKAPK2
TCF12,SMAD1
TCF12,ARID1A
TCF12,GMNN
TCF12,INO80
TCF12,FBLIM1
TCF12,VSIR
TCF12,EP400
TCF12,MDN1
TCF12,LRRC34
TCF12,E4F1
TCF12,TCEA3
TCF12,SAP18
TCF12,HIRA
TCF12,CBX3
TCF12,HS3ST1
TCF12,SETX
TCF12,SMARCC1
TCF12,SUMO1
TCF12,MAPK8
TCF12,OGT
TCF12,SUPT5
TCF12,PATJ
TCF12,LY75
TCF12,CALR
TCF12,PRDM14
TCF12,ACP6
TCF12,NRF1
TCF12,E2F1
TCF12,MAFK
TCF12,COPB1
TCF12,NR5A2
TCF12,TCN2
TCF12,CLN6
TCF12,HELB
TCF12,FBXO22
TCF12,ZFP428
TCF12,LTBP4
TCF12,SMARCA5
TCF12,HIRIP3
TCF12,CTBP2
TCF12,BTAF1
TCF12,KDM5A
TCF12,TET3
TCF12,MED26
TCF12,ZFP384
TCF12,GFPT1
TCF12,GSTA4
TCF12,RASGRP2
TCF12,RARG
TCF12,NCAPH2
TCF12,LMF2
TCF12,PSEN1
TCF12,DGCR8
TCF12,DAP
TCF12,KDM2A
TCF12,DDOST
TCF12,EIF2S2
TCF12,BEND5
TCF12,MPRIP
TCF12,MED12
TCF12,GTF2B
TCF12,RBPMS2
TCF12,RTN3
TCF12,LPAR2
TCF12,ATP6V0E
TCF12,TDGF1
TCF12,IFI30
TCF12,FUT9
TCF12,ELL2
TCF12,SAP30
TCF12,USP28
TCF12,SLC35F5
TCF12,ANXA4
TCF12,BRD2
TCF12,SUMO2
TCF12,KAT8
TCF12,LEO1
TCF12,AP2A2
TCF12,MAP1A
TCF12,CALU
TCF12,KDM6A
TCF12,SETDB1
TCF12,SELENOS
TCF12,ARHGEF5
TCF12,RUVBL2
TCF12,BRD9
TCF12,OPLAH
TCF12,NCAPG
TCF12,APEX1
TCF12,MAX
TCF12,RNF2
TCF12,SLC7A3
TCF12,HMGA1
TCF12,PTOV1
TCF12,SLC25A4
TCF12,MSH2
TCF12,LYN
TCF12,NOTCH4
TCF12,PDGFRA
TCF12,KRTCAP2
TCF12,NIPBL
TCF12,MARC2
TCF12,GNS
TCF12,P3H4
TCF12,KDELR1
TCF12,RBMXL2
TCF12,PRDX1
TCF12,SMARCA2
TCF12,HMGA1B
TCF12,ZFP217
TCF12,TRP53
TCF12,TMED3
TCF12,HDAC1
TCF12,POLE4
TCF12,MOB3B
TCF12,FAM129B
TCF12,NUP210
TCF12,MEN1
TCF12,ARF1
TCF12,SETD7
TCF12,CXXC1
TCF12,PAF1
TCF12,PTPN21
TCF12,PRDM15
TCF12,MOV10
TCF12,ZFP322A
TCF12,SSR4
TCF12,TMED2
TCF12,ERP29
TCF12,SETD1A
TCF12,FGFR1
TCF12,ELL3
TCF12,DPF2
TCF12,TFE3
TCF12,PHRF1
TCF12,VKORC1
TCF12,PHLDB2
TCF12,KDELR2
TCF12,CARHSP1
TCF12,ALDH2
TCF12,P3H2
TCF12,IGFBP2
TCF12,ERAS
TCF12,EFEMP2
TCF12,DNAJC10
TCF12,SMARCA4
TCF12,EP300
TCF12,ELL
TCF12,STT3A
TCF12,TXNDC5
TCF12,CRTC3
TCF12,CHMP4B
TCF12,COBLL1
TCF12,CRYAB
TCF12,SLC16A1
TCF12,CDC73
TCF12,TXNDC12
TCF12,CHD1
TCF12,GLO1
TCF12,SALL4
TCF12,GGA2
TCF12,TFCP2L1
TCF12,SUZ12
TCF12,RAB11A
TCF12,MYDGF
TCF12,DCLK2
TCF12,XPNPEP1
TCF12,CTSL
TCF12,STAG2
TCF12,BMPR2
TCF12,B4GALT1
TCF12,AMPD2
TCF12,CBX7
TCF12,LAMB1
TCF12,RER1
TCF12,MYBL2
TCF12,ASS1
TCF12,TAX1BP3
TCF12,PTPN14
TCF12,XRCC5
TCF12,MCM2
TCF12,BRD4
TCF12,GXYLT1
TCF12,ARPC2
TCF12,ZFP42
TCF12,RRAS2
TCF12,LAMB2
TCF12,ARPC5
TCF12,QSOX1
TCF12,ATF7IP
TCF12,PHF5A
TCF12,LAMA1
TCF12,WDR5
TCF12,ZFP143
TCF12,MAN1A
TCF12,CDC5L
TCF12,ARID3A
TCF12,APP
TCF12,PARD6B
TCF12,AARS
TCF12,RNF138
TCF12,2410141K09RIK
TCF12,DICER1
TCF12,SMARCAD1
TCF12,PARP1
TCF12,FUT8
TCF12,RETREG1
TCF12,OSTC
TCF12,GNA12
TCF12,GABARAP
TCF12,KMT2B
TCF12,XBP1
TCF12,TAF2
TCF12,TALDO1
TCF12,MYL6
TCF12,SMC3
TCF12,FXYD6
TCF12,FRS2
TCF12,WDR46
TCF12,JUN
TCF12,YY1
TCF12,SEPT1
TCF12,KCTD10
TCF12,GTF3C1
TCF12,HEATR1
TCF12,YEATS4
TCF12,ZFX
TCF12,RAD21
TCF12,ZFP819
TCF12,SS18
TCF12,B2M
TCF12,TMEM144
TCF12,CTSD
TCF12,ARHGAP1
TCF12,EZH2
TCF12,UBQLN2
TCF12,P3H1
TCF12,ITGA6
TCF12,BMPER
TCF12,ARF5
TCF12,GLI1
TCF12,CHD7
TCF12,SSR1
TCF12,LMNB1
TCF12,NFXL1
TCF12,COL27A1
TCF12,PCGF2
TCF12,HSD17B14
TCF12,ARL8A
TCF12,NCAPD3
TCF12,P4HB
TCF12,JAM2
TCF12,GDF3
TCF12,PDIA6
TCF12,THAP11
TCF12,SOD1
TCF12,PDCD6IP
TCF12,MYH9
TCF12,SDCBP
TCF12,ACBD3
TCF12,RAB2A
TCF12,BSG
TCF12,SNX2
TCF12,SIRT6
TCF12,SMAD3
TCF12,CKAP4
TCF12,RPN1
TCF12,DNAJC3
TCF12,DCTPP1
TCF12,MYC
TCF12,L3MBTL3
TCF12,DERL1
TCF12,RAP1GDS1
TCF12,ETV5
TCF12,UHRF1
TCF12,SPNS2
TCF12,IFITM2
TCF12,PURB
TCF12,NASP
TCF12,ITGAV
TCF12,DUSP27
TCF12,CCDC88C
TCF12,ARFIP1
TCF12,SPARC
TCF12,SUPT6
TCF12,UBTF
TCF12,MTA2
TCF12,MCRS1
TCF12,SNX7
TCF12,ANO10
TCF12,RFFL
TCF12,PTH1R
TCF12,LRRC58
TCF12,FGF10
TCF12,CBX2
TCF12,KLF5
TCF12,CPD
TCF12,NR0B1
TCF12,HIP1
TCF12,BAZ1A
TCF12,GSR
TCF12,SRI
TCF12,RANBP17
TCF12,FKBP5
TCF12,LRRC2
TCF12,DKC1
TCF12,VAMP3
TCF12,STX3
TCF12,TCOF1
TCF12,AKT1
TCF12,HNF1B
TCF12,WDR82
TCF12,BNC2
TCF12,MED1
TCF12,ZFP281
TCF12,GLI2
TCF12,PLOD2
TCF12,DAXX
TCF12,RCOR1
TCF12,NFYA
TCF12,TMEM9B
TCF12,TMEM150A
TCF12,METTL3
TCF12,SSR3
TCF12,SFRP1
TCF12,KAT5
TCF12,PLAT
TCF12,AEBP2
TCF12,MAN1A2
TCF12,TMBIM6
TCF12,RPP25
TCF12,SEC23A
TCF12,TM9SF3
TCF12,CLCN5
TCF12,SLC39A1
TCF12,TCL1
TCF12,RAB3IL1
TCF12,PLOD3
TCF12,TNKS
TCF12,AGPAT4
TCF12,CERS4
TCF12,PLOD1
TCF12,ILDR1
TCF12,FGFR4
TCF12,NONO
TCF12,PWP1
TCF12,DAB2
TCF12,TIMP2
TCF12,GOT1
TCF12,ELOB
TCF12,KAT6B
TCF12,GABBR1
TCF12,SLC7A6
TCF12,F3
TCF12,ZFP57
TCF12,DPPA2
TCF12,RPN2
TCF12,CEMIP
TCF12,ZCCHC24
TCF12,DROSHA
TCF12,CTSZ
TCF12,FGD1
TCF12,KDM4A
TCF12,E2F4
TCF12,SALL1
TCF12,BAG2
TCF12,UTF1
TCF12,SLC39A7
TCF12,EDEM1
TCF12,LGALS3
TCF12,CDK9
TCF12,CREB3
TCF12,ACTL6A
TCF12,DOCK5
TCF12,TTC39B
TCF12,PARVA
TCF12,FKBP9
TCF12,CHD4
TCF12,GDPD5
TCF12,KLF2
TCF12,DTX3L
TCF12,SPOCK1
TCF12,TDG
TCF12,P4HA2
TCF12,SOX17
TCF12,PFKP
TCF12,BAZ2A
TCF12,RXRA
TCF12,PRSS35
TCF12,NUCB1
TCF12,GNPTAB
TCF12,LDLRAP1
TCF12,NID1
TCF12,TMEM59
TCF12,RYBP
TCF12,EPOP
TCF12,COL18A1
TCF12,STARD10
TCF12,KRT8
TCF12,CMKLR1
TCF12,CTR9
TCF12,FAM114A1
TCF12,FGF3
TCF12,MSL1
TCF12,JARID2
TCF12,PCBD1
TCF12,PRKAA2
TCF12,HSP90AA1
TCF12,DUSP9
TCF12,BASP1
TCF12,CBFA2T2
TCF12,GHR
TCF12,SMYD2
TCF12,SELENOM
TCF12,KHDC3
TCF12,2200002D01RIK
TCF12,COLGALT1
TCF12,NAA10
TCF12,USP7
TCF12,TMED10
TCF12,ZFYVE21
TCF12,ZFP990
TCF12,CHCHD10
TCF12,UTP14A
TCF12,ABHD5
TCF12,ETV4
TCF12,EPAS1
TCF12,ME1
TCF12,GNAS
TCF12,GALNT7
TCF12,SMC1A
TCF12,GGTA1
TCF12,CCND1
TCF12,IER2
TCF12,DRAM1
TCF12,CNOT3
TCF12,PCOLCE2
TCF12,RUVBL1
TCF12,NMNAT2
TCF12,CREB3L2
TCF12,SHTN1
TCF12,MVB12B
TCF12,PRDX4
TCF12,MBNL2
TCF12,REST
TCF12,BCLAF3
TCF12,SRGN
TCF12,FN1
TCF12,ZIC3
TCF12,MMGT1
TCF12,BMI1
TCF12,REEP5
TCF12,HNRNPL
TCF12,ANK
TCF12,CAR2
TCF12,ATRX
TCF12,TRH
TCF12,HKDC1
TCF12,FST
TCF12,CREBBP
TCF12,TYRO3
TCF12,KLF4
TCF12,ALG13
TCF12,ZFP459
TCF12,HTATSF1
TCF12,1700061G19RIK
TCF12,ZFP979
TCF12,CBX1
TCF12,TIMP3
TCF12,HSPB1
TCF12,HCFC1
TCF12,TPM4
TCF12,ENOX1
TCF12,FGF4
TCF12,GNG10
TCF12,EVA1A
TCF12,SELENON
TCF12,TEX264
TCF12,PDE4DIP
TCF12,HSF2BP
TCF12,PECAM1
TCF12,IHH
TCF12,ADAM23
TCF12,HAP1
TCF12,TCF15
TCF12,GPX3
TCF12,BMP1
TCF12,MCAM
TCF12,BMP4
TCF3,MSH6
TCF3,GALK1
TCF3,ADNP
TCF3,ADAM19
TCF3,SH3GLB1
TCF3,CLTC
TCF3,RASGRP2
TCF3,ZBTB2
TCF3,HSP90AB1
TCF3,CBX5
TCF3,MTF2
TCF3,HMGA1B
TCF3,HMGA1
TCF3,NUP210
TCF3,MBD3
TCF3,KLF4
TCF3,TAF3
TCF3,GTF2B
TCF3,CCDC88C
TCF3,SETD1A
TCF3,ITGB1
TCF3,DDB1
TCF3,TRAM1
TCF3,CDK9
TCF3,TAF1
TCF3,PARD6B
TCF3,KMT2C
TCF3,HSP90AA1
TCF3,GNB2
TCF3,STAT3
TCF3,GSN
TCF3,RIF1
TCF3,TCF12
TCF3,GLIPR2
TCF3,SUPT5
TCF3,CALM1
TCF3,CBX3
TCF3,DDOST
TCF3,CHMP4B
TCF3,ZFP217
TCF3,KDM2A
TCF3,VSIR
TCF3,TFRC
TCF3,BRD2
TCF3,CREBBP
TCF3,ASS1
TCF3,SIK1
TCF3,CARHSP1
TCF3,CTCF
TCF3,SURF4
TCF3,TPM4
TCF3,LRPAP1
TCF3,STAG1
TCF3,OGT
TCF3,KDM5A
TCF3,ATP6V0A1
TCF3,SET
TCF3,IRF2BPL
TCF3,SEC24A
TCF3,CCND1
TCF3,KMT2B
TCF3,SERBP1
TCF3,NR4A1
TCF3,UBQLN2
TCF3,MBD2
TCF3,TET3
TCF3,KDM4C
TCF3,SRSF2
TCF3,ZFP281
TCF3,SRSF1
TCF3,RRBP1
TCF3,GORASP2
TCF3,SOD1
TCF3,CDC42SE2
TCF3,POU5F1
TCF3,PLA2G15
TCF3,KMT2D
TCF3,CBX7
TCF3,CDC73
TCF3,CHST15
TCF3,FBRSL1
TCF3,IFITM1
TCF3,NPM1
TCF3,BAZ1B
TCF3,COLGALT1
TCF3,PIPOX
TCF3,NIPBL
TCF3,RCC2
TCF3,USP28
TCF3,RARA
TCF3,ARHGAP1
TCF3,SIRT6
TCF3,CST3
TCF3,CBX8
TCF3,PLEKHF2
TCF3,SPNS2
TCF3,RFFL
TCF3,CDK8
TCF3,MYLPF
TCF3,INO80
TCF3,SMARCA5
TCF3,TUBB2B
TCF3,TPD52
TCF3,ACP6
TCF3,RAB11A
TCF3,CD63
TCF3,ARID3A
TCF3,DCLK2
TCF3,LRRC59
TCF3,DPY30
TCF3,TFE3
TCF3,PHC1
TCF3,POLE4
TCF3,LAMP1
TCF3,DNAJC10
TCF3,SUMO2
TCF3,ATF7IP
TCF3,RBPJ
TCF3,HDLBP
TCF3,WDR82
TCF3,SUZ12
TCF3,ARID1A
TCF3,SMARCA4
TCF3,MED12
TCF3,EP400
TCF3,PKNOX1
TCF3,CALR
TCF3,ZFP143
TCF3,KANSL3
TCF3,PDIA3
TCF3,ARFIP1
TCF3,ZFP428
TCF3,ZMYND8
TCF3,ARPC2
TCF3,RAF1
TCF3,KDM1A
TCF3,RTN3
TCF3,PML
TCF3,PDCD6IP
TCF3,ARPC5
TCF3,FUT8
TCF3,TMEM30A
TCF3,PRDM15
TCF3,EED
TCF3,MED23
TCF3,SETX
TCF3,MORC3
TCF3,PURB
TCF3,E2F1
TCF3,FBXO22
TCF3,PTPN21
TCF3,PPIB
TCF3,CHD7
TCF3,TRIM28
TCF3,XBP1
TCF3,SEC24D
TCF3,SMARCA2
TCF3,MAPK8
TCF3,USP16
TCF3,MKRN1
TCF3,NANOG
TCF3,TGIF1
TCF3,LAMC1
TCF3,WDR11
TCF3,TXNDC12
TCF3,PDK1
TCF3,ARHGEF5
TCF3,LMNB1
TCF3,ASPH
TCF3,ZYX
TCF3,IKBIP
TCF3,BTAF1
TCF3,APAF1
TCF3,IMPDH2
TCF3,CDC16
TCF3,TMEM150A
TCF3,HIRA
TCF3,ETV1
TCF3,SLC16A1
TCF3,SLC25A4
TCF3,MOB3B
TCF3,MYMX
TCF3,RRN3
TCF3,DUSP6
TCF3,RER1
TCF3,SETD7
TCF3,ARF4
TCF3,USP7
TCF3,NFYC
TCF3,ZFP710
TCF3,FBXW8
TCF3,RCOR1
TCF3,DMAP1
TCF3,SMYD2
TCF3,BRD4
TCF3,CDC5L
TCF3,AEBP2
TCF3,CTSZ
TCF3,ATP6V0E
TCF3,RAD23B
TCF3,ILK
TCF3,DR1
TCF3,COBLL1
TCF3,OTX2
TCF3,TMEM9B
TCF3,REEP5
TCF3,ADAM10
TCF3,UHRF1
TCF3,ZFP384
TCF3,VAMP3
TCF3,GALNT7
TCF3,DGCR8
TCF3,SLC15A1
TCF3,SMARCC1
TCF3,P4HA1
TCF3,MED26
TCF3,ZBTB44
TCF3,MAP1A
TCF3,MYC
TCF3,ARF1
TCF3,TCEA3
TCF3,BEND5
TCF3,SDCBP
TCF3,TMEM165
TCF3,CHD1
TCF3,MFSD1
TCF3,ERF
TCF3,TGIF2
TCF3,ACTL6A
TCF3,GNPTAB
TCF3,DAP
TCF3,PTPN14
TCF3,KDM2B
TCF3,ARFGAP1
TCF3,PRDX1
TCF3,ETV4
TCF3,NELFA
TCF3,YY1
TCF3,NCOR1
TCF3,TDG
TCF3,ITGAV
TCF3,COPA
TCF3,CDK7
TCF3,MSL2
TCF3,TIMP2
TCF3,PTOV1
TCF3,ACBD3
TCF3,SRGN
TCF3,SEC11A
TCF3,ERP29
TCF3,CBFA2T2
TCF3,PSEN1
TCF3,CDH6
TCF3,FLRT3
TCF3,RBPMS2
TCF3,AP2A2
TCF3,TMEM214
TCF3,SARAF
TCF3,GNA12
TCF3,NFYB
TCF3,RPN2
TCF3,EP300
TCF3,ETV5
TCF3,CLN6
TCF3,RNF2
TCF3,CTBP2
TCF3,TMOD3
TCF3,ZFP532
TCF3,FKBP5
TCF3,COPB1
TCF3,CTSD
TCF3,UPP1
TCF3,POFUT2
TCF3,E4F1
TCF3,RPN1
TCF3,NACC1
TCF3,LPAR2
TCF3,TAX1BP3
TCF3,B4GALT1
TCF3,REST
TCF3,TGOLN1
TCF3,UBTF
TCF3,MPHOSPH8
TCF3,TBP
TCF3,GNS
TCF3,SMAD3
TCF3,ELL
TCF3,2410141K09RIK
TCF3,RETREG1
TCF3,MED1
TCF3,ELOB
TCF3,PDIA5
TCF3,KCTD10
TCF3,WDR5
TCF3,FBLIM1
TCF3,PTP4A1
TCF3,PRKCE
TCF3,HNRNPL
TCF3,KDM5B
TCF3,MDN1
TCF3,SPP1
TCF3,RNF138
TCF3,N4BP3
TCF3,NRF1
TCF3,SSRP1
TCF3,SETDB1
TCF3,MAPKAPK2
TCF3,TAF2
TCF3,CALU
TCF3,TALDO1
TCF3,RAP1GDS1
TCF3,SLC39A8
TCF3,GFPT1
TCF3,HDAC2
TCF3,ARHGAP29
TCF3,XRCC5
TCF3,RBBP7
TCF3,BMPR2
TCF3,SS18
TCF3,LRRC58
TCF3,TBRG1
TCF3,ZC3H11A
TCF3,DARS
TCF3,ST5
TCF3,RAB2A
TCF3,AMFR
TCF3,PXDN
TCF3,SEC23A
TCF3,CREB3
TCF3,P4HB
TCF3,ANK
TCF3,BSG
TCF3,SELENOS
TCF3,EXT2
TCF3,SSR1
TCF3,KAT6B
TCF3,FRMD4A
TCF3,SLC35F5
TCF3,GLO1
TCF3,KDELR2
TCF3,SOX2
TCF3,LTBP4
TCF3,HDAC1
TCF3,FZD5
TCF3,CRTC3
TCF3,ABHD5
TCF3,EDEM1
TCF3,SLC7A6
TCF3,ZFHX3
TCF3,GNAS
TCF3,YEATS4
TCF3,GCNT2
TCF3,STARD10
TCF3,MPRIP
TCF3,KDM4A
TCF3,MAN1A2
TCF3,MYCN
TCF3,SNURF
TCF3,SNRPN
TCF3,RAD21
TCF3,SLC7A3
TCF3,FN1
TCF3,PHRF1
TCF3,GXYLT1
TCF3,DROSHA
TCF3,CAR2
TCF3,COPG1
TCF3,ZIC2
TCF3,RYBP
TCF3,SERPINH1
TCF3,PNP
TCF3,SALL4
TCF3,FNDC3B
TCF3,METTL3
TCF3,SRI
TCF3,PATJ
TCF3,SEMA4C
TCF3,PAFAH1B3
TCF3,BRD9
TCF3,GSR
TCF3,KAT5
TCF3,MOV10
TCF3,ZFP819
TCF3,GDPD5
TCF3,APPBP2
TCF3,MAFK
TCF3,ITPK1
TCF3,GNAI3
TCF3,DNMT3B
TCF3,ARL8A
TCF3,DICER1
TCF3,SMARCAD1
TCF3,GMNN
TCF3,OPLAH
TCF3,BMPER
TCF3,PDIA6
TCF3,MTA2
TCF3,ADGRA2
TCF3,TET2
TCF3,FABP3
TCF3,BMP1
TCF3,PWP1
TCF3,AGPAT4
TCF3,P3H4
TCF3,RRAS2
TCF3,ZFP42
TCF3,CBX2
TCF3,EZH2
TCF3,MVB12B
TCF3,KDELC2
TCF3,GABBR1
TCF3,ZFX
TCF3,LAMB2
TCF3,FOXH1
TCF3,LDLRAP1
TCF3,TSPAN9
TCF3,CTSL
TCF3,GSTA4
TCF3,HTATSF1
TCF3,SLC39A1
TCF3,PLOD2
TCF3,LY75
TCF3,TEX264
TCF3,FOXA2
TCF3,BAZ1A
TCF3,SLC39A7
TCF3,RANBP17
TCF3,CHCHD10
TCF3,PHLDB2
TCF3,BNC2
TCF3,ARHGEF28
TCF3,CHD4
TCF3,NASP
TCF3,APP
TCF3,DNAJC3
TCF3,L3MBTL3
TCF3,TDH
TCF3,SUPT16
TCF3,NODAL
TCF3,BMI1
TCF3,OSBP
TCF3,ZFP322A
TCF3,DPPA2
TCF3,FGFR4
TCF3,PRKAA2
TCF3,ME1
TCF3,PCOLCE2
TCF3,JARID2
TCF3,LAMA1
TCF3,CBX1
TCF3,SMAD2
TCF3,F3
TCF3,FHDC1
TCF3,FGF4
TCF3,LRRC34
TCF3,FST
TCF3,CPD
TCF3,DOCK5
TCF3,ARF5
TCF3,SMAD1
TCF3,LAMB1
TCF3,SMC3
TCF3,RAB3IL1
TCF3,TXNDC5
TCF3,CKAP4
TCF3,LRP2
TCF3,COL18A1
TCF3,MYDGF
TCF3,PRDM14
TCF3,PDGFRA
TCF3,BMP4
TCF3,ENOX1
TCF3,NR5A2
TCF3,TBX3
TCF3,NCOR2
TCF3,BAG2
TCF3,SNX7
TCF3,OAT
TCF3,GGTA1
TCF3,RXRA
TCF3,DRAM1
TCF3,MRAS
TCF3,B2M
TCF3,NR0B1
TCF3,PARVA
TCF3,NID1
TCF3,PTH1R
TCF3,HSPB1
TCF3,P3H2
TCF3,FUT9
TCF3,SMC1A
TCF3,AFF3
TCF3,NOTUM
TCF3,GNG10
TCF3,P4HA2
TCF3,RARG
TCF3,FKBP9
TCF3,ILDR1
TCF3,RBMXL2
TCF3,SHTN1
TCF3,GATA4
TCF3,HS3ST1
TCF3,ZFP57
TCF3,NOTCH4
TCF3,EFEMP2
TCF3,GFPT2
TCF3,SERPING1
TCF3,CEMIP
TCF3,TCN2
TCF3,FAM114A1
TCF3,EPHA1
TCF3,L1TD1
TCF3,KLF5
TCF3,SPOCK1
TCF3,TCF15
TCF3,BASP1
TCF3,FXYD6
TCF3,ZFP979
TCF3,COL4A2
TCF3,COL4A1
TCF3,SH3PXD2B
TCF3,LGALS3
TCF3,SELENON
TCF3,DUSP9
TCF3,TMEM144
TCF3,SFRP1
TCF3,DPPA4
TCF3,GLI1
TCF3,2200002D01RIK
TCF3,PDE4DIP
TCF3,ESRRB
TDG,SMARCA5
TDG,2410141K09RIK
TDG,TFRC
TDG,APPBP2
TDG,PDIA5
TDG,PNP
TDG,SETDB1
TDG,GORASP2
TDG,MED23
TDG,CLTC
TDG,GSN
TDG,PDIA3
TDG,TBRG1
TDG,SMARCC1
TDG,PARVA
TDG,ITGB1
TDG,PLA2G15
TDG,CREBBP
TDG,E4F1
TDG,FLRT3
TDG,ZFP322A
TDG,COPG1
TDG,P4HA1
TDG,ZFP281
TDG,CDK8
TDG,OSTC
TDG,DNAJC10
TDG,FUT9
TDG,NPM1
TDG,CDC5L
TDG,VAMP3
TDG,FBRSL1
TDG,AP2A2
TDG,RAB2A
TDG,TXNDC12
TDG,EP400
TDG,SERPING1
TDG,SARAF
TDG,NFYC
TDG,MFSD1
TDG,DDX21
TDG,NSL1
TDG,DNAJC3
TDG,MAPK8
TDG,TAF2
TDG,NCAPG
TDG,FHDC1
TDG,SNX7
TDG,CBFA2T2
TDG,RAP1GDS1
TDG,METTL3
TDG,GCNT1
TDG,RAF1
TDG,POLE4
TDG,GXYLT1
TDG,RAD23B
TDG,KDELC2
TDG,PAF1
TDG,HEATR1
TDG,ARHGAP29
TDG,PTPN21
TDG,CDC42SE2
TDG,IKBIP
TDG,APAF1
TDG,TGIF2
TDG,PHRF1
TDG,KMT2C
TDG,INO80
TDG,PHF5A
TDG,NASP
TDG,ELL
TDG,YY1
TDG,KLF5
TDG,KLF2
TDG,ATP6V0A1
TDG,SLC35F5
TDG,PLOD1
TDG,FKBP5
TDG,SMAD1
TDG,SEC11A
TDG,GMNN
TDG,EZH2
TDG,GDPD5
TDG,SETX
TDG,PDK1
TDG,GTF3C1
TDG,DMAP1
TDG,TMED3
TDG,SEC23A
TDG,RRAS2
TDG,BMP4
TDG,ZFP459
TDG,MORC3
TDG,FUT8
TDG,ASS1
TDG,ADAM10
TDG,MAP1A
TDG,KDM4A
TDG,EIF2S2
TDG,SRSF2
TDG,PLEKHF2
TDG,KAT8
TDG,ZFP710
TDG,SUMO1
TDG,LY75
TDG,LAMC1
TDG,GGA2
TDG,STAT3
TDG,PCOLCE2
TDG,CARHSP1
TDG,TMED9
TDG,SPNS2
TDG,ARPC2
TDG,ADNP
TDG,SSR3
TDG,PRDX1
TDG,ITGA6
TDG,GLDC
TDG,TMEM214
TDG,TCOF1
TDG,SDCBP
TDG,CLN6
TDG,BMPER
TDG,ALDH2
TDG,PPIB
TDG,CPOX
TDG,VSIR
TDG,SLC25A4
TDG,MSH6
TDG,CALU
TDG,SMARCA4
TDG,NFYB
TDG,MTF2
TDG,TGFBR3
TDG,OAT
TDG,DROSHA
TDG,BRD9
TDG,ZFP42
TDG,RBPJ
TDG,POFUT2
TDG,ILK
TDG,BAG2
TDG,TMOD3
TDG,PRKAA2
TDG,FBXO22
TDG,DGCR8
TDG,ASPH
TDG,ANO10
TDG,TPD52
TDG,SH3GLB1
TDG,OSBP
TDG,SERBP1
TDG,RBMXL2
TDG,OPLAH
TDG,CTSZ
TDG,PTP4A1
TDG,P3H1
TDG,LYN
TDG,GLO1
TDG,GFPT1
TDG,RTN3
TDG,PITPNC1
TDG,PHLDB2
TDG,MPHOSPH8
TDG,MEN1
TDG,LRP2
TDG,HIP1
TDG,GNA12
TDG,DAB2
TDG,STT3A
TDG,SMAD2
TDG,SIRT6
TDG,KAT5
TDG,DICER1
TDG,DAP
TDG,SELENOS
TDG,PKNOX1
TDG,NID1
TDG,HS3ST1
TDG,GLIPR2
TDG,COTL1
TDG,COPB1
TDG,TUBB2B
TDG,TRAM1
TDG,RPN1
TDG,PARP1
TDG,ILDR1
TDG,FBXW8
TDG,NFXL1
TDG,TMEM59
TDG,SPOCK1
TDG,PLOD2
TDG,MED1
TDG,KDM1A
TDG,FKBP9
TDG,DR1
TDG,BMPR2
TDG,SUZ12
TDG,SURF4
TDG,SSR1
TDG,SS18
TDG,SLC9A6
TDG,PRSS35
TDG,KANSL3
TDG,HDAC2
TDG,GTF2B
TDG,GPX3
TDG,WDR82
TDG,TDH
TDG,CDH6
TDG,ARF4
TDG,P3H2
TDG,CHST15
TDG,PSEN1
TDG,ZBTB2
TDG,TTC39B
TDG,SEC24D
TDG,CTSD
TDG,CTDSPL
TDG,APEX1
TDG,TCF12
TDG,SELENOM
TDG,SAP18
TDG,PRKCE
TDG,ME1
TDG,B2M
TDG,APOBEC3
TDG,ADAM23
TDG,VKORC1
TDG,USP28
TDG,CALM1
TDG,TAX1BP3
TDG,SUPT16
TDG,SELENON
TDG,RUVBL1
TDG,RRBP1
TDG,XRCC5
TDG,WDR11
TDG,UBQLN2
TDG,MAN1A
TDG,GCNT2
TDG,F3
TDG,SPP1
TDG,SPARC
TDG,QSOX1
TDG,PWP1
TDG,NIPSNAP1
TDG,ENOX1
TDG,ANXA4
TET1,SETD1A
TET1,KLF5
TET1,ZFHX3
TET1,PDIA3
TET1,PDIA5
TET1,LAMP1
TET1,HSPA4
TET1,SMARCA5
TET1,MFSD1
TET1,H13
TET1,HSP90AA1
TET1,MKRN1
TET1,RANBP17
TET1,NFYC
TET1,STAT3
TET1,KMT2C
TET1,ADAM10
TET1,NCOR1
TET1,SLC16A1
TET1,NPM1
TET1,RBMXL2
TET1,CBX1
TET1,KMT2D
TET1,TBRG1
TET1,TFRC
TET1,SETX
TET1,LRRC59
TET1,RAF1
TET1,CBX3
TET1,LRP2
TET1,ARPC5
TET1,MYBL2
TET1,CNOT3
TET1,SUZ12
TET1,IER2
TET1,MSH6
TET1,SERBP1
TET1,KDM5B
TET1,PHC1
TET1,NASP
TET1,KANSL3
TET1,MED26
TET1,RRN3
TET1,KDM5A
TET1,SEC24A
TET1,BAZ1B
TET1,HSP90AB1
TET1,ZFP57
TET1,GMNN
TET1,HDLBP
TET1,SUPT16
TET1,PHRF1
TET1,COPB1
TET1,ZFP281
TET1,CLTC
TET1,RNF2
TET1,PARP1
TET1,KDM4C
TET1,NCAPD3
TET1,SALL4
TET1,ACP6
TET1,RAD23B
TET1,PKNOX1
TET1,SRSF2
TET1,LMNB1
TET1,EP300
TET1,SMARCC1
TET1,SAP30
TET1,RNF138
TET1,MAX
TET1,FBXO22
TET1,TMBIM6
TET1,MAPK8
TET1,RAB11A
TET1,TCF3
TET1,ARF1
TET1,RIF1
TET1,RTN3
TET1,TRIM28
TET1,UBA2
TET1,ALG13
TET1,TMOD3
TET1,ARF4
TET1,ZIC2
TET1,DDB1
TET1,PWP1
TET1,PRDX1
TET1,SRSF1
TET1,TMEM30A
TET1,FGFR1
TET1,OAT
TET1,CDC5L
TET1,FGF4
TET1,MTF2
TET1,GFPT2
TET1,ITGB1
TET1,NFYA
TET1,IGFBP2
TET1,EP400
TET1,GXYLT1
TET1,EDEM1
TET1,VAMP3
TET1,DR1
TET1,KDM2A
TET1,SUMO1
TET1,P4HB
TET1,ZFP428
TET1,FNDC3B
TET1,KLF2
TET1,SNX2
TET1,LAMC1
TET1,APPBP2
TET1,PURB
TET1,EED
TET1,MYH9
TET1,EPOP
TET1,AEBP2
TET1,GORASP2
TET1,E4F1
TET1,SET
TET1,TTC39B
TET1,MAPKAPK2
TET1,CBFA2T2
TET1,CST3
TET1,COBL
TET1,FHDC1
TET1,ACBD3
TET1,RPN1
TET1,ZBTB44
TET1,USP7
TET1,SUMO2
TET1,RPN2
TET1,USP16
TET1,MOV10
TET1,EZH2
TET1,YEATS4
TET1,SLC7A6
TET1,TMED2
TET1,RAD21
TET1,SS18
TET1,XPNPEP1
TET1,TAX1BP3
TET1,KAT6B
TET1,ZFP532
TET1,PDK1
TET1,TCF15
TET1,FUT8
TET1,PTPN14
TET1,GLO1
TET1,SOX2
TET1,CDC42SE2
TET1,CALM1
TET1,NACC1
TET1,DERL1
TET1,ARPC2
TET1,TPD52
TET1,ACTL6A
TET1,PITPNC1
TET1,DNAJC3
TET1,ADNP
TET1,DPY30
TET1,SEMA4C
TET1,IKBIP
TET1,HNRNPL
TET1,APAF1
TET1,GCNT2
TET1,SARAF
TET1,ASPH
TET1,P4HA1
TET1,NELFA
TET1,TMED3
TET1,UHRF1
TET1,SMARCAD1
TET1,RYBP
TET1,DARS
TET1,TET2
TET1,PSEN1
TET1,CBX8
TET1,LAMA1
TET1,RFFL
TET1,EIF2S2
TET1,NFXL1
TET1,MTA2
TET1,YY1
TET1,SIN3A
TET1,SELENOS
TET1,ATF7IP
TET1,MAFK
TET1,GNAI3
TET1,MORC3
TET1,POLE4
TET1,CALR
TET1,MYMX
TET1,GGA2
TET1,JAM2
TET1,ETV5
TET1,GFPT1
TET1,NRF1
TET1,TMEM214
TET1,MSL2
TET1,TBP
TET1,ITGA6
TET1,TLE4
TET1,AP2A2
TET1,MARC2
TET1,KDM1A
TET1,XBP1
TET1,ARHGAP29
TET1,ADGRA2
TET1,SOD1
TET1,GTF2B
TET1,CPOX
TET1,NIPBL
TET1,NODAL
TET1,TBX3
TET1,SURF4
TET1,P3H1
TET1,UTF1
TET1,ARID1A
TET1,ARFIP1
TET1,B4GALT1
TET1,CTCF
TET1,INO80
TET1,CPD
TET1,TFCP2L1
TET1,CALU
TET1,DROSHA
TET1,EPHA1
TET1,NSL1
TET1,MSH2
TET1,DNMT3B
TET1,ARL8A
TET1,FKBP9
TET1,REST
TET1,FKBP5
TET1,BTAF1
TET1,RAP1GDS1
TET1,GSN
TET1,ZFP143
TET1,WDR82
TET1,TMEM9B
TET1,LEO1
TET1,ERP29
TET1,DNAJC10
TET1,SMAD1
TET1,HDAC2
TET1,ADAM19
TET1,CRTC3
TET1,PHF5A
TET1,ZCCHC24
TET1,NCAPG
TET1,REEP5
TET1,RRAS2
TET1,KDELC2
TET1,SIK1
TET1,CDC16
TET1,TEX264
TET1,DDX21
TET1,GPC6
TET1,LRRC58
TET1,DPF2
TET1,CHD4
TET1,ATRX
TET1,KDELR2
TET1,CAR2
TET1,HSPG2
TET1,FAM129B
TET1,RRBP1
TET1,TNKS
TET1,P4HA2
TET1,TSPAN9
TET1,MAN1A
TET1,SMAD2
TET1,N4BP3
TET1,FRMD4A
TET1,APEX1
TET1,FBRSL1
TET1,PTP4A1
TET1,SMAD3
TET1,ILK
TET1,ITGAV
TET1,HSPB1
TET1,MSL1
TET1,IMPDH2
TET1,HAP1
TET1,GALNT7
TET1,ZBTB2
TET1,GNPTAB
TET1,ABHD5
TET1,SMC3
TET1,SMYD2
TET1,PLEKHF2
TET1,RBPJ
TET1,PCOLCE2
TET1,ERF
TET1,AMPD2
TET1,RER1
TET1,CBX2
TET1,BNC2
TET1,ST5
TET1,TMED10
TET1,ALDH2
TET1,GLI2
TET1,PATJ
TET1,LYN
TET1,POFUT2
TET1,BRD4
TET1,BCLAF3
TET1,UBTF
TET1,B4GALNT4
TET1,TFE3
TET1,ETV4
TET1,ZFP710
TET1,SSR1
TET1,COL4A2
TET1,COL4A1
TET1,DGCR8
TET1,TCF12
TET1,SHTN1
TET1,MYLPF
TET1,ME1
TET1,GLIPR2
TET1,VKORC1
TET1,MDN1
TET1,GTF3C1
TET1,GSR
TET1,ELOB
TET1,DICER1
TET1,CBX5
TET1,P3H4
TET1,MPRIP
TET1,TAF3
TET1,CTBP2
TET1,HIRA
TET1,LY75
TET1,RARA
TET1,KDM2B
TET1,RBPMS2
TET1,TXNDC5
TET1,SSR4
TET1,MPHOSPH8
TET1,SLC25A4
TET1,DAP
TET1,ALPL
TET1,MAN1A2
TET1,MED23
TET1,BAG2
TET1,CREB3L2
TET1,L1TD1
TET1,QSOX1
TET1,BMPR2
TET1,FN1
TET1,THAP11
TET1,COPA
TET1,SPNS2
TET1,KHDC3
TET1,GNAS
TET1,SOAT1
TET1,TDG
TET1,RUVBL1
TET1,SMARCA4
TET1,COL18A1
TET1,USP28
TET1,TGFBR3
TET1,PDCD6IP
TET1,PCGF2
TET1,CDK8
TET1,UPP1
TET1,ZIC3
TET1,RCOR1
TET1,GLDC
TET1,COLGALT1
TET1,CDK9
TET1,GNS
TET1,TMEM59
TET1,IRF2BPL
TET1,GNA12
TET1,BAZ1A
TET1,HDAC3
TET1,DTX1
TET1,TAF2
TET1,STAG2
TET1,RBBP7
TET1,TXNDC12
TET1,TMEM150A
TET1,GABBR1
TET1,SUPT5
TET1,NUP210
TET1,HDAC1
TET1,BASP1
TET1,PLOD2
TET1,DDOST
TET1,SETDB1
TET1,ADAM23
TET1,DCLK2
TET1,ILDR1
TET1,RAB2A
TET1,ARHGEF5
TET1,STAG1
TET1,SLC39A8
TET1,APP
TET1,ATP6V0E
TET1,F3
TET1,TGIF1
TET1,SLC35F5
TET1,DRAM1
TET1,ZFP217
TET1,CHD7
TET1,NR5A2
TET1,NOTUM
TET1,GGTA1
TET1,WDR5
TET1,SSRP1
TET1,KDM6A
TET1,STX3
TET1,MBD3
TET1,PTOV1
TET1,VSIR
TET1,CHST15
TET1,CKAP4
TET1,SUPT6
TET1,DAXX
TET1,RPP25
TET1,PPIB
TET1,P3H2
TET1,ZYX
TET1,PDE4DIP
TET1,CD63
TET1,SAP18
TET1,TGIF2
TET1,ZC3H11A
TET1,TMEM165
TET1,TENM4
TET1,CHD1
TET1,SFRP1
TET1,SETD7
TET1,FRS2
TET1,TM9SF3
TET1,BRD9
TET1,RETREG1
TET1,CTR9
TET1,FGD1
TET1,E2F1
TET1,PRDM15
TET1,FBXW8
TET1,PARD6B
TET1,GNG10
TET1,KMT2B
TET1,FGF3
TET1,CTSL
TET1,TCEA3
TET1,TDH
TET1,ELL
TET1,PLOD3
TET1,OSTC
TET1,GALK1
TET1,ENOX1
TET1,NR4A1
TET1,PARVA
TET1,BMPER
TET1,DOCK5
TET1,ANK
TET1,STT3A
TET1,CREB3
TET1,CDH6
TET1,VAMP8
TET1,RARG
TET1,PXDN
TET1,PDIA6
TET1,CREBBP
TET1,ZFP384
TET1,CBX7
TET1,MAP1A
TET1,TCOF1
TET1,COMMD3
TET1,CLN6
TET1,TRAM1
TET1,OSBP
TET1,TPM4
TET1,ELL2
TET1,CDC73
TET1,WDR46
TET1,SH3PXD2B
TET1,COBLL1
TET1,SEC11A
TET1,PRKAA2
TET1,TIMP2
TET1,OBSL1
TET1,WDR11
TET1,GCNT1
TET1,TMED9
TET1,FZD5
TET1,ZFX
TET1,SMARCA2
TET1,ARHGAP1
TET1,AARS
TET1,TET3
TET1,SRGN
TET1,ELL3
TET1,FGFR4
TET1,MOB3B
TET1,SEC23A
TET1,JUN
TET1,PAF1
TET1,JARID2
TET1,GOT1
TET1,RCC2
TET1,CCDC88C
TET1,ANXA4
TET1,LGALS3
TET1,KLHDC3
TET1,E2F4
TET1,TYRO3
TET1,RDM1
TET1,NCOR2
TET1,CHMP4B
TET1,CARHSP1
TET1,NR0B1
TET1,ITPK1
TET1,HEATR1
TET1,RBBP5
TET1,FUT9
TET1,NID1
TET1,LDLRAP1
TET1,DTX3L
TET1,MVB12B
TET1,NMNAT2
TET1,PHLDB2
TET1,ARFGAP1
TET1,ZFYVE21
TET1,ATP6V0A1
TET1,BEND5
TET1,SH3GLB1
TET1,COTL1
TET1,PAFAH1B3
TET1,CERS4
TET1,SHF
TET1,PDGFRA
TET1,AMFR
TET1,GDPD5
TET1,FGF10
TET1,SDCBP
TET1,STARD10
TET1,FABP3
TET1,CDK7
TET1,AFF3
TET1,POU5F1
TET1,RXRA
TET1,ARF5
TET1,FAM114A1
TET1,PCBD1
TET1,MED1
TET1,MSX2
TET1,CLCN5
TET1,HSF2BP
TET1,DMAP1
TET1,CHCHD10
TET1,KRT8
TET1,CXXC1
TET1,SSR3
TET1,DUSP6
TET1,KAT8
TET1,TALDO1
TET1,BMP1
TET1,SRI
TET1,ESRRB
TET1,GHR
TET1,KAT5
TET1,RASGRP2
TET1,L3MBTL3
TET1,RAB3IL1
TET1,AGPAT4
TET1,CTSD
TET1,MED12
TET1,HMGA1B
TET1,HMGA1
TET1,EPAS1
TET1,MRAS
TET1,BRD2
TET1,SEC24D
TET1,PTPN21
TET1,LRPAP1
TET1,BSG
TET1,GNB2
TET1,TGOLN1
TET1,MYCN
TET1,MCRS1
TET1,ARHGEF28
TET1,SLC39A7
TET1,LTBP4
TET1,HELB
TET1,NONO
TET1,EMP2
TET1,SLC15A1
TET1,MEN1
TET1,MYDGF
TET1,PLA2G15
TET1,ANO10
TET1,SNURF
TET1,SNRPN
TET1,PRKCE
TET1,CTDSPL
TET1,ARID3A
TET1,PHF19
TET1,GLI1
TET1,OPLAH
TET1,ZFP819
TET1,DUSP9
TET1,MBD2
TET1,HTATSF1
TET1,HS3ST1
TET1,KLF4
TET1,ZFP322A
TET1,COPG1
TET1,NIPSNAP1
TET1,KDELR1
TET1,GPX3
TET1,HIP1
TET1,PTH1R
TET1,DAB2
TET1,SPOCK1
TET1,PFKP
TET1,B2M
TET1,IHH
TET1,GABARAP
TET1,PIPOX
TET1,HNF1B
TET1,HEXIM1
TET1,MSL3
TET1,UBQLN2
TET1,HKDC1
TET1,PRDX4
TET1,KDELR3
TET1,MCAM
TET1,LAMB2
TET1,TIMP3
TET1,KCTD10
TET1,COL27A1
TET1,BAZ2A
TET1,CTSZ
TET1,FBLIM1
TET1,TRH
TET1,SELENOM
TET1,SALL1
TET1,AKT1
TET1,EXT2
TET1,ASS1
TET1,LAMB1
TET1,SLC9A6
TET1,XRCC5
TET1,KDM4A
TET1,CEMIP
TET1,ZMYND8
TET1,NFYB
TET1,PLOD1
TET1,PNP
TET1,CRYAB
TET1,PRSS35
TET1,TAF1
TET1,TMEM144
TET1,TUBB2B
TET1,METTL3
TET1,LRRC34
TET1,EHMT2
TET1,NAA10
TET1,FXYD6
TET1,HCFC1
TET1,MYC
TET1,SNX7
TET1,SELENOW
TET1,2200002D01RIK
TET1,ERAS
TET1,BMI1
TET1,TDGF1
TET1,ETV1
TET1,TCN2
TET1,SIRT6
TET1,NUCB1
TET1,EFEMP2
TET1,2410141K09RIK
TET1,KRTCAP2
TET1,OOEP
TET1,NCAPH2
TET1,LMF2
TET1,MCM2
TET1,PECAM1
TET1,IFITM1
TET1,APOBEC3
TET1,FLRT3
TET1,DCTPP1
TET2,KANSL3
TET2,BSG
TET2,RIF1
TET2,GORASP2
TET2,POU5F1
TET2,NANOG
TET2,ETV1
TET2,KMT2C
TET2,CALM1
TET2,ZFHX3
TET2,ACP6
TET2,MTF2
TET2,MYLPF
TET2,TMED9
TET2,NACC1
TET2,BRD4
TET2,SMARCA5
TET2,MFSD1
TET2,KDM6B
TET2,IRF2BPL
TET2,PHC1
TET2,SET
TET2,LRPAP1
TET2,RBPJ
TET2,ZC3H11A
TET2,BTAF1
TET2,CXXC1
TET2,FHDC1
TET2,NR5A2
TET2,LAMP1
TET2,MYMX
TET2,TBRG1
TET2,CST3
TET2,LMNB1
TET2,ATRX
TET2,PRDM14
TET2,RDM1
TET2,MBD3
TET2,FOXH1
TET2,ITGB1
TET2,UPP1
TET2,CBX8
TET2,TSPAN9
TET2,PIPOX
TET2,RARA
TET2,TDH
TET2,RARG
TET2,SEMA4C
TET2,AP2A2
TET2,LRRC34
TET2,NOTCH4
TET2,ZIC2
TET2,BMI1
TET2,ST5
TET2,SPP1
TET3,RDM1
TET3,PNP
TET3,TFRC
TET3,HEXIM1
TET3,PRDX1
TET3,CTSL
TET3,CALM1
TET3,GTF2B
TET3,IMPDH2
TET3,NPM1
TET3,EP400
TET3,GFPT2
TET3,NASP
TET3,SLC25A4
TET3,CALR
TET3,HSP90AA1
TET3,KLF2
TET3,SMC3
TET3,SET
TET3,HSP90AB1
TET3,SMARCA5
TET3,CBX3
TET3,IER2
TET3,P4HA1
TET3,TXNDC12
TET3,TLE4
TET3,HAP1
TET3,SUMO1
TET3,HMGA1B
TET3,HMGA1
TET3,SLC16A1
TET3,MYC
TET3,SOD1
TET3,BSG
TET3,P4HB
TET3,TUBB2B
TET3,POLE4
TET3,SAP18
TET3,DUSP6
TET3,CBX5
TET3,HDAC1
TET3,DDB1
TET3,SRSF2
TET3,PDIA3
TET3,RBBP7
TET3,ZFP143
TET3,TRIM28
TET3,TCF15
TET3,2410141K09RIK
TET3,KDM4C
TET3,FN1
TET3,SETDB1
TET3,UBA2
TET3,L1TD1
TET3,LRPAP1
TET3,KLF5
TET3,APPBP2
TET3,CDC42SE2
TET3,HNRNPL
TET3,GORASP2
TET3,CLTC
TET3,DDX21
TET3,NODAL
TET3,BTAF1
TET3,MSH2
TET3,TRP53
TET3,FGF4
TET3,GSTA4
TET3,RBMXL2
TET3,SRSF1
TET3,SS18
TET3,PHF5A
TET3,UTP14A
TET3,FZD5
TET3,KDM5B
TET3,BMPR2
TET3,RIF1
TET3,KDM5A
TET3,GLDC
TET3,NFYB
TET3,STAT3
TET3,ABHD5
TET3,SERBP1
TET3,PLA2G1B
TET3,COL18A1
TET3,XRCC5
TET3,HSPB1
TET3,RRN3
TET3,TFCP2L1
TET3,KAT8
TET3,GNAI3
TET3,OAT
TET3,RPP25
TET3,PAF1
TET3,RANBP17
TET3,RPN1
TET3,JUN
TET3,RYBP
TET3,NFYC
TET3,GLO1
TET3,DARS
TET3,DCTPP1
TET3,ASPH
TET3,CDC73
TET3,KCTD10
TET3,NFXL1
TET3,KLF4
TET3,EED
TET3,B2M
TET3,RBPJ
TET3,SURF4
TET3,ARF4
TET3,DR1
TET3,GOT1
TET3,ARHGAP29
TET3,EZH2
TET3,SPP1
TET3,XPNPEP1
TET3,CBX7
TET3,MYCN
TET3,YEATS4
TET3,TMEM214
TET3,TDGF1
TET3,DGCR8
TET3,TMBIM6
TET3,ETV5
TET3,NCAPG
TET3,MPHOSPH8
TET3,CDC5L
TET3,ASS1
TET3,TRH
TET3,B4GALT1
TET3,NCOR1
TET3,NRF1
TET3,ZBTB44
TET3,SELENOW
TET3,HIRIP3
TET3,FOXH1
TET3,RAF1
TET3,E4F1
TET3,IFI30
TET3,ZFP428
TET3,NR4A1
TET3,TIMP3
TET3,SUZ12
TET3,METTL3
TET3,FBXO22
TET3,AARS
TET3,OSTC
TET3,SHF
TET3,CHD4
TET3,RTN3
TET3,MTF2
TET3,MDN1
TET3,RNF2
TET3,APEX1
TET3,SOX2
TET3,PTP4A1
TET3,PHRF1
TET3,TDH
TET3,ITGA6
TET3,PLOD2
TET3,POFUT2
TET3,GFPT1
TET3,ZFP42
TET3,LAMP1
TET3,PURB
TET3,SUPT5
TET3,ELL2
TET3,MSL2
TET3,ATP6V0A1
TET3,HDLBP
TET3,NELFA
TET3,ZIC3
TET3,ACP6
TET3,MYL6
TET3,NUP210
TET3,KDM4A
TET3,NCAPH2
TET3,LMF2
TET3,SMC1A
TET3,PARP1
TET3,SELENOS
TET3,FKBP5
TET3,ZFP979
TET3,DPY30
TET3,ZFP217
TET3,TGOLN1
TET3,TBP
TET3,SMARCAD1
TET3,KMT2B
TET3,MARC2
TET3,FBRSL1
TET3,USP16
TET3,NFYA
TET3,ADAM19
TET3,BRD4
TET3,TMED9
TET3,FLRT3
TET3,MORC3
TET3,INO80
TET3,TAF2
TET3,ARF1
TET3,SUPT16
TET3,EDEM1
TET3,TMOD3
TET3,ADNP
TET3,MYBL2
TET3,DNMT3B
TET3,WDR82
TET3,PITPNC1
TET3,SMARCC1
TET3,NANOG
TET3,DNAJC10
TET3,KANSL3
TET3,RNF138
TET3,SSRP1
TET3,AP2A2
TET3,PFKP
TET3,ELOB
TET3,YY1
TET3,STAG1
TET3,RRAS2
TET3,IKBIP
TET3,APAF1
TET3,RPN2
TET3,CTSD
TET3,LRRC34
TET3,COPG1
TET3,RRBP1
TET3,RAD23B
TET3,CTCF
TET3,CCND1
TET3,UHRF1
TET3,P3H1
TET3,JARID2
TET3,EPOP
TET3,LAMB1
TET3,ZFP532
TET3,TRAM1
TET3,DPF2
TET3,PSEN1
TET3,HIRA
TET3,PPIB
TET3,ATP6V0E
TET3,DKC1
TET3,HSPG2
TET3,TBRG1
TET3,MKRN1
TET3,KDM6A
TET3,STT3A
TET3,MBD3
TET3,CTSZ
TET3,PRDX4
TET3,LRRC58
TET3,CARHSP1
TET3,MED1
TET3,ACTL6A
TET3,TGIF2
TET3,COPA
TET3,SSR3
TET3,GGA2
TET3,CD63
TET3,DAXX
TET3,TMEM165
TET3,KMT2D
TET3,CHCHD10
TET3,PDIA5
TET3,EIF2S2
TET3,PCOLCE2
TET3,RAP1GDS1
TET3,BRD9
TET3,ARFGAP1
TET3,APOBEC3
TET3,ERF
TET3,GDPD5
TET3,MFSD1
TET3,PWP1
TET3,PDIA6
TET3,POU5F1
TET3,SMAD2
TET3,KAT5
TET3,SLC7A6
TET3,UBQLN2
TET3,NAA10
TET3,MEN1
TET3,ITGB1
TET3,CTBP2
TET3,GNA12
TET3,MSH6
TET3,DDOST
TET3,ARPC5
TET3,KDELC2
TET3,DROSHA
TET3,GTF3C1
TET3,COLGALT1
TET3,CALU
TET3,LY75
TET3,FNDC3B
TET3,FRS2
TET3,NCAPD3
TET3,SLC39A1
TET3,PTOV1
TET3,CST3
TET3,TAF3
TET3,SIRT6
TET3,WDR11
TET3,TMED10
TET3,HSPA4
TET3,RCOR1
TET3,LRP2
TET3,DUSP9
TET3,CREB3
TET3,ZFP322A
TET3,CPOX
TET3,PDK1
TET3,MAP1A
TET3,ALDH2
TET3,NSL1
TET3,SMAD1
TET3,ZFP57
TET3,TMEM30A
TET3,E2F4
TET3,WDR5
TET3,BAZ1B
TET3,GMNN
TET3,MED26
TET3,GCNT2
TET3,CDK7
TET3,SARAF
TET3,ALPL
TET3,LMNB1
TET3,ZFP710
TET3,SETD1A
TET3,FUT8
TET3,SSR1
TET3,SNURF
TET3,SNRPN
TET3,SMARCA4
TET3,SLC7A3
TET3,NR0B1
TET3,H13
TET3,HEATR1
TET3,ETV4
TET3,HDAC2
TET3,OSBP
TET3,CHMP4B
TET3,ZBTB2
TET3,MTA2
TET3,SUMO2
TET3,ATF7IP
TET3,TM9SF3
TET3,RBBP5
TET3,MSL1
TET3,COTL1
TET3,MAPKAPK2
TET3,MAN1A2
TET3,RAD21
TET3,PLEKHF2
TET3,ETV1
TET3,KDELR2
TET3,AGPAT4
TET3,SSR4
TET3,CDK8
TET3,HIP1
TET3,TDG
TET3,ITGAV
TET3,TBX3
TET3,GXYLT1
TET3,ERP29
TET3,TPD52
TET3,GABARAP
TET3,TMEM59
TET3,PTPN21
TET3,DERL1
TET3,AU018091
TET3,CBX1
TET3,ACBD3
TET3,SPARC
TET3,ZFP459
TET3,ATRX
TET3,TALDO1
TET3,BMP4
TET3,AMPD2
TET3,SLC35F5
TET3,MMGT1
TET3,SETX
TET3,NUCB1
TET3,LAMC1
TET3,SEC24A
TET3,ILK
TET3,QSOX1
TET3,ARHGAP1
TET3,ZC3H11A
TET3,SIK1
TET3,CHD1
TET3,CBX2
TET3,RUVBL2
TET3,SEC11A
TET3,FBXW8
TET3,RAB11A
TET3,ARL8A
TET3,TMED3
TET3,KDM1A
TET3,ADAM10
TET3,RFFL
TET3,CREB3L2
TET3,MBD2
TET3,KLHDC3
TET3,CTR9
TET3,SLC39A7
TET3,RCC2
TET3,NID1
TET3,B4GALNT4
TET3,ALG13
TET3,CAR2
TET3,OGT
TET3,GNS
TET3,RUVBL1
TET3,PLA2G15
TET3,COPB1
TET3,ZCCHC24
TET3,ERAS
TET3,ARPC2
TET3,TXNDC5
TET3,GSR
TET3,VSIR
TET3,PIPOX
TET3,E2F1
TET3,ARID1A
TET3,SDCBP
TET3,DPPA2
TET3,PDCD6IP
TET3,ZFP384
TET3,MCRS1
TET3,ZFP819
TET3,TAX1BP3
TET3,GALK1
TET3,PLOD1
TET3,UBTF
TET3,TTC39B
TET3,SNX2
TET3,TCEA3
TET3,PHC1
TET3,LPAR2
TET3,FUT9
TET3,TCF3
TET3,NONO
TET3,MYMX
TET3,KMT2C
TET3,PML
TET3,CCDC88C
TET3,NIPSNAP1
TET3,UPP1
TET3,HELB
TET3,EHMT2
TET3,FGFR1
TET3,CDC16
TET3,TCOF1
TET3,EP300
TET3,SMAD3
TET3,AEBP2
TET3,MCM2
TET3,TIMP2
TET3,FKBP9
TET3,DMAP1
TET3,LRRC59
TET3,IGFBP2
TET3,PAFAH1B3
TET3,PKNOX1
TET3,ZYX
TET3,KAT6B
TET3,DNAJC3
TET3,RER1
TET3,SRI
TET3,CLN6
TET3,MYDGF
TET3,ZFX
TET3,F3
TET3,MED12
TET3,GABBR1
TET3,BNC2
TET3,SORD
TET3,SETD7
TET3,SEC23A
TET3,PRKAA2
TET3,REST
TET3,CDK9
TET3,TMEM144
TET3,HDAC3
TET3,UTF1
TET3,PLOD3
TET3,MYH9
TET3,TGIF1
TET3,TCL1
TET3,FAM129B
TET3,HCFC1
TET3,COBL
TET3,CKAP4
TET3,FXYD6
TET3,FRMD4A
TET3,PARD6B
TET3,HTATSF1
TET3,ARFIP1
TET3,TSPAN9
TET3,MOB3B
TET3,PATJ
TET3,PRDM15
TET3,NIPBL
TET3,KDM2A
TET3,VKORC1
TET3,TMED2
TET3,MED23
TET3,TAF1
TET3,DICER1
TET3,BEND5
TET3,ADAM23
TET3,ZFYVE21
TET3,SERPING1
TET3,EPAS1
TET3,FGFR4
TET3,LAMA1
TET3,IRF2BPL
TET3,SALL4
TET3,DTX3L
TET3,GGTA1
TET3,TMEM150A
TET3,BAZ1A
TET3,TMEM9B
TET3,PCGF2
TET3,NR5A2
TET3,VAMP3
TET3,CXXC1
TET3,GLMP
TET3,NACC1
TET3,FABP3
TET3,RARA
TET3,KDM2B
TET3,MAPK8
TET3,EPHA1
TET3,ME1
TET3,ELL
TET3,RAB2A
TET3,CBFA2T2
TET3,USP28
TET3,OPLAH
TET3,BAG2
TET3,USP7
TET3,LEO1
TET3,SLC15A1
TET3,JAM2
TET3,GCNT1
TET3,OTX2
TET3,DUSP27
TET3,GDF3
TFE3,GNB2
TFE3,AARS
TFE3,APEX1
TFE3,CALR
TFE3,MFSD1
TFE3,TCN2
TFE3,LAMP1
TFE3,GABARAP
TFE3,KAT5
TFE3,KDELC2
TFE3,SUPT16
TFE3,CTSD
TFE3,PDCD6IP
TFE3,ARPC5
TFE3,TDG
TFE3,TMEM144
TFE3,ATP6V0E
TFE3,MCM2
TFE3,CLTC
TFE3,GLMP
TFE3,KDM4C
TFE3,KDM6A
TFE3,SET
TFE3,SMC3
TFE3,SRSF2
TFE3,PRKCE
TFE3,ALDH2
TFE3,PIPOX
TFE3,ZC3H11A
TFE3,TMED10
TFE3,HDLBP
TFE3,ZFP459
TFE3,1700061G19RIK
TFE3,ARHGAP1
TFE3,RAB2A
TFE3,GNS
TFE3,CTSL
TFE3,SORD
TFE3,SIRT6
TFE3,MYDGF
TFE3,GGA2
TFE3,ADNP
TFE3,SELENOW
TFE3,E2F1
TFE3,RRN3
TFE3,IFI30
TFE3,PCGF2
TFE3,FABP3
TFE3,MAX
TFE3,TMED2
TFE3,DERL1
TFE3,STT3A
TFE3,NPM1
TFE3,EIF2S2
TFE3,CD63
TFE3,KDM2B
TFE3,HSPA4
TFE3,ZFP819
TFE3,SALL4
TFE3,MYLPF
TGIF1,SS18
TGIF1,KMT2C
TGIF1,HDAC2
TGIF1,RPN2
TGIF1,SELENOW
TGIF1,CHD1
TGIF1,DAP
TGIF1,SUPT6
TGIF1,SMC3
TGIF1,INO80
TGIF1,TGIF2
TGIF1,TMEM9B
TGIF1,ARHGAP1
TGIF1,OSBP
TGIF1,RARA
TGIF1,USP16
TGIF1,STAT3
TGIF1,PHRF1
TGIF1,PFKP
TGIF1,EED
TGIF1,PSEN1
TGIF1,BAZ1B
TGIF1,SEC24A
TGIF1,MARC2
TGIF1,MYLPF
TGIF1,MAX
TGIF1,CREB3
TGIF1,PKNOX1
TGIF1,WDR46
TGIF1,PDK1
TGIF1,TMED3
TGIF1,GHR
TGIF1,ZC3H11A
TGIF1,TET2
TGIF1,HELB
TGIF1,SMARCA4
TGIF1,SORD
TGIF1,LGALS3
TGIF1,DNAJC3
TGIF1,ATP6V0E
TGIF1,KDM4C
TGIF1,EXT2
TGIF1,SETD7
TGIF1,SRSF2
TGIF1,TFRC
TGIF1,VKORC1
TGIF1,SELENOS
TGIF1,TMEM30A
TGIF1,MYDGF
TGIF1,CTR9
TGIF1,NCAPD3
TGIF1,SARAF
TGIF1,MEN1
TGIF1,VAMP3
TGIF1,FNDC3B
TGIF1,E4F1
TGIF1,TBP
TGIF1,PDIA3
TGIF1,MMGT1
TGIF1,ANO10
TGIF1,SPNS2
TGIF1,DICER1
TGIF1,CDC16
TGIF1,CLTC
TGIF1,TMEM59
TGIF1,NR4A1
TGIF1,HDAC1
TGIF1,XPNPEP1
TGIF1,OAT
TGIF1,PTOV1
TGIF1,CBX8
TGIF1,FUT8
TGIF1,RAB2A
TGIF1,ELL2
TGIF1,GNB2
TGIF1,VSIR
TGIF1,P4HA1
TGIF1,KLF5
TGIF1,MDN1
TGIF1,PHF5A
TGIF1,RAF1
TGIF1,ADAM10
TGIF1,STT3A
TGIF1,RNF138
TGIF1,ARFIP1
TGIF1,APP
TGIF1,TAX1BP3
TGIF1,RRN3
TGIF1,HDLBP
TGIF1,EP400
TGIF1,SH3GLB1
TGIF1,ITGB1
TGIF1,SLC35F5
TGIF1,ABHD5
TGIF1,LEO1
TGIF1,CREB3L2
TGIF1,SAP30
TGIF1,RBBP5
TGIF1,KDM5B
TGIF1,IMPDH2
TGIF1,CALM1
TGIF1,ZFP217
TGIF1,SMARCA2
TGIF1,CXXC1
TGIF1,NSL1
TGIF1,PLOD3
TGIF1,MPRIP
TGIF1,USP7
TGIF1,SMARCA5
TGIF1,TLE4
TGIF1,SMC1A
TGIF1,LRRC59
TGIF1,KMT2D
TGIF1,SEC23A
TGIF1,SMARCAD1
TGIF1,NELFA
TGIF1,DGCR8
TGIF1,GSN
TGIF1,ZFP710
TGIF1,PTPN21
TGIF1,COPA
TGIF1,TMOD3
TGIF1,YY1
TGIF1,KANSL3
TGIF1,CST3
TGIF1,PARP1
TGIF1,ASPH
TGIF1,MED23
TGIF1,CTCF
TGIF1,HEXIM1
TGIF1,ADNP
TGIF1,ELL
TGIF1,TAF3
TGIF1,IFITM2
TGIF1,NCAPH2
TGIF1,LMF2
TGIF1,HIRA
TGIF1,GTF3C1
TGIF1,LMNB1
TGIF1,CD63
TGIF1,WDR11
TGIF1,ILK
TGIF1,PURB
TGIF1,PAF1
TGIF1,GTF2B
TGIF1,GABARAP
TGIF1,ZFP819
TGIF1,UPP1
TGIF1,SLC7A6
TGIF1,MFSD1
TGIF1,ERP29
TGIF1,NCAPG
TGIF1,RIF1
TGIF1,SLC15A1
TGIF1,LY75
TGIF1,SIK1
TGIF1,HSP90AB1
TGIF1,PTPN14
TGIF1,TPM4
TGIF1,PLEKHF2
TGIF1,COBLL1
TGIF1,BNC2
TGIF1,DMAP1
TGIF1,HSP90AA1
TGIF1,ARF4
TGIF1,NOTCH4
TGIF1,FOXH1
TGIF1,FBRSL1
TGIF1,ETV1
TGIF1,MBD2
TGIF1,ARPC2
TGIF1,MYCN
TGIF1,GORASP2
TGIF1,MTF2
TGIF1,DDOST
TGIF1,SEMA4C
TGIF1,TMEM150A
TGIF1,FABP3
TGIF1,BMPR2
TGIF1,RNF2
TGIF1,XRCC5
TGIF1,CDC73
TGIF1,ACBD3
TGIF1,ACP6
TGIF1,TUBB2B
TGIF1,2410141K09RIK
TGIF1,MKRN1
TGIF1,PIPOX
TGIF1,PCOLCE
TGIF1,DPPA2
TGIF1,PAFAH1B3
TGIF1,ITGA6
TGIF1,ADGRA2
TGIF1,TBRG1
TGIF1,CHST15
TGIF1,FN1
TGIF1,ZFHX3
TGIF1,ZFP143
TGIF1,PRDM14
TGIF1,PDIA5
TGIF1,RBPJ
TGIF1,OGT
TGIF1,JARID2
TGIF1,LAMP1
TGIF1,KDM5A
TGIF1,APPBP2
TGIF1,PRDX1
TGIF1,KDELC2
TGIF1,LRRC34
TGIF1,MYMX
TGIF1,RBBP7
TGIF1,TFE3
TGIF1,GCNT2
TGIF1,AGPAT4
TGIF1,UHRF1
TGIF1,SMAD1
TGIF1,AU018091
TGIF1,JAM2
TGIF1,CDK9
TGIF1,LAMB2
TGIF1,DPY30
TGIF1,DDB1
TGIF1,GLI2
TGIF1,CBX5
TGIF1,ILDR1
TGIF1,BEND5
TGIF1,SPP1
TGIF1,CHMP4B
TGIF1,ARFGAP1
TGIF1,NFYC
TGIF1,ETV4
TGIF1,KDM1A
TGIF1,ADAM19
TGIF2,KMT2C
TGIF2,ARHGAP1
TGIF2,KDM5B
TGIF2,LRRC59
TGIF2,ATP6V0E
TGIF2,SPNS2
TGIF2,SUPT6
TGIF2,CDK7
TGIF2,TET2
TGIF2,KDM4C
TGIF2,TBP
TGIF2,EXT2
TGIF2,KANSL3
TGIF2,PDIA5
TGIF2,PFKP
TGIF2,ADAM10
TGIF2,2410141K09RIK
TGIF2,ZFP819
TGIF2,DAP
TGIF2,VAMP3
TGIF2,ARPC2
TGIF2,DNAJC3
TGIF2,ELL
TGIF2,RAB2A
TGIF2,MED23
TGIF2,VKORC1
TGIF2,TMEM9B
TGIF2,INO80
TGIF2,CHD1
TGIF2,GLI1
TGIF2,TAX1BP3
TGIF2,OSBP
TGIF2,PIPOX
TGIF2,FBXW8
TGIF2,PTOV1
TGIF2,LEO1
TGIF2,XPNPEP1
TGIF2,TMEM30A
TGIF2,HELB
TGIF2,MYDGF
TGIF2,KLF5
TGIF2,IFITM2
TGIF2,ADNP
TGIF2,MFSD1
TGIF2,MAPK8
TGIF2,TCN2
TGIF2,MDN1
TGIF2,DARS
TGIF2,TUBB2B
TGIF2,SMC1A
TGIF2,CDC16
TGIF2,PLOD3
TGIF2,MEN1
TGIF2,CDK9
TGIF2,TMED2
TGIF2,BAZ1A
TGIF2,LAMP1
TGIF2,PDK1
TGIF2,XRCC5
TGIF2,USP7
TGIF2,TLE4
TGIF2,HDAC1
TGIF2,TRAM1
TGIF2,NSL1
TGIF2,MAX
TGIF2,KMT2D
TGIF2,CDC73
TGIF2,ZFP710
TGIF2,LGALS3
TGIF2,SH3GLB1
TGIF2,PARP1
TGIF2,E4F1
TGIF2,CREB3
TGIF2,COPA
TGIF2,ABHD5
TGIF2,RBBP5
TGIF2,TAF2
TGIF2,COBLL1
TGIF2,SORD
TGIF2,SARAF
TGIF2,MYMX
TGIF2,ERP29
TGIF2,ZC3H11A
TGIF2,ARPC5
TGIF2,GTF3C1
TGIF2,DDX21
TGIF2,SMC3
TGIF2,SLC35F5
TGIF2,SELENOS
TGIF2,RIF1
TGIF2,GORASP2
TGIF2,HEATR1
TGIF2,BNC2
TGIF2,ETV1
TGIF2,EIF2S2
TGIF2,SOX2
TGIF2,PPIB
TGIF2,GTF2B
TGIF2,ARFIP1
TGIF2,ANO10
TGIF2,STT3A
TGIF2,TPM4
TGIF2,TAF3
TGIF2,RER1
TGIF2,HDLBP
TGIF2,COLGALT1
TGIF2,MTF2
TGIF2,MPRIP
TGIF2,ILK
TGIF2,TBRG1
TGIF2,DMAP1
TGIF2,MARC2
TGIF2,ARF4
THAP11,SRSF2
THAP11,HEXIM1
THAP11,CHMP4B
THAP11,TMED9
THAP11,MAX
THAP11,PDIA5
THAP11,DERL1
THAP11,PRDM15
THAP11,TMOD3
THAP11,EIF2S2
THAP11,SERBP1
THAP11,CPOX
THAP11,TCOF1
THAP11,RDM1
THAP11,MEN1
THAP11,LRRC59
THAP11,TXNDC12
THAP11,NFXL1
THAP11,CBX1
THAP11,ZC3H11A
THAP11,DDB1
THAP11,SAP30
THAP11,SETD1A
THAP11,TLE4
THAP11,NSL1
THAP11,HIRIP3
THAP11,CDC16
THAP11,SRSF1
TRIM28,TMED9
TRIM28,SNURF
TRIM28,SNRPN
TRIM28,CLTC
TRIM28,APOBEC3
TRIM28,MBNL2
TRIM28,SRSF1
TRIM28,GNAS
TRIM28,MTF2
TRIM28,CALR
TRIM28,KDELC2
TRIM28,TRAM1
TRIM28,MAFK
TRIM28,2200002D01RIK
TRIM28,TRP53
TRIM28,ANP32A
TRIM28,HAP1
TRIM28,GORASP2
TRIM28,ARHGAP29
TRIM28,SLC15A1
TRIM28,BSG
TRIM28,RBMXL2
TRIM28,TET2
TRIM28,TGIF1
TRIM28,CHD1
TRIM28,PPIB
TRIM28,IKBIP
TRIM28,APAF1
TRIM28,RANBP17
TRIM28,SELENOM
TRIM28,SMARCC1
TRIM28,PDK1
TRIM28,SMARCA5
TRIM28,BMP4
TRIM28,SORD
TRIM28,GCNT2
TRIM28,CBX1
TRIM28,ADNP
TRIM28,NCOR1
TRIM28,NIPBL
TRIM28,ERP29
TRIM28,FUT8
TRIM28,ZIC2
TRIM28,TET3
TRIM28,IFITM2
TRIM28,ST5
TRIM28,MED23
TRIM28,SRSF2
TRIM28,PARP1
TRIM28,NPM1
TRIM28,KMT2D
TRIM28,MSH2
TRIM28,SOX2
TRIM28,SUMO2
TRIM28,ZFP710
TRIM28,BAZ2A
TRIM28,FAM129B
TRIM28,ITGB1
TRIM28,DUSP6
TRIM28,CDK9
TRIM28,PKNOX1
TRIM28,ARHGAP1
TRIM28,POLE4
TRIM28,KANSL3
TRIM28,ZYX
TRIM28,TAF3
TRIM28,RAF1
TRIM28,CDC16
TRIM28,NSL1
TRIM28,ERAS
TRIM28,GFPT2
TRIM28,DDOST
TRIM28,ADAM10
TRIM28,RAD23B
TRIM28,PDIA3
TRIM28,STAT3
TRIM28,KLF2
TRIM28,EP400
TRIM28,ASPH
TRIM28,SLC16A1
TRIM28,ZFP532
TRIM28,SLC7A3
TRIM28,MAX
TRIM28,BCLAF3
TRIM28,NCOR2
TRIM28,CALM1
TRIM28,B4GALNT4
TRIM28,NRF1
TRIM28,RPN1
TRIM28,FRMD4A
TRIM28,PML
TRIM28,SMARCA2
TRIM28,TFCP2L1
TRIM28,PRDX1
TRIM28,RBBP7
TRIM28,SMARCAD1
TRIM28,SERBP1
TRIM28,TMED3
TRIM28,AMFR
TRIM28,RFFL
TRIM28,APP
TRIM28,RIF1
TRIM28,KDM1A
TRIM28,XRCC5
TRIM28,CDK8
TRIM28,KDM4C
TRIM28,ARID1A
TRIM28,GTF3C1
TRIM28,THAP11
TRIM28,RASGRP2
TRIM28,DMAP1
TRIM28,KDM5B
TRIM28,FN1
TRIM28,GTF2B
TRIM28,LPAR2
TRIM28,BNC2
TRIM28,NUP210
TRIM28,GHR
TRIM28,CDH6
TRIM28,ETV4
TRIM28,AP2A2
TRIM28,BMP1
TRIM28,TMED2
TRIM28,IGFBP2
TRIM28,FABP3
TRIM28,APEX1
TRIM28,PCOLCE
TRIM28,FXYD3
TRIM28,TRH
TRIM28,ZFHX3
TRIM28,SMAD2
TRIM28,PLOD1
TRIM28,CHCHD10
TRIM28,ZFYVE21
TRIM28,SMAD1
TRIM28,BMPR2
TRIM28,HSPB1
TRIM28,SERPING1
TRIM28,GFPT1
TRIM28,APPBP2
TRIM28,2410141K09RIK
TRIM28,DICER1
TRIM28,RBBP5
TRIM28,ZC3H11A
TRIM28,QSOX1
TRIM28,LRPAP1
TRIM28,TDH
TRIM28,RCOR1
TRIM28,KDELR1
TRIM28,SUPT5
TRIM28,PNP
TRIM28,GLMP
TRIM28,SEMA4C
TRIM28,SUZ12
TRIM28,PLA2G15
TRIM28,TENM4
TRIM28,FLRT3
TRIM28,TXNDC12
TRIM28,ZFX
TRIM28,HEATR1
TRIM28,COBL
TRIM28,GSN
TRIM28,COL18A1
TRIM28,TBX3
TRIM28,SPNS2
TRIM28,LRRC34
TRIM28,COL27A1
TRIM28,HNF1B
TRIM28,AKT1
TRIM28,DPPA2
TRIM28,TFE3
TRIM28,LAMB2
TRIM28,FOXH1
TRIM28,TSPAN9
TRIM28,ZFP819
USP16,MED23
USP16,LAMP1
USP16,RBBP5
USP16,GORASP2
USP16,KDM1A
USP16,PTPN21
USP16,DMAP1
USP16,ADNP
USP16,CDC16
USP16,NSL1
USP16,SUPT5
USP16,HSPA4
USP16,FBXW8
USP16,TMED2
USP16,KMT2D
USP16,GTF2B
USP16,RAF1
USP16,CLTC
USP16,MTF2
USP16,EP400
USP16,CDK7
USP16,MAX
USP16,CALM1
USP16,LRRC59
USP16,SERBP1
USP16,TMED9
USP16,KDM5B
USP16,STT3A
USP16,CHMP4B
USP16,NELFA
USP16,SARAF
USP16,EIF2S2
USP16,PHRF1
USP16,RPN2
USP16,TAF3
USP16,CTCF
USP16,2410141K09RIK
USP16,GLO1
USP16,PRDX1
USP16,SMARCA5
USP16,DDX21
USP16,RER1
USP16,YY1
USP16,SAP30
USP16,IMPDH2
USP7,ELOB
USP7,SUZ12
USP7,EPOP
UTF1,ALDH2
UTF1,ATP6V0A1
UTF1,KANSL3
UTF1,SMARCA5
UTF1,ANXA4
UTF1,PDIA5
UTF1,CPOX
UTF1,LYN
UTF1,SARAF
UTF1,SEC11A
UTF1,TFRC
UTF1,POLE4
UTF1,FBRSL1
UTF1,LY75
UTF1,GORASP2
UTF1,CREB3L2
UTF1,P4HA1
UTF1,FRMD4A
UTF1,ZFP281
UTF1,ZFP322A
UTF1,PPIB
UTF1,KDELC2
UTF1,TBRG1
UTF1,MARC2
UTF1,PTP4A1
UTF1,DICER1
UTF1,WDR11
UTF1,RPN1
UTF1,CTR9
UTF1,GSN
UTF1,MED26
UTF1,CALU
UTF1,HDLBP
UTF1,NELFA
UTF1,NSL1
UTF1,ASPH
UTF1,GPX3
UTF1,P4HB
UTF1,SETX
UTF1,KLF5
UTF1,ITGAV
UTF1,MPHOSPH8
UTF1,MAPKAPK2
UTF1,GDPD5
UTF1,CAR2
UTF1,FUT8
UTF1,FLRT3
UTF1,TDH
UTF1,MED23
UTF1,CPD
UTF1,ILDR1
UTF1,ARF1
UTF1,SUZ12
UTF1,ARF4
UTF1,PDIA3
UTF1,SERPING1
UTF1,TMOD3
UTF1,XPNPEP1
UTF1,SOAT1
UTF1,TXNDC12
UTF1,FKBP5
UTF1,RAP1GDS1
UTF1,TMED3
UTF1,RTN3
UTF1,FUT9
UTF1,E4F1
UTF1,SMARCC1
UTF1,OAT
UTF1,PHLDB2
UTF1,SERBP1
UTF1,PRDM15
UTF1,TNKS
UTF1,GCNT1
UTF1,TALDO1
UTF1,GCNT2
UTF1,CDC42SE2
UTF1,STAT3
UTF1,DDX21
UTF1,VAMP8
UTF1,NID1
UTF1,GNAI3
UTF1,BRD9
UTF1,ACBD3
UTF1,GLDC
UTF1,B2M
UTF1,GMNN
UTF1,GLI2
UTF1,COPB1
UTF1,TPD52
UTF1,PDIA6
UTF1,COPA
UTF1,BEND5
UTF1,RRAS2
UTF1,QSOX1
UTF1,VAMP3
UTF1,ADNP
UTF1,JAM2
UTF1,YEATS4
UTF1,HELB
UTF1,SSRP1
UTF1,SLC35F5
UTF1,SELENOS
UTF1,RBMXL2
UTF1,POFUT2
UTF1,SSR1
UTF1,MSL2
UTF1,CLTC
UTF1,PSEN1
UTF1,MOV10
UTF1,SH3GLB1
UTF1,MPRIP
UTF1,ZCCHC24
UTF1,MED1
UTF1,CEMIP
UTF1,ARHGEF5
UTF1,TMEM165
UTF1,HS3ST1
UTF1,GNPTAB
UTF1,CHST15
UTF1,BAZ1B
UTF1,VSIR
UTF1,SETDB1
UTF1,MAFK
UTF1,DGCR8
UTF1,ATP6V0E
UTF1,ARHGAP29
UTF1,PITPNC1
UTF1,MFSD1
UTF1,SEC23A
UTF1,PRDX1
UTF1,GOT1
UTF1,PDK1
UTF1,DAP
UTF1,SEC24A
UTF1,SSR3
UTF1,APPBP2
UTF1,PHF5A
UTF1,RAF1
UTF1,TMEM214
UTF1,GGA2
UTF1,VKORC1
UTF1,TBP
UTF1,PARP1
UTF1,UBA2
UTF1,TAF2
UTF1,MKRN1
UTF1,GFPT1
UTF1,MTF2
UTF1,GFPT2
UTF1,TMEM9B
UTF1,PWP1
UTF1,MBNL2
UTF1,MBD2
UTF1,FBXW8
UTF1,MYBL2
UTF1,GLO1
UTF1,SAP18
UTF1,PLA2G15
UTF1,DPY30
UTF1,ZBTB44
UTF1,B4GALT1
UTF1,RRN3
UTF1,RFFL
UTF1,REEP5
UTF1,GTF3C1
UTF1,CDK8
UTF1,BAG2
UTF1,APEX1
UTF1,P3H1
UTF1,DCTPP1
UTF1,TLE4
UTF1,PLOD2
UTF1,KMT2D
UTF1,MORC3
UTF1,RPN2
UTF1,L1TD1
UTF1,DERL1
UTF1,CST3
UTF1,KMT2C
UTF1,IKBIP
UTF1,APAF1
UTF1,ELL3
UTF1,KDM4C
UTF1,KDM2B
UTF1,EZH2
UTF1,SMARCA4
UTF1,STAG1
UTF1,FHDC1
UTF1,DDB1
UTF1,SOD1
UTF1,CTSL
UTF1,FBXO22
UTF1,TAF3
UTF1,NCAPD3
UTF1,GTF2B
UTF1,USP16
UTF1,TMEM59
UTF1,FGFR4
UTF1,ELL
UTF1,PDE4DIP
UTF1,LRP2
UTF1,NIPSNAP1
UTF1,MAN1A2
UTF1,TGOLN1
UTF1,HIP1
UTF1,CRTC3
UTF1,NFYA
UTF1,TRIM28
UTF1,HSPA4
UTF1,COTL1
UTF1,BMPER
UTF1,STT3A
UTF1,RAD23B
UTF1,NCAPG
UTF1,FN1
UTF1,BASP1
UTF1,DARS
UTF1,PLOD1
UTF1,KAT8
UTF1,ITGB1
UTF1,KDM4A
UTF1,SLC25A4
UTF1,GXYLT1
UTF1,TGFBR3
UTF1,CDK9
UTF1,MAP1A
UTF1,SELENOW
UTF1,LRRC59
UTF1,SLC15A1
UTF1,NPM1
UTF1,LAMA1
UTF1,PLEKHF2
UTF1,ARPC2
UTF1,ETV4
UTF1,TMEM150A
UTF1,RNF2
UTF1,COPG1
UTF1,SETD1A
UTF1,MOB3B
UTF1,TBX3
UTF1,ARFGAP1
UTF1,TMED9
UTF1,NCOR1
UTF1,EIF2S2
UTF1,EP400
UTF1,RANBP17
UTF1,OSBP
UTF1,KDELR2
UTF1,PFKP
UTF1,DDOST
UTF1,TFCP2L1
UTF1,SURF4
UTF1,RPP25
UTF1,TCF12
UTF1,CDC5L
UTF1,KDM1A
UTF1,ARFIP1
UTF1,KDM5A
UTF1,KHDC3
UTF1,DRAM1
UTF1,DROSHA
UTF1,PNP
UTF1,NFYC
UTF1,SUPT6
UTF1,MSH2
UTF1,DNMT3B
UTF1,TRH
UTF1,TMEM30A
UTF1,SOX2
UTF1,RBBP5
UTF1,RAB11A
UTF1,P3H2
UTF1,ZFP57
UTF1,SLC7A6
UTF1,PHRF1
UTF1,PDCD6IP
UTF1,CDH6
UTF1,CREBBP
UTF1,GNS
UTF1,SUPT16
UTF1,LGALS3
UTF1,DNAJC10
UTF1,CARHSP1
UTF1,TTC39B
UTF1,SELENOM
UTF1,IMPDH2
UTF1,RAD21
UTF1,DMAP1
UTF1,DAB2
UTF1,SRSF1
UTF1,CDC16
UTF1,ARPC5
UTF1,TSPAN9
UTF1,CBX5
UTF1,CTSD
UTF1,SDCBP
UTF1,PCBD1
UTF1,ARHGEF28
UTF1,ADAM10
UTF1,DTX3L
UTF1,HDAC2
UTF1,LRRC58
UTF1,KAT5
UTF1,RRBP1
UTF1,NFXL1
UTF1,DOCK5
UTF1,ARID1A
UTF1,RNF138
UTF1,KRT8
UTF1,FNDC3B
UTF1,TIMP2
UTF1,EDEM1
UTF1,MAPK8
UTF1,CBX1
UTF1,GALNT7
UTF1,HIRA
UTF1,DR1
UTF1,SHTN1
UTF1,MSH6
UTF1,ITGA6
UTF1,SH3PXD2B
UTF1,ANO10
UTF1,BNC2
UTF1,PCOLCE2
UTF1,SPNS2
UTF1,ELOB
UTF1,PIPOX
UTF1,FABP3
UTF1,CERS4
UTF1,DNAJC3
UTF1,RER1
UTF1,LAMP1
UTF1,L3MBTL3
UTF1,ELL2
UTF1,TAX1BP3
UTF1,KDM5B
UTF1,DPF2
UTF1,PAFAH1B3
UTF1,ARL8A
UTF1,SLC16A1
UTF1,SPARC
UTF1,ABHD5
UTF1,SMARCAD1
UTF1,RCOR1
UTF1,MYH9
UTF1,CTBP2
UTF1,PRSS35
UTF1,GNA12
UTF1,GPC6
UTF1,ADAM19
UTF1,TEX264
UTF1,ZFP710
UTF1,HDAC1
UTF1,RBPJ
UTF1,MAN1A
UTF1,XBP1
UTF1,PARVA
UTF1,DCLK2
UTF1,ESRRB
UTF1,MSX2
UTF1,CTCF
UTF1,ZYX
UTF1,SMAD2
UTF1,KDM2A
UTF1,ZFHX3
UTF1,P4HA2
UTF1,NMNAT2
UTF1,KLF2
UTF1,ZFYVE21
UTF1,ADAM23
UTF1,ME1
UTF1,MYMX
UTF1,DAXX
UTF1,CNOT3
UTF1,MDN1
UTF1,GALK1
UTF1,PTPN14
UTF1,EP300
UTF1,ASS1
UTF1,ACP6
UTF1,STARD10
UTF1,AMFR
UTF1,H13
UTF1,CALM1
UTF1,ACTL6A
UTF1,GLIPR2
UTF1,CCDC88C
UTF1,CTSZ
UTF1,SAP30
UTF1,FXYD6
UTF1,XRCC5
UTF1,SUPT5
UTF1,COMMD3
UTF1,SLC39A8
UTF1,ERP29
UTF1,EPHA1
UTF1,BRD4
UTF1,UHRF1
UTF1,NR5A2
UTF1,TPM4
UTF1,CDK7
UTF1,RETREG1
UTF1,SEC24D
UTF1,ENOX1
UTF1,EED
UTF1,AP2A2
UTF1,PATJ
UTF1,INO80
UTF1,BMPR2
UTF1,PAF1
UTF1,COL18A1
UTF1,ZFP384
UTF1,CREB3
UTF1,CKAP4
UTF1,TMBIM6
UTF1,COLGALT1
UTF1,BTAF1
UTF1,RYBP
UTF1,TMED10
UTF1,SS18
UTF1,PXDN
UTF1,NOTCH4
UTF1,GHR
UTF1,YY1
UTF1,ST5
UTF1,PTPN21
UTF1,F3
UTF1,TET2
UTF1,SRI
UTF1,TM9SF3
UTF1,EMP2
UTF1,ILK
UTF1,B4GALNT4
UTF1,HEATR1
UTF1,CALR
UTF1,SNX2
UTF1,NFYB
UTF1,HSPB1
UTF1,MTA2
UTF1,DUSP27
UTF1,GNB2
UTF1,METTL3
UTF1,COBLL1
UTF1,E2F1
UTF1,ZFP819
UTF1,ZFP459
UTF1,PKNOX1
UTF1,MYDGF
UTF1,SORD
UTF1,HDAC3
UTF1,GNAS
UTF1,LAMB1
UTF1,WDR82
UTF1,HSP90AB1
UTF1,TDG
UTF1,CLCN5
UTF1,ZMYND8
UTF1,PHF19
UTF1,NODAL
UTF1,CRYAB
UTF1,TRAM1
UTF1,TMEM144
UTF1,SMAD1
UTF1,LRRC34
UTF1,CBX3
UTF1,ATF7IP
UTF1,AMPD2
UTF1,TET3
UTF1,GNG10
UTF1,CHD1
UTF1,PRKCE
UTF1,SIN3A
UTF1,CBFA2T2
UTF1,TIMP3
UTF1,STX3
UTF1,SETD7
UTF1,NRF1
UTF1,TCEA3
UTF1,LAMC1
UTF1,TGIF1
UTF1,FGFR1
UTF1,2200002D01RIK
UTF1,TET1
UTF1,ZFP143
UTF1,P3H4
UTF1,OSTC
UTF1,CBX7
UTF1,FGF4
UTF1,PRKAA2
UTF1,LMNB1
UTF1,SIRT6
UTF1,PARD6B
UTF1,MBD3
UTF1,AARS
UTF1,SRSF2
UTF1,RBPMS2
UTF1,GGTA1
UTF1,NUCB1
UTF1,AFF3
UTF1,MVB12B
UTF1,SEMA4C
UTF1,OPLAH
UTF1,SPOCK1
UTF1,MSL1
UTF1,TENM4
UTF1,FAM114A1
UTF1,SFRP1
UTF1,RARG
UTF1,LRPAP1
UTF1,UPP1
UTF1,TXNDC5
UTF1,TCF15
UTF1,HSP90AA1
UTF1,RAB3IL1
UTF1,MAX
UTF1,EFEMP2
UTF1,CMKLR1
UTF1,NASP
UTF1,IGFBP2
UTF1,ETV5
UTF1,SALL4
UTF1,CTDSPL
UTF1,FAM129B
UTF1,HAP1
UTF1,AGPAT4
UTF1,IRF2BPL
UTF1,EPAS1
UTF1,HSF2BP
UTF1,FOXH1
UTF1,BSG
UTF1,SET
UTF1,SMYD2
UTF1,SSR4
UTF1,APP
UTF1,USP28
UTF1,PURB
UTF1,SMARCA2
UTF1,COBL
UTF1,AEBP2
UTF1,RUVBL1
UTF1,SNX7
UTF1,MMGT1
UTF1,N4BP3
UTF1,PHC1
UTF1,ARHGAP1
UTF1,NIPBL
UTF1,TCN2
UTF1,NR0B1
UTF1,KAT6B
UTF1,HSPG2
UTF1,RARA
UTF1,LAMB2
UTF1,FGF3
UTF1,SUMO2
UTF1,ZFP42
UTF1,ALPL
UTF1,TCOF1
UTF1,OBSL1
UTF1,MEN1
UTF1,CBX2
UTF1,LDLRAP1
UTF1,EPOP
UTF1,DUSP6
UTF1,ITPK1
UTF1,ZBTB2
UTF1,SMAD3
UTF1,BCLAF3
UTF1,TFE3
UTF1,RAB2A
UTF1,APOBEC3
UTF1,ANK
UTF1,MED12
UTF1,2410141K09RIK
UTF1,POU5F1
UTF1,IFITM2
UTF1,GSR
UTF1,ETV1
UTF1,TGIF2
UTF1,ZFP532
UTF1,KRTCAP2
UTF1,NR4A1
UTF1,COL4A2
UTF1,COL4A1
UTF1,FOXA2
UTF1,HNRNPL
UTF1,UBTF
UTF1,TCL1
UTF1,NANOG
UTF1,ZFP428
UTF1,SMC1A
UTF1,CD63
UTF1,ZIC2
UTF1,TMED2
UTF1,TDGF1
UTF1,MYC
UTF1,RCN3
UTF1,LEO1
UTF1,DTX1
UTF1,WDR5
UTF1,REST
UTF1,NAA10
UTF1,NUP210
UTF1,HNF1B
UTF1,MYLPF
UTF1,KMT2B
UTF1,KCTD10
UTF1,BAZ2A
UTF1,GDF3
UTF1,KDELR1
UTF1,CHD7
UTF1,SUMO1
UTF1,FRS2
UTF1,USP7
UTF1,LTBP4
UTF1,ANP32A
UTF1,JUN
UTF1,GABBR1
UTF1,PLAT
UTF1,EXT2
UTF1,ZFX
UTF1,SIK1
UTF1,CHD4
UTF1,THAP11
UTF1,PCGF2
UTF1,RXRA
UTF1,HEXIM1
UTF1,PTH1R
UTF1,ADGRA2
UTF1,ARF5
UTF1,MRAS
UTF1,SOX17
UTF1,PDGFRA
UTF1,NOTUM
UTF1,COL27A1
UTF1,HKDC1
UTF1,EVA1A
UTF1,MCRS1
UTF1,TUBB2B
UTF1,DKC1
UTF1,FGF10
UTF1,BRD2
UTF1,SMC3
UTF1,ZFP979
UTF1,TRP53
UTF1,NONO
UTF1,IHH
UTF1,IER2
UTF1,ERF
UTF1,DPPA2
UTF1,NOS3
UTF1,GPA33
UTF1,CDC73
UTF1,HTATSF1
UTF1,CHCHD10
UTF1,SNURF
UTF1,SNRPN
UTF1,MYCN
UTF1,KDM6A
UTF1,RIF1
UTF1,RDM1
UTF1,MSL3
UTF1,KDELR3
UTF1,PCOLCE
UTF1,NACC1
UTF1,TAF1
UTF1,ATRX
UTF1,GATA6
UTF1,BMP1
UTF1,TCF3
UTF1,CHMP4B
UTF1,PML
UTF1,LPAR2
UTF1,ARID3A
UTF1,CXXC1
UTF1,NCOR2
UTF1,ZFP217
UTF1,UTP14A
UTF1,SLC39A7
UTF1,SRGN
UTF1,JARID2
UTF1,MYL6
UTF1,SLC39A1
UTF1,BAZ1A
UTF1,SERPINH1
UTF1,KLF4
UTF1,SLC9A6
UTF1,PRDX4
UTF1,UBQLN2
UTF1,CLN6
UTF1,OTX2
UTF1,PTOV1
UTF1,PLOD3
UTF1,FKBP9
UTF1,AKT1
UTF1,RASGRP2
UTF1,PRDM14
UTF1,MCM2
UTF1,RUVBL2
UTF1,GABARAP
UTF1,DUSP9
UTF1,HIRIP3
UTF1,FGD1
UTF1,BMP4
UTF1,ZC3H11A
UTF1,OOEP
UTF1,SLC7A3
UTF1,KLHDC3
UTF1,TYRO3
UTF1,FAM25C
UTF1,CBX8
UTF1,FBLIM1
UTF1,GLI1
UTF1,ZIC3
UTF1,NCAPH2
UTF1,LMF2
UTF1,IFITM1
UTF1,IFI30
UTF1,OGT
WDR11,ARHGAP1
WDR11,DDOST
WDR11,DMAP1
WDR11,MED23
WDR11,CDC16
WDR11,NSL1
WDR11,TRAM1
WDR11,FBXW8
WDR11,KANSL3
WDR11,KCTD10
WDR11,LRRC59
WDR11,LAMP1
WDR11,TMEM144
WDR11,ILK
WDR11,ELL
WDR11,KDM1A
WDR11,CHD4
WDR11,SSRP1
WDR11,RUVBL1
WDR11,CCDC88C
WDR11,PTPN21
WDR11,HDLBP
WDR11,SDCBP
WDR11,PDCD6IP
WDR11,BMP1
WDR11,ITGB1
WDR11,TBRG1
WDR11,TMEM30A
WDR11,COTL1
WDR11,GORASP2
WDR11,ZFP384
WDR11,MFSD1
WDR11,NFXL1
WDR11,LPAR2
WDR11,CBX2
WDR11,RXRA
WDR11,DICER1
WDR11,TET3
WDR11,PATJ
WDR11,GNB2
WDR11,SUPT5
WDR11,POFUT2
WDR11,SOAT1
WDR11,YY1
WDR11,FKBP9
WDR11,COLGALT1
WDR11,ZFP143
WDR11,MAFK
WDR11,STARD10
WDR11,ATP6V0A1
WDR11,GSR
WDR11,PPIB
WDR11,EXT2
WDR11,TAF3
WDR11,HEATR1
WDR11,CHMP4B
WDR11,DERL1
WDR11,TIMP2
WDR11,MBNL2
WDR11,CDC73
WDR11,SMARCA5
WDR11,ZFYVE21
WDR11,TPM4
WDR11,REEP5
WDR11,MAPKAPK2
WDR11,OSTC
WDR11,TCF15
WDR11,B2M
WDR11,TMED3
WDR11,COPA
WDR11,CALU
WDR11,TMED9
WDR11,GFPT1
WDR11,ATP6V0E
WDR11,AMFR
WDR11,RAB2A
WDR11,EFEMP2
WDR11,PLAT
WDR11,PHLDB2
WDR11,GDPD5
WDR11,SH3PXD2B
WDR11,EDEM1
WDR11,LRP2
WDR11,GNS
WDR11,FLRT3
WDR11,ASPH
WDR11,PLOD3
WDR11,FST
WDR11,RDM1
WDR11,ARPC5
WDR11,BEND5
WDR11,PHF19
WDR11,CERS4
WDR11,KDELC2
WDR11,AMPD2
WDR11,GXYLT1
WDR11,PARVA
WDR11,MYDGF
WDR11,2410141K09RIK
WDR11,ADGRA2
WDR11,HIP1
WDR11,IFI30
WDR11,SNX7
WDR11,DNAJC10
WDR11,BTAF1
WDR11,ABHD5
WDR11,SLC7A6
WDR11,CPOX
WDR11,KAT5
WDR11,CHD7
WDR11,P4HA2
WDR11,CTCF
WDR11,PTOV1
WDR11,RAP1GDS1
WDR11,RUVBL2
WDR11,EVA1A
WDR11,SRGN
WDR11,KDM5A
WDR11,HAP1
WDR11,HIRA
WDR11,SLC39A8
WDR11,GALK1
WDR11,SAP18
WDR11,ITGAV
WDR11,ANXA4
WDR11,GNG10
WDR11,RTN3
WDR11,ZYX
WDR11,ZFP819
WDR11,ARHGAP29
WDR11,TMOD3
WDR11,PHF5A
WDR11,ACBD3
WDR11,DNMT3B
WDR11,FAM114A1
WDR11,CREB3L2
WDR11,SETX
WDR11,KDM4A
WDR11,B4GALT1
WDR11,SARAF
WDR11,SLC35F5
WDR11,MBD3
WDR11,GLIPR2
WDR11,CREB3
WDR11,E2F1
WDR11,COPG1
WDR11,BASP1
WDR11,SHF
WDR11,CTSD
WDR11,ARHGEF28
WDR11,TSPAN9
WDR11,LYN
WDR11,ASS1
WDR11,UBQLN2
WDR11,TMED2
WDR11,PWP1
WDR11,FHDC1
WDR11,ZFP322A
WDR11,TIMP3
WDR11,SEC11A
WDR11,RER1
WDR11,OPLAH
WDR11,HNRNPL
WDR11,APPBP2
WDR11,KLB
WDR11,MPRIP
WDR11,SERPING1
WDR11,BAG2
WDR11,SELENOS
WDR11,SELENOM
WDR11,ANO10
WDR5,SERBP1
WDR5,SRSF2
WDR5,HDAC2
WDR5,FBXW8
WDR5,GTF2B
WDR5,RDM1
WDR5,CALM1
WDR5,SLC25A4
WDR5,SMARCA5
WDR5,GFPT2
WDR5,RPP25
YEATS4,SMARCA5
YEATS4,FBXO22
YEATS4,ADAM23
YY1,CXXC1
YY1,SUPT5
YY1,METTL3
YY1,DAXX
YY1,SLC39A7
YY1,WDR46
YY1,PLOD3
YY1,NELFA
YY1,ZC3H11A
YY1,HDLBP
YY1,TMED10
YY1,TRP53
YY1,ZFP143
YY1,PHF5A
YY1,KCTD10
YY1,RAF1
YY1,MTF2
YY1,MED1
YY1,TMED9
YY1,RER1
YY1,KAT8
YY1,NFYC
YY1,TAF3
YY1,ARF1
YY1,MYDGF
YY1,NFYA
YY1,SRSF2
YY1,ELOB
YY1,SERBP1
YY1,SRSF1
YY1,TAX1BP3
YY1,ZFX
YY1,NPM1
YY1,NSL1
YY1,MORC3
YY1,HCFC1
YY1,TMEM214
YY1,CNOT3
YY1,SMC3
YY1,PAF1
YY1,DPF2
YY1,YEATS4
YY1,NCAPH2
YY1,LMF2
YY1,HTATSF1
YY1,ATP6V0A1
YY1,ADNP
YY1,INO80
YY1,APPBP2
YY1,CBX5
YY1,TET2
YY1,SUMO2
YY1,TMEM59
YY1,POLE4
YY1,KAT5
YY1,MKRN1
YY1,KDM2A
YY1,SSR4
YY1,EP300
YY1,FUT8
YY1,RAD21
YY1,HIRIP3
YY1,COPA
YY1,ELL
YY1,KAT6B
YY1,NASP
YY1,POFUT2
YY1,ATRX
YY1,WDR82
YY1,RIF1
YY1,NRF1
YY1,KMT2D
YY1,TNKS
YY1,CBX3
YY1,MYL6
YY1,CLTC
YY1,RAD23B
YY1,HEXIM1
YY1,AARS
YY1,ZFP384
YY1,NCOR1
YY1,TAF2
YY1,DDOST
YY1,DKC1
YY1,STAG1
YY1,CTCF
YY1,RPN2
YY1,RRN3
YY1,TXNDC12
YY1,NACC1
YY1,ERP29
YY1,SELENOS
YY1,SAP18
YY1,ARHGAP1
YY1,P3H1
YY1,BSG
YY1,LRPAP1
YY1,XRCC5
YY1,KDELR2
YY1,OGT
YY1,CDC42SE2
YY1,MED12
YY1,NIPSNAP1
YY1,SNX2
YY1,ATF7IP
YY1,MCRS1
YY1,PCGF2
YY1,COLGALT1
YY1,MPHOSPH8
YY1,FNDC3B
YY1,STAG2
YY1,BAZ1B
YY1,GTF3C1
YY1,RPN1
YY1,NUCB1
YY1,HDAC1
YY1,JARID2
YY1,KANSL3
YY1,TCOF1
YY1,LMNB1
YY1,XPNPEP1
YY1,HNRNPL
YY1,E4F1
YY1,TCF12
YY1,GTF2B
YY1,APEX1
YY1,HSP90AB1
YY1,ZFP532
YY1,SUPT16
YY1,TMEM30A
YY1,RBMXL2
YY1,USP7
YY1,HIRA
YY1,CPD
YY1,MCM2
YY1,BRD4
YY1,CMKLR1
YY1,AEBP2
YY1,ZFP42
YY1,BMI1
YY1,SUPT6
YY1,HSF2BP
YY1,PLA2G1B
YY1,UBA2
YY1,GDF3
YY1,GALK1
YY1,CALR
YY1,FBXW8
YY1,SSR1
YY1,ELL2
YY1,HMGA1B
YY1,HMGA1
YY1,SEC23A
YY1,GMNN
YY1,PLA2G15
YY1,TTC39B
YY1,PIPOX
YY1,GDPD5
YY1,SS18
YY1,RUVBL2
YY1,STT3A
YY1,SMARCC1
YY1,ACBD3
YY1,HSP90AA1
YY1,RRAS2
YY1,NFYB
YY1,PTP4A1
YY1,ZMYND8
YY1,MSH6
YY1,NCAPD3
YY1,RNF2
YY1,MAP1A
YY1,RPP25
YY1,KDM6A
YY1,GNG10
YY1,MSH2
YY1,HAP1
YY1,SLC15A1
YY1,MSL1
YY1,KDM5B
YY1,PDGFRA
YY1,ZBTB44
YY1,MEN1
YY1,SUZ12
YY1,DROSHA
YY1,ABHD5
YY1,CLCN5
YY1,ARID1A
YY1,CDC73
YY1,BRD2
YY1,RFFL
YY1,SMARCA5
YY1,E2F4
YY1,RANBP17
YY1,GFPT1
YY1,SALL4
YY1,EDEM1
YY1,MAN1A2
YY1,HSPA4
YY1,ZIC3
YY1,PHRF1
YY1,KDM1A
YY1,DAP
YY1,CREBBP
YY1,ARPC2
YY1,ETV4
YY1,TGIF2
YY1,PDIA5
YY1,RCOR1
YY1,GLO1
YY1,KMT2B
YY1,AMFR
YY1,MYMX
YY1,TDG
YY1,ADAM19
YY1,SOD1
YY1,ASS1
YY1,NONO
YY1,FBRSL1
YY1,GOT1
YY1,VAMP3
YY1,KLF2
YY1,CALM1
YY1,RNF138
YY1,RBPJ
YY1,SRI
YY1,DPY30
YY1,SETD7
YY1,PHF19
YY1,BTAF1
YY1,USP16
YY1,POU5F1
YY1,E2F1
YY1,ARPC5
YY1,IMPDH2
YY1,CHD1
YY1,MBD3
YY1,EPOP
YY1,H13
YY1,LEO1
YY1,GORASP2
YY1,RAB11A
YY1,DR1
YY1,TMEM165
YY1,MBD2
YY1,EIF2S2
YY1,BEND5
YY1,RARA
YY1,PNP
YY1,FBXO22
YY1,BRD9
YY1,P4HB
YY1,CLN6
YY1,KDM2B
YY1,SLC16A1
YY1,TMBIM6
YY1,LRRC34
YY1,EZH2
YY1,RTN3
YY1,NCAPG
YY1,ZFP979
YY1,PARP1
YY1,PECAM1
YY1,TCF3
YY1,CHD4
YY1,SET
YY1,SIN3A
YY1,GSTA4
YY1,CPOX
YY1,CCDC88C
YY1,MFSD1
YY1,COPG1
YY1,FRMD4A
YY1,PARVA
YY1,MED23
YY1,TALDO1
YY1,GNB2
YY1,KDM5A
YY1,RDM1
YY1,PCOLCE2
YY1,DTX3L
YY1,B4GALT1
YY1,PLEKHF2
YY1,HELB
YY1,LRRC58
YY1,L3MBTL3
YY1,TRAM1
YY1,TMOD3
YY1,KMT2C
YY1,CDC5L
YY1,ZFP819
YY1,STAT3
YY1,HEATR1
YY1,DOCK5
YY1,CDK8
YY1,PDIA3
YY1,HDAC2
YY1,DDB1
YY1,KLHDC3
YY1,AMPD2
YY1,DARS
YY1,ALDH2
YY1,MAPKAPK2
YY1,ATP6V0E
YY1,ADAM10
YY1,OOEP
YY1,DPPA2
YY1,ASPH
YY1,DERL1
YY1,SSR3
YY1,SELENOW
YY1,NFXL1
YY1,DICER1
YY1,KDM4C
YY1,TLE4
YY1,TMEM150A
YY1,SMARCA2
YY1,SEC11A
YY1,NUP210
YY1,MTA2
YY1,DUSP27
YY1,NIPBL
YY1,GGA2
YY1,2410141K09RIK
YY1,PRDX1
YY1,ETV5
YY1,TXNDC5
YY1,FOXH1
YY1,UBQLN2
YY1,COTL1
YY1,SARAF
YY1,CTSL
YY1,CHMP4B
YY1,PXDN
YY1,GNS
YY1,PWP1
YY1,LRP2
YY1,GNPTAB
YY1,DNMT3B
YY1,VKORC1
YY1,MOB3B
YY1,TGIF1
YY1,TIMP2
YY1,PKNOX1
YY1,DCTPP1
YY1,CDK7
YY1,ZFP990
YY1,DPPA4
YY1,SIRT6
YY1,BAG2
YY1,FKBP5
YY1,PRKAA2
YY1,GPA33
YY1,ERF
YY1,PHLDB2
YY1,PDK1
YY1,OSBP
YY1,TSPAN9
YY1,MBNL2
YY1,SMARCA4
YY1,TMED3
YY1,SMAD1
YY1,SERPING1
YY1,GPC6
YY1,TRIM28
YY1,TBRG1
YY1,TFE3
YY1,PATJ
YY1,SMARCAD1
YY1,CALU
YY1,SLC7A3
YY1,HSPB1
YY1,ALG13
YY1,SETX
YY1,PTPN21
YY1,FUT9
YY1,COL18A1
YY1,TDGF1
YY1,ACTL6A
YY1,SEC24A
YY1,L1TD1
YY1,CCND1
YY1,GSR
YY1,PHC1
YY1,SPP1
YY1,OPLAH
YY1,SUMO1
YY1,ACP6
YY1,ZFP322A
YY1,PRDM15
YY1,KDELC2
YY1,RBBP7
YY1,PDE4DIP
YY1,LAMP1
YY1,TUBB2B
YY1,EED
YY1,P4HA1
YY1,NID1
YY1,MYCN
YY1,GHR
YY1,RUVBL1
YY1,ILDR1
YY1,GLI1
YY1,ARHGAP29
YY1,TCEA3
YY1,SSRP1
YY1,PPIB
YY1,GNAI3
YY1,DUSP6
YY1,CDC16
YY1,SLC25A4
YY1,SELENOM
YY1,FKBP9
YY1,ARL8A
YY1,APOBEC3
YY1,SHTN1
YY1,MMGT1
YY1,ETV1
YY1,SOX2
YY1,QSOX1
YY1,OSTC
YY1,LRRC59
YY1,EPHA1
YY1,COMMD3
YY1,KDM4A
YY1,COPB1
YY1,PLOD2
YY1,HIP1
YY1,GCNT2
YY1,GXYLT1
YY1,LAMC1
YY1,SFRP1
YY1,TEX264
YY1,LAMB2
YY1,CST3
YY1,TFCP2L1
YY1,NR4A1
YY1,SETD1A
YY1,CREB3
YY1,TIMP3
YY1,PAFAH1B3
YY1,GABARAP
YY1,LPAR2
YY1,ZIC2
YY1,PRDX4
YY1,MED26
YY1,RETREG1
YY1,N4BP3
YY1,F3
YY1,MYBL2
YY1,CBX8
YY1,UPP1
YY1,WDR11
YY1,TMEM9B
YY1,SORD
YY1,PURB
YY1,FABP3
YY1,XBP1
YY1,ZYX
YY1,FGF4
YY1,TCF15
YY1,CDK9
YY1,TFRC
YY1,MPRIP
YY1,OAT
YY1,HNF1B
ZBTB2,CLTC
ZBTB2,CDC73
ZBTB2,MSL1
ZBTB2,PURB
ZBTB2,PHC1
ZBTB2,NFYA
ZBTB2,ZFX
ZBTB2,YY1
ZBTB2,ILK
ZBTB2,NFYC
ZBTB2,ACTL6A
ZBTB2,PKNOX1
ZBTB2,CTCF
ZBTB2,KMT2B
ZBTB2,RCC2
ZBTB2,SUPT16
ZBTB2,ERF
ZBTB2,SLC39A7
ZBTB2,CHD7
ZBTB2,RYBP
ZBTB2,SH3GLB1
ZBTB2,EP400
ZBTB2,LMNB1
ZBTB2,RBPJ
ZBTB2,ZFP384
ZBTB2,BRD2
ZBTB2,BRD4
ZBTB2,PDIA3
ZBTB2,MBD2
ZBTB2,BMPR2
ZBTB2,LAMP1
ZBTB2,BTAF1
ZBTB2,RXRA
ZBTB2,SEC24A
ZBTB2,RNF138
ZBTB2,SMAD2
ZBTB2,REST
ZBTB2,CHD1
ZBTB2,CHMP4B
ZBTB2,ARFIP1
ZBTB2,RAB2A
ZBTB2,MSH6
ZBTB2,RER1
ZBTB2,TET3
ZBTB2,ELOB
ZBTB2,TXNDC12
ZBTB2,MCRS1
ZBTB2,LRRC59
ZBTB2,HDAC1
ZBTB2,CCDC88C
ZBTB2,ANK
ZBTB2,SMARCA5
ZBTB2,GORASP2
ZBTB2,ZFP428
ZBTB2,MSL2
ZBTB2,LRRC58
ZBTB2,MYLPF
ZBTB2,RRBP1
ZBTB2,NRF1
ZBTB2,BAZ1A
ZBTB2,ADNP
ZBTB2,TMEM9B
ZBTB2,SETD1A
ZBTB2,PTP4A1
ZBTB2,WDR11
ZBTB2,SMARCA4
ZBTB2,HMGA1B
ZBTB2,HMGA1
ZBTB2,ZC3H11A
ZBTB2,TM9SF3
ZBTB2,HIRA
ZBTB2,USP7
ZBTB2,ARL8A
ZBTB2,ACBD3
ZBTB2,APEX1
ZBTB2,MAPKAPK2
ZBTB2,NCOR2
ZBTB2,EHMT2
ZBTB2,HCFC1
ZBTB2,SRSF1
ZBTB2,MBD3
ZBTB2,NUP210
ZBTB2,GSR
ZBTB2,RNF2
ZBTB2,CBX1
ZBTB2,AKT1
ZBTB2,DPY30
ZBTB2,ARF4
ZBTB2,RBPMS2
ZBTB2,CDK9
ZBTB2,BRD9
ZBTB2,SLC7A6
ZBTB2,FBRSL1
ZBTB2,UBTF
ZBTB2,TMED2
ZBTB2,GALNT7
ZBTB2,RAD23B
ZBTB2,BAZ1B
ZBTB2,SUZ12
ZBTB2,KMT2C
ZBTB2,ITGAV
ZBTB2,DAXX
ZBTB2,DNAJC10
ZBTB2,CBX3
ZBTB2,ITGB1
ZBTB2,MPRIP
ZBTB2,AMFR
ZBTB2,DR1
ZBTB2,VAMP3
ZBTB2,ARF1
ZBTB2,EED
ZBTB2,LAMC1
ZBTB2,DERL1
ZBTB2,HSPA4
ZBTB2,FKBP5
ZBTB2,TYRO3
ZBTB2,GXYLT1
ZBTB2,CREBBP
ZBTB2,STAG1
ZBTB2,MVB12B
ZBTB2,FBXO22
ZBTB2,DROSHA
ZBTB2,USP28
ZBTB2,EPOP
ZBTB2,GABBR1
ZBTB2,WDR82
ZBTB2,CDK8
ZBTB2,TCF3
ZBTB2,SET
ZBTB2,DICER1
ZBTB2,DGCR8
ZBTB2,B4GALT1
ZBTB2,TBP
ZBTB2,INO80
ZBTB2,GNB2
ZBTB2,DOCK5
ZBTB2,GNG10
ZBTB2,PDIA5
ZBTB2,RANBP17
ZBTB2,MED26
ZBTB2,SS18
ZBTB2,MRAS
ZBTB2,TMED10
ZBTB2,SIN3A
ZBTB2,EP300
ZBTB2,PLOD3
ZBTB2,MTA2
ZBTB2,MPHOSPH8
ZBTB2,RAB11A
ZBTB2,AFF3
ZBTB2,LPAR2
ZBTB2,ABHD5
ZBTB2,LEO1
ZBTB2,ZFHX3
ZBTB2,OSBP
ZBTB2,TPD52
ZBTB2,APPBP2
ZBTB2,ETV4
ZBTB2,TMEM150A
ZBTB2,E2F4
ZBTB2,HDLBP
ZBTB2,CKAP4
ZBTB2,MFSD1
ZBTB2,TRAM1
ZBTB2,PARD6B
ZBTB2,FN1
ZBTB2,ME1
ZBTB2,KLF4
ZBTB2,FKBP9
ZBTB2,SOD1
ZBTB2,NOTUM
ZBTB2,USP16
ZBTB2,GNA12
ZBTB2,ZFP281
ZBTB2,PLOD2
ZBTB2,TGOLN1
ZBTB2,MAPK8
ZBTB2,MAN1A2
ZBTB2,CD63
ZBTB2,RPN2
ZBTB2,SIK1
ZBTB2,FZD5
ZBTB2,CXXC1
ZBTB2,NSL1
ZBTB2,KDM2B
ZBTB2,EDEM1
ZBTB2,BAZ2A
ZBTB2,SDCBP
ZBTB2,ZBTB44
ZBTB2,KAT5
ZBTB2,POLE4
ZBTB2,KDM1A
ZBTB2,TMEM30A
ZBTB2,GNAS
ZBTB2,CREB3
ZBTB2,ITPK1
ZBTB2,COPB1
ZBTB2,QSOX1
ZBTB2,EFEMP2
ZBTB2,CBFA2T2
ZBTB2,STARD10
ZBTB2,MAX
ZBTB2,GNPTAB
ZBTB2,FUT8
ZBTB2,NFXL1
ZBTB2,NELFA
ZBTB2,COPA
ZBTB2,STAT3
ZBTB2,SUPT5
ZBTB2,LDLRAP1
ZBTB2,DDOST
ZBTB2,PRDM15
ZBTB2,JARID2
ZBTB2,GNAI3
ZBTB2,XPNPEP1
ZBTB2,PRKAA2
ZBTB2,KDELR2
ZBTB2,AEBP2
ZBTB2,RDM1
ZBTB2,SIRT6
ZBTB2,RAP1GDS1
ZBTB2,KDM2A
ZBTB2,TCF12
ZBTB2,PHRF1
ZBTB2,RASGRP2
ZBTB2,DNAJC3
ZBTB2,KMT2D
ZBTB2,CRTC3
ZBTB2,SETX
ZBTB2,NCOR1
ZBTB2,FNDC3B
ZBTB2,BMI1
ZBTB2,LRP2
ZBTB2,FRMD4A
ZBTB2,DDB1
ZBTB2,KDM5A
ZBTB2,REEP5
ZBTB2,BCLAF3
ZBTB2,CTDSPL
ZBTB2,PTPN14
ZBTB2,COBLL1
ZBTB2,FRS2
ZBTB2,ZFP143
ZBTB2,PDK1
ZBTB2,NACC1
ZBTB2,PARP1
ZBTB2,ARPC2
ZBTB2,TMEM165
ZBTB2,RAD21
ZBTB2,NIPBL
ZBTB2,ARF5
ZBTB2,POFUT2
ZBTB2,HIP1
ZBTB2,SUMO2
ZBTB2,CHCHD10
ZBTB2,KANSL3
ZBTB2,SMAD1
ZBTB2,MYMX
ZBTB2,ARHGAP1
ZBTB2,PLEKHF2
ZBTB2,CALM1
ZBTB2,PTPN21
ZBTB2,ARPC5
ZBTB2,MORC3
ZBTB2,CTBP2
ZBTB2,SSR1
ZBTB2,GNS
ZBTB2,TBRG1
ZBTB2,E2F1
ZBTB2,ZFP217
ZBTB2,TMEM214
ZBTB2,DCLK2
ZBTB2,KAT6B
ZBTB2,SSRP1
ZBTB2,NCAPD3
ZBTB2,CDC42SE2
ZBTB2,ARHGAP29
ZBTB2,MED23
ZBTB2,RRN3
ZBTB2,ADAM10
ZBTB2,PRDX1
ZBTB2,ARID1A
ZBTB2,TGIF2
ZBTB2,N4BP3
ZBTB2,EZH2
ZBTB2,TAF3
ZBTB2,RAF1
ZBTB2,MED12
ZBTB2,PHLDB2
ZBTB2,SETDB1
ZBTB2,HDAC2
ZBTB2,TAX1BP3
ZBTB2,DMAP1
ZBTB2,CNOT3
ZBTB2,ZYX
ZBTB2,TLE4
ZBTB2,RBBP5
ZBTB2,ERP29
ZBTB2,TRP53
ZBTB2,KRTCAP2
ZBTB2,ADGRA2
ZBTB2,CDC16
ZBTB2,TALDO1
ZBTB2,ZCCHC24
ZBTB2,RETREG1
ZBTB2,SETD7
ZBTB2,KDM4C
ZBTB2,PDIA6
ZBTB2,BSG
ZBTB2,FGFR1
ZBTB2,UBA2
ZBTB2,ZFP532
ZBTB2,FGF3
ZBTB2,KAT8
ZBTB2,PPIB
ZBTB2,TCF15
ZBTB2,MTF2
ZBTB2,ARFGAP1
ZBTB2,APP
ZBTB2,RUVBL1
ZBTB2,DDX21
ZBTB2,TFRC
ZBTB2,PSEN1
ZBTB2,FHDC1
ZBTB2,ETV1
ZBTB2,DNMT3B
ZBTB2,ARHGEF5
ZBTB2,RCOR1
ZBTB2,COBL
ZBTB2,UHRF1
ZBTB2,F3
ZBTB2,TCN2
ZBTB2,SRSF2
ZBTB2,RPP25
ZBTB2,MAN1A
ZBTB2,FGD1
ZBTB2,CALU
ZBTB2,HDAC3
ZBTB2,KDM5B
ZBTB2,COLGALT1
ZBTB2,KDELC2
ZBTB2,LAMB2
ZBTB2,GFPT1
ZBTB2,TGIF1
ZBTB2,SMYD2
ZBTB2,TPM4
ZBTB2,SEMA4C
ZBTB2,NR5A2
ZBTB2,BEND5
ZBTB2,PTOV1
ZBTB2,YEATS4
ZBTB2,MEN1
ZBTB2,E4F1
ZBTB2,ADAM23
ZBTB2,TEX264
ZBTB2,RBMXL2
ZBTB2,TNKS
ZBTB2,OPLAH
ZBTB2,NCAPH2
ZBTB2,LMF2
ZBTB2,PRKCE
ZBTB2,PATJ
ZBTB2,CBX2
ZBTB2,BNC2
ZBTB2,MOV10
ZBTB2,MARC2
ZBTB2,KLHDC3
ZBTB2,SMARCC1
ZBTB2,BMP1
ZBTB2,PLA2G15
ZBTB2,CDC5L
ZBTB2,FABP3
ZBTB2,MED1
ZBTB2,L3MBTL3
ZBTB2,CAR2
ZBTB2,KLF5
ZBTB2,SLC16A1
ZBTB2,CLN6
ZBTB2,SLC39A1
ZC3H11A,SETD1A
ZC3H11A,PDGFRA
ZC3H11A,ELOB
ZC3H11A,CCDC88C
ZC3H11A,HSD17B14
ZC3H11A,SELENOM
ZC3H11A,SH3GLB1
ZC3H11A,MED23
ZC3H11A,TRP53
ZC3H11A,STAG1
ZC3H11A,DNMT3B
ZC3H11A,ADAM19
ZC3H11A,CDK9
ZC3H11A,RDM1
ZC3H11A,SMC3
ZC3H11A,MOB3B
ZC3H11A,NELFA
ZC3H11A,KMT2B
ZC3H11A,L3MBTL3
ZC3H11A,RAF1
ZC3H11A,COPG1
ZC3H11A,KDELR1
ZC3H11A,CEMIP
ZC3H11A,GORASP2
ZC3H11A,ZMYND8
ZC3H11A,POU5F1
ZC3H11A,APP
ZC3H11A,DMAP1
ZC3H11A,PLA2G1B
ZC3H11A,CLTC
ZC3H11A,APOBEC3
ZC3H11A,MDN1
ZC3H11A,SPOCK1
ZC3H11A,MYCN
ZC3H11A,DOCK5
ZC3H11A,GDPD5
ZC3H11A,ADNP
ZC3H11A,FLRT3
ZC3H11A,HDAC2
ZC3H11A,GNAS
ZC3H11A,GHR
ZC3H11A,TBRG1
ZC3H11A,TRAM1
ZFP143,CHMP4B
ZFP143,SRSF2
ZFP143,PDIA5
ZFP143,SERBP1
ZFP143,DERL1
ZFP143,JARID2
ZFP143,HEXIM1
ZFP143,EIF2S2
ZFP143,MEN1
ZFP143,ZC3H11A
ZFP143,MAX
ZFP143,TMOD3
ZFP143,TMED9
ZFP143,TLE4
ZFP143,WDR46
ZFP143,MTF2
ZFP143,DDB1
ZFP143,RDM1
ZFP143,SAP30
ZFP143,HIRIP3
ZFP143,CBX1
ZFP143,CDK9
ZFP143,ACP6
ZFP143,ZFP428
ZFP143,PTOV1
ZFP143,FGFR1
ZFP143,TCOF1
ZFP143,TMEM214
ZFP143,THAP11
ZFP143,NFXL1
ZFP143,PRDM15
ZFP143,KLHDC3
ZFP143,CPOX
ZFP143,ARF1
ZFP143,CREB3
ZFP143,TMEM59
ZFP143,DNAJC10
ZFP143,NUCB1
ZFP143,ARFGAP1
ZFP143,KDELR2
ZFP143,VKORC1
ZFP143,TRP53
ZFP143,TXNDC12
ZFP143,TALDO1
ZFP143,KMT2B
ZFP143,DGCR8
ZFP143,ZFP281
ZFP143,MED26
ZFP143,SSR3
ZFP143,SUZ12
ZFP143,USP16
ZFP143,ARF4
ZFP143,DR1
ZFP143,ZBTB44
ZFP143,CTCF
ZFP143,CDK8
ZFP143,JUN
ZFP143,PPIB
ZFP143,SRSF1
ZFP143,RCN3
ZFP143,GORASP2
ZFP143,GLO1
ZFP143,TMEM150A
ZFP143,MMGT1
ZFP143,SIRT6
ZFP143,SMC1A
ZFP143,SLC39A7
ZFP143,EHMT2
ZFP143,TDG
ZFP143,SALL4
ZFP143,TAX1BP3
ZFP143,WDR82
ZFP143,NELFA
ZFP143,KMT2D
ZFP143,MPHOSPH8
ZFP143,LAMC1
ZFP143,PAF1
ZFP143,MFSD1
ZFP143,ZFP42
ZFP143,PIPOX
ZFP143,MBD3
ZFP143,2200002D01RIK
ZFP143,CBX3
ZFP143,DMAP1
ZFP143,SETDB1
ZFP143,ELOB
ZFP143,DUSP27
ZFP143,ZMYND8
ZFP143,TMED3
ZFP143,DDOST
ZFP217,RDM1
ZFP217,CALR
ZFP217,HSP90AA1
ZFP217,APPBP2
ZFP217,PRDX1
ZFP217,HMGA1B
ZFP217,HMGA1
ZFP217,TFCP2L1
ZFP217,FGF4
ZFP217,HEXIM1
ZFP217,PNP
ZFP217,KLF2
ZFP217,SOX2
ZFP217,CALM1
ZFP217,GFPT2
ZFP217,SRSF2
ZFP217,TCF15
ZFP217,IER2
ZFP217,2410141K09RIK
ZFP217,NPM1
ZFP217,GTF2B
ZFP217,CALU
ZFP217,KDM4C
ZFP217,CTSL
ZFP217,HSP90AB1
ZFP217,BSG
ZFP217,POLE4
ZFP217,AP2A2
ZFP217,FZD5
ZFP217,CDC42SE2
ZFP217,SLC25A4
ZFP217,FABP3
ZFP217,TAF2
ZFP217,TMED9
ZFP217,IMPDH2
ZFP217,CBX3
ZFP217,GNAI3
ZFP217,DPF2
ZFP217,RRAS2
ZFP217,TMEM165
ZFP217,SOD1
ZFP217,KDELR2
ZFP217,CARHSP1
ZFP217,SMARCA5
ZFP217,SUMO1
ZFP217,EP400
ZFP217,ERF
ZFP217,TLE4
ZFP217,GFPT1
ZFP217,TFRC
ZFP217,ITGA6
ZFP217,IFI30
ZFP217,P4HB
ZFP217,HSPB1
ZFP217,KLF4
ZFP217,P4HA1
ZFP217,FGFR1
ZFP217,GORASP2
ZFP217,ARF1
ZFP217,RAF1
ZFP217,NFYB
ZFP217,BTAF1
ZFP217,BRD4
ZFP217,HDAC1
ZFP217,SURF4
ZFP217,TGOLN1
ZFP217,RPN1
ZFP217,QSOX1
ZFP217,KDM2B
ZFP217,JARID2
ZFP217,CDC73
ZFP217,HSPA4
ZFP217,SET
ZFP217,SLC16A1
ZFP217,SAP18
ZFP217,MORC3
ZFP217,HAP1
ZFP217,PLEKHF2
ZFP217,NRF1
ZFP217,BMPR2
ZFP217,DARS
ZFP217,ATP6V0A1
ZFP217,ALDH2
ZFP217,NASP
ZFP217,GLO1
ZFP217,MED26
ZFP217,LDLRAP1
ZFP217,PDK1
ZFP217,TXNDC5
ZFP217,PDIA3
ZFP217,GGA2
ZFP217,SMARCC1
ZFP217,KDM1A
ZFP217,ARPC2
ZFP217,PDIA5
ZFP217,SMC3
ZFP217,MKRN1
ZFP217,HIRA
ZFP217,EDEM1
ZFP217,ZFYVE21
ZFP217,MTF2
ZFP217,MBD2
ZFP217,CLTC
ZFP217,SUPT5
ZFP217,OAT
ZFP217,EPOP
ZFP217,GLDC
ZFP217,COPG1
ZFP217,SARAF
ZFP217,XBP1
ZFP217,CREB3L2
ZFP217,MYBL2
ZFP217,ZBTB44
ZFP217,PLOD2
ZFP217,N4BP3
ZFP217,KLF5
ZFP217,HDAC3
ZFP217,P3H1
ZFP217,GTF3C1
ZFP217,E2F4
ZFP217,ASS1
ZFP217,GXYLT1
ZFP217,ARHGAP29
ZFP217,ELL3
ZFP217,DDX21
ZFP217,CDC5L
ZFP217,XPNPEP1
ZFP217,COTL1
ZFP217,PSEN1
ZFP217,DR1
ZFP217,ARFGAP1
ZFP217,MBD3
ZFP217,HSPG2
ZFP217,RANBP17
ZFP217,MAPK8
ZFP217,KANSL3
ZFP217,NUP210
ZFP217,MED1
ZFP217,UTP14A
ZFP217,CHCHD10
ZFP217,UBTF
ZFP217,TET3
ZFP217,RYBP
ZFP217,DUSP6
ZFP217,POFUT2
ZFP217,OSTC
ZFP217,MAPKAPK2
ZFP217,PPIB
ZFP217,MAN1A2
ZFP217,TMEM214
ZFP217,IKBIP
ZFP217,APAF1
ZFP217,TXNDC12
ZFP217,UBA2
ZFP217,SNX2
ZFP217,HIP1
ZFP217,SEC24A
ZFP217,PAF1
ZFP217,NANOG
ZFP217,KAT8
ZFP217,DDB1
ZFP217,CERS4
ZFP217,XRCC5
ZFP217,RRN3
ZFP217,KDM5A
ZFP217,DDOST
ZFP217,SLC39A1
ZFP217,PFKP
ZFP217,DKC1
ZFP217,CDK7
ZFP217,RER1
ZFP217,ZCCHC24
ZFP217,SUZ12
ZFP217,GSTA4
ZFP217,RBBP7
ZFP217,CHD1
ZFP217,H13
ZFP217,TMOD3
ZFP217,TALDO1
ZFP217,PTP4A1
ZFP217,ASPH
ZFP217,MARC2
ZFP217,LAMB1
ZFP217,NODAL
ZFP217,MCM2
ZFP217,COL18A1
ZFP217,FUT8
ZFP217,EZH2
ZFP217,ERP29
ZFP217,ILK
ZFP217,TMED2
ZFP217,CBX1
ZFP217,STAT3
ZFP217,SLC7A6
ZFP217,TRIM28
ZFP217,SSRP1
ZFP217,FBRSL1
ZFP217,DNAJC10
ZFP217,UTF1
ZFP217,SETX
ZFP217,GCNT1
ZFP217,YEATS4
ZFP217,PURB
ZFP217,PLA2G15
ZFP217,RAD21
ZFP217,EP300
ZFP217,RPP25
ZFP217,ZFP42
ZFP217,TUBB2B
ZFP217,TMEM30A
ZFP217,GGTA1
ZFP217,DGCR8
ZFP217,B2M
ZFP217,TMEM150A
ZFP217,DCTPP1
ZFP217,FN1
ZFP217,DROSHA
ZFP217,PDCD6IP
ZFP217,MTA2
ZFP217,CDC16
ZFP217,SPP1
ZFP217,TMBIM6
ZFP217,SSR1
ZFP217,SMAD1
ZFP217,NR4A1
ZFP217,YY1
ZFP217,NIPBL
ZFP217,NFYC
ZFP217,CBX2
ZFP217,GNB2
ZFP217,ARF4
ZFP217,ZFP322A
ZFP217,CHD4
ZFP217,ACBD3
ZFP217,MYCN
ZFP217,HIRIP3
ZFP217,LAMC1
ZFP217,NCAPD3
ZFP217,HDLBP
ZFP217,FBXO22
ZFP217,NFXL1
ZFP217,LY75
ZFP217,FKBP5
ZFP217,E4F1
ZFP217,ETV5
ZFP217,B4GALT1
ZFP217,VAMP3
ZFP217,CTCF
ZFP217,SNURF
ZFP217,SNRPN
ZFP217,LPAR2
ZFP217,RAD23B
ZFP217,IGFBP2
ZFP217,FRS2
ZFP217,EIF2S2
ZFP217,RTN3
ZFP217,NCAPG
ZFP217,PDIA6
ZFP217,PARD6B
ZFP217,FKBP9
ZFP217,CTSZ
ZFP217,KCTD10
ZFP217,RRBP1
ZFP217,ADAM23
ZFP217,TDGF1
ZFP217,KDM4A
ZFP217,TAF3
ZFP217,E2F1
ZFP217,CBX5
ZFP217,ZFP143
ZFP217,ZBTB2
ZFP217,WDR5
ZFP217,SHF
ZFP217,NID1
ZFP217,ATP6V0E
ZFP217,MYH9
ZFP217,SNX7
ZFP217,PRDX4
ZFP217,KDM5B
ZFP217,ITGB1
ZFP217,PARP1
ZFP217,COLGALT1
ZFP217,SUMO2
ZFP217,RNF2
ZFP217,USP16
ZFP217,MSL2
ZFP217,DNAJC3
ZFP217,AGPAT4
ZFP217,SOAT1
ZFP217,NSL1
ZFP217,ARPC5
ZFP217,RAP1GDS1
ZFP217,DMAP1
ZFP217,AMPD2
ZFP217,SDCBP
ZFP217,HELB
ZFP217,CTR9
ZFP217,SAP30
ZFP217,SS18
ZFP217,MYL6
ZFP217,NFYA
ZFP217,EED
ZFP217,SSR4
ZFP217,GNA12
ZFP217,ADAM19
ZFP217,JUN
ZFP217,USP7
ZFP217,RAB3IL1
ZFP217,PITPNC1
ZFP217,CTSD
ZFP217,SETDB1
ZFP217,LRPAP1
ZFP217,CPD
ZFP217,RAB2A
ZFP217,GMNN
ZFP217,IFITM2
ZFP217,APEX1
ZFP217,TMED3
ZFP217,TM9SF3
ZFP217,MAFK
ZFP217,INO80
ZFP217,ABHD5
ZFP217,ZFP281
ZFP217,MPRIP
ZFP217,LRRC59
ZFP217,CREBBP
ZFP217,ELOB
ZFP217,CD63
ZFP217,ZFP710
ZFP217,NIPSNAP1
ZFP217,CNOT3
ZFP217,PRKAA2
ZFP217,SERBP1
ZFP217,LMNB1
ZFP217,LRRC58
ZFP217,RBMXL2
ZFP217,PTPN21
ZFP217,P4HA2
ZFP217,SELENOW
ZFP217,SEC11A
ZFP217,COPA
ZFP217,NUCB1
ZFP217,LTBP4
ZFP217,TMEM9B
ZFP217,ZFP384
ZFP217,GNS
ZFP217,SRSF1
ZFP217,OSBP
ZFP217,DPY30
ZFP217,HDAC2
ZFP217,TCN2
ZFP217,GOT1
ZFP217,ACTL6A
ZFP217,REEP5
ZFP217,TRAM1
ZFP217,MSH6
ZFP217,MBNL2
ZFP217,CBX7
ZFP217,SIRT6
ZFP217,ANO10
ZFP217,MEN1
ZFP217,KDELR1
ZFP217,GDPD5
ZFP217,SLC39A7
ZFP217,MSH2
ZFP217,GNAS
ZFP217,BMP4
ZFP217,APOBEC3
ZFP217,ZC3H11A
ZFP217,STT3A
ZFP217,SIK1
ZFP217,EXT2
ZFP217,RPN2
ZFP217,HNRNPL
ZFP217,CST3
ZFP217,CDK8
ZFP217,ANXA4
ZFP217,SMARCA4
ZFP217,CDK9
ZFP217,CTDSPL
ZFP217,SMAD2
ZFP217,SELENOM
ZFP217,RFFL
ZFP217,NCOR2
ZFP217,LRRC34
ZFP217,TAX1BP3
ZFP217,SALL1
ZFP217,PLOD1
ZFP217,MCAM
ZFP217,LAMA1
ZFP217,ELL2
ZFP217,TIMP3
ZFP217,SEC23A
ZFP217,HEATR1
ZFP217,SEC24D
ZFP217,NCOR1
ZFP217,MYC
ZFP217,KDM6A
ZFP217,KAT6B
ZFP217,BRD9
ZFP217,WDR46
ZFP217,MPHOSPH8
ZFP217,MAP1A
ZFP217,FBXW8
ZFP217,MED23
ZFP217,COMMD3
ZFP217,OPLAH
ZFP217,FGFR4
ZFP217,ZYX
ZFP217,TSPAN9
ZFP217,TNKS
ZFP217,RCN3
ZFP217,UHRF1
ZFP217,SELENOS
ZFP217,SORD
ZFP217,ITGAV
ZFP217,CPOX
ZFP217,WDR82
ZFP217,ZFP459
ZFP217,GLMP
ZFP217,ALG13
ZFP217,PTOV1
ZFP217,KAT5
ZFP217,TDG
ZFP217,SUPT6
ZFP217,SUPT16
ZFP217,MED12
ZFP217,FAM129B
ZFP217,MAN1A
ZFP217,TAF1
ZFP217,SIN3A
ZFP217,GNPTAB
ZFP217,AARS
ZFP217,SFRP1
ZFP217,PHF5A
ZFP217,LAMP1
ZFP217,ZFP979
ZFP217,NACC1
ZFP217,DAP
ZFP217,KDELC2
ZFP217,ZFP57
ZFP217,RAB11A
ZFP217,GALK1
ZFP217,REST
ZFP217,MSL1
ZFP217,MCRS1
ZFP217,DUSP9
ZFP217,ZFP428
ZFP217,BAZ1B
ZFP217,KDM2A
ZFP217,CKAP4
ZFP217,USP28
ZFP217,BCLAF3
ZFP217,ARL8A
ZFP217,VAMP8
ZFP217,KRTCAP2
ZFP217,FLRT3
ZFP217,FGD1
ZFP217,EPAS1
ZFP217,KMT2D
ZFP217,TBRG1
ZFP217,POU5F1
ZFP217,PML
ZFP217,NELFA
ZFP217,ARHGAP1
ZFP217,NAA10
ZFP217,RUVBL2
ZFP217,IRF2BPL
ZFP217,MOV10
ZFP217,MFSD1
ZFP217,HTATSF1
ZFP217,TRH
ZFP217,TMEM59
ZFP217,UBQLN2
ZFP217,EHMT2
ZFP217,SSR3
ZFP217,GPX3
ZFP217,EFEMP2
ZFP217,DERL1
ZFP217,L1TD1
ZFP217,TDH
ZFP217,MYMX
ZFP217,MYDGF
ZFP217,DCLK2
ZFP217,CLN6
ZFP217,ADAM10
ZFP217,ZFP532
ZFP217,SLC35F5
ZFP217,GLIPR2
ZFP217,FXYD6
ZFP217,ELL
ZFP217,B4GALNT4
ZFP217,DICER1
ZFP217,TBX3
ZFP217,GCNT2
ZFP217,BASP1
ZFP217,ZIC3
ZFP217,ARFIP1
ZFP217,RBPJ
ZFP217,NCAPH2
ZFP217,LMF2
ZFP217,TBP
ZFP217,ARID3A
ZFP217,TTC39B
ZFP217,NONO
ZFP217,FOXH1
ZFP217,PAFAH1B3
ZFP217,RIF1
ZFP217,CBFA2T2
ZFP217,RBPMS2
ZFP217,MMGT1
ZFP217,ETV4
ZFP217,DAXX
ZFP217,AEBP2
ZFP217,ZFX
ZFP217,TRP53
ZFP217,GABBR1
ZFP217,PWP1
ZFP217,MYLPF
ZFP217,METTL3
ZFP217,ARID1A
ZFP217,KLHDC3
ZFP217,SEMA4C
ZFP217,ILDR1
ZFP217,ACP6
ZFP217,PRDM15
ZFP217,APP
ZFP217,VKORC1
ZFP217,ADNP
ZFP217,SETD1A
ZFP217,COPB1
ZFP217,PKNOX1
ZFP217,SERPING1
ZFP217,MDN1
ZFP217,ANP32A
ZFP217,RNF138
ZFP217,TMED10
ZFP217,SMC1A
ZFP217,GSN
ZFP217,ST5
ZFP217,GSR
ZFP217,TET2
ZFP217,LYN
ZFP217,KMT2B
ZFP217,WDR11
ZFP217,SMAD3
ZFP217,GABARAP
ZFP217,STAG1
ZFP217,KMT2C
ZFP217,F3
ZFP217,CCND1
ZFP217,BAZ2A
ZFP217,OGT
ZFP217,BEND5
ZFP217,IFITM1
ZFP217,CHD7
ZFP217,HSF2BP
ZFP217,CHMP4B
ZFP217,MOB3B
ZFP217,GATA4
ZFP217,TPD52
ZFP217,KHDC3
ZFP217,DNMT3B
ZFP217,ARF5
ZFP217,RUVBL1
ZFP217,KDELR3
ZFP217,SPNS2
ZFP217,FNDC3B
ZFP217,CREB3
ZFP217,TIMP2
ZFP217,PIPOX
ZFP217,TGIF2
ZFP217,TFE3
ZFP217,ANK
ZFP281,HDAC2
ZFP281,ZC3H11A
ZFP281,SETDB1
ZFP281,MAPKAPK2
ZFP281,NFYC
ZFP281,UBA2
ZFP281,FOXH1
ZFP281,SRSF2
ZFP281,TET3
ZFP281,CBX5
ZFP281,MSL2
ZFP281,TMEM165
ZFP281,FUT9
ZFP281,ETV1
ZFP281,HDLBP
ZFP281,AARS
ZFP281,KDM4A
ZFP281,CLTC
ZFP281,CST3
ZFP281,KMT2C
ZFP281,TGIF1
ZFP281,SUZ12
ZFP281,RNF2
ZFP281,VSIR
ZFP281,SRSF1
ZFP281,HMGA1B
ZFP281,HMGA1
ZFP281,ZBTB2
ZFP281,NCAPH2
ZFP281,LMF2
ZFP281,SALL4
ZFP281,DMAP1
ZFP281,TFRC
ZFP281,MSH6
ZFP281,EZH2
ZFP281,GTF3C1
ZFP281,PAFAH1B3
ZFP281,SMARCA4
ZFP281,CDC42SE2
ZFP281,ITGAV
ZFP281,OPLAH
ZFP281,MBD3
ZFP281,HSPA4
ZFP281,NONO
ZFP281,ZFHX3
ZFP281,HNRNPL
ZFP281,FABP3
ZFP281,KAT6B
ZFP281,FXYD6
ZFP281,SUMO2
ZFP281,TRIM28
ZFP281,DUSP27
ZFP281,SLC25A4
ZFP281,TCEA3
ZFP281,CTDSPL
ZFP281,KMT2B
ZFP281,TGFBR3
ZFP281,ZFP710
ZFP281,B4GALT1
ZFP281,POU5F1
ZFP281,NANOG
ZFP281,IRF2BPL
ZFP281,ITGB1
ZFP281,PKNOX1
ZFP281,PDIA5
ZFP281,ADAM19
ZFP281,ILK
ZFP281,SMARCC1
ZFP281,HSP90AB1
ZFP281,CTSL
ZFP281,SH3GLB1
ZFP281,UBQLN2
ZFP281,ZFP143
ZFP281,CBX1
ZFP281,ERF
ZFP281,SOX2
ZFP281,RAD23B
ZFP281,SEMA4C
ZFP281,BNC2
ZFP281,EP300
ZFP281,SNURF
ZFP281,SNRPN
ZFP281,AEBP2
ZFP281,BAZ1B
ZFP281,ARHGAP29
ZFP281,PRKCE
ZFP281,RTN3
ZFP281,NCAPD3
ZFP281,NRF1
ZFP281,KLHDC3
ZFP281,ZCCHC24
ZFP281,NACC1
ZFP281,MSL1
ZFP281,SETD7
ZFP281,MOV10
ZFP281,GALK1
ZFP281,REEP5
ZFP281,ALPL
ZFP281,PCOLCE2
ZFP281,ZMYND8
ZFP281,DAXX
ZFP281,SOD1
ZFP281,JARID2
ZFP281,B4GALNT4
ZFP281,SIN3A
ZFP281,PTPN14
ZFP281,YY1
ZFP281,KDM6A
ZFP281,ETV5
ZFP281,TPD52
ZFP281,PCOLCE
ZFP281,GCNT2
ZFP281,FRMD4A
ZFP281,BRD2
ZFP281,MBD2
ZFP281,GLI2
ZFP281,BAZ2A
ZFP281,KDM2A
ZFP281,FHDC1
ZFP281,SALL1
ZFP281,PCGF2
ZFP281,ADNP
ZFP281,RCC2
ZFP281,TGIF2
ZFP281,AGPAT4
ZFP281,VAMP8
ZFP281,TXNDC12
ZFP281,ALG13
ZFP281,ARID1A
ZFP281,RCOR1
ZFP281,CBX3
ZFP281,TPM4
ZFP281,1700061G19RIK
ZFP281,ENOX1
ZFP281,ESRRB
ZFP281,RAD21
ZFP281,L1TD1
ZFP281,BTAF1
ZFP281,SSRP1
ZFP281,CDK9
ZFP281,INO80
ZFP281,LAMB1
ZFP281,L3MBTL3
ZFP281,HDAC3
ZFP281,LAMP1
ZFP281,STAG2
ZFP281,SET
ZFP281,SH3PXD2B
ZFP281,ARHGEF5
ZFP281,KLF2
ZFP281,MYMX
ZFP281,MYL6
ZFP281,CD63
ZFP281,RBPMS2
ZFP281,PITPNC1
ZFP281,KCTD10
ZFP281,CCND1
ZFP281,BEND5
ZFP281,NR5A2
ZFP281,CALR
ZFP281,ARF4
ZFP281,FGD1
ZFP281,KDM2B
ZFP281,TENM4
ZFP281,YEATS4
ZFP281,ELL2
ZFP281,ELOB
ZFP281,AMPD2
ZFP281,QSOX1
ZFP281,MDN1
ZFP281,FRS2
ZFP281,RBBP5
ZFP281,LRP2
ZFP281,PDGFRA
ZFP281,FNDC3B
ZFP281,CHD1
ZFP281,RARA
ZFP281,RNF138
ZFP281,SLC39A1
ZFP281,DDX21
ZFP281,ACP6
ZFP281,EED
ZFP281,ZFP217
ZFP281,ARFIP1
ZFP281,LRRC58
ZFP281,PXDN
ZFP281,CRYAB
ZFP281,GSR
ZFP281,PDIA3
ZFP281,GLO1
ZFP281,NCOR1
ZFP281,KAT5
ZFP281,CBX7
ZFP281,PHF5A
ZFP281,SDCBP
ZFP281,GFPT2
ZFP281,CHST15
ZFP281,ATRX
ZFP281,NPM1
ZFP281,LAMA1
ZFP281,BMPER
ZFP281,DOCK5
ZFP281,TUBB2B
ZFP281,ZIC2
ZFP281,MCAM
ZFP281,TMEM30A
ZFP281,MKRN1
ZFP281,COPB1
ZFP281,GLI1
ZFP281,RPN1
ZFP281,GNAS
ZFP281,CHD4
ZFP281,CBX8
ZFP281,MYCN
ZFP281,IMPDH2
ZFP281,ARID3A
ZFP281,MAP1A
ZFP281,GDPD5
ZFP281,LTBP4
ZFP281,LAMB2
ZFP281,P3H4
ZFP281,SLC35F5
ZFP281,STX3
ZFP281,RASGRP2
ZFP281,GLIPR2
ZFP281,TET2
ZFP281,BCLAF3
ZFP281,SELENOW
ZFP281,ETV4
ZFP281,UHRF1
ZFP281,IFI30
ZFP281,UPP1
ZFP281,CREB3
ZFP281,APEX1
ZFP281,PTH1R
ZFP281,PRDX1
ZFP281,COTL1
ZFP281,MAN1A2
ZFP281,GATA6
ZFP281,PLAT
ZFP281,ARF5
ZFP281,GSN
ZFP281,P3H2
ZFP281,NUCB1
ZFP281,HSPB1
ZFP281,TDG
ZFP281,KMT2D
ZFP281,RBBP7
ZFP281,BMPR2
ZFP281,JAM2
ZFP281,TDGF1
ZFP281,PCBD1
ZFP281,KDM5B
ZFP281,MAX
ZFP281,GGA2
ZFP281,ERAS
ZFP281,NID1
ZFP281,RARG
ZFP281,PLOD2
ZFP281,DDB1
ZFP281,SETD1A
ZFP281,KAT8
ZFP281,SEPT1
ZFP281,DARS
ZFP281,HDAC1
ZFP281,FN1
ZFP281,FBRSL1
ZFP281,SOAT1
ZFP281,ZFP532
ZFP281,SERBP1
ZFP281,AP2A2
ZFP281,KLF4
ZFP281,ARF1
ZFP281,PTOV1
ZFP281,MYLPF
ZFP281,WDR82
ZFP281,PRDM15
ZFP281,JUN
ZFP281,IKBIP
ZFP281,APAF1
ZFP281,APOBEC3
ZFP281,FBLIM1
ZFP281,DTX3L
ZFP281,MED26
ZFP281,GABBR1
ZFP281,LPAR2
ZFP281,BMI1
ZFP281,TLE4
ZFP281,LAMC1
ZFP281,FGF10
ZFP281,ZYX
ZFP281,RBPJ
ZFP281,ADAM10
ZFP281,IGFBP2
ZFP281,FST
ZFP281,MTF2
ZFP281,KDM5A
ZFP281,P4HB
ZFP281,DTX1
ZFP281,ARFGAP1
ZFP281,TYRO3
ZFP281,DUSP6
ZFP281,PARP1
ZFP281,HCFC1
ZFP281,CDK8
ZFP281,ZFP384
ZFP281,TBX3
ZFP281,EHMT2
ZFP281,UBTF
ZFP281,SETX
ZFP281,GATA4
ZFP281,BAG2
ZFP281,SIK1
ZFP281,NIPSNAP1
ZFP281,STAT3
ZFP281,GXYLT1
ZFP281,ZBTB44
ZFP281,SORD
ZFP281,MED1
ZFP281,SMAD2
ZFP281,NMNAT2
ZFP281,CREBBP
ZFP281,DCLK2
ZFP281,TCF12
ZFP281,PSEN1
ZFP281,UTF1
ZFP281,ELL
ZFP281,ZIC3
ZFP281,ZFX
ZFP281,SLC39A7
ZFP281,CTBP2
ZFP281,ZFP322A
ZFP281,SAP18
ZFP281,TAX1BP3
ZFP281,COL18A1
ZFP281,NOTUM
ZFP281,GOT1
ZFP281,SLC7A3
ZFP281,LGALS3
ZFP281,SUPT5
ZFP281,STAG1
ZFP281,GGTA1
ZFP281,PHC1
ZFP281,SLC16A1
ZFP281,CLCN5
ZFP281,IFITM2
ZFP281,TSPAN9
ZFP281,PIPOX
ZFP281,PTPN21
ZFP281,TFE3
ZFP281,EIF2S2
ZFP281,TRH
ZFP281,KDM6B
ZFP281,LMNB1
ZFP281,NOTCH4
ZFP281,USP16
ZFP281,P4HA1
ZFP281,SERPINH1
ZFP281,F3
ZFP281,SMARCA2
ZFP281,E2F1
ZFP281,PWP1
ZFP281,DDOST
ZFP281,BRD4
ZFP281,RYBP
ZFP281,RFFL
ZFP281,2200002D01RIK
ZFP281,ZFP57
ZFP281,MAPK8
ZFP281,CCDC88C
ZFP281,SAP30
ZFP281,P3H1
ZFP281,KRTCAP2
ZFP281,ANP32A
ZFP281,PDK1
ZFP281,NR4A1
ZFP281,H13
ZFP281,SERPING1
ZFP281,SMARCA5
ZFP281,LRRC34
ZFP281,ARL8A
ZFP281,SUMO1
ZFP281,ARPC2
ZFP281,SHTN1
ZFP281,GALNT7
ZFP281,MED23
ZFP281,TEX264
ZFP281,KANSL3
ZFP281,SMC3
ZFP281,RRBP1
ZFP281,AFF3
ZFP281,SEC23A
ZFP281,PDIA6
ZFP281,MED12
ZFP281,GHR
ZFP281,BASP1
ZFP281,ACTL6A
ZFP281,RIF1
ZFP281,DR1
ZFP281,SMAD1
ZFP281,CDC16
ZFP281,ABHD5
ZFP281,NIPBL
ZFP281,TMED3
ZFP281,ARHGEF28
ZFP281,ATP6V0A1
ZFP281,MPRIP
ZFP281,REST
ZFP281,CKAP4
ZFP281,FOXA2
ZFP281,XRCC5
ZFP281,PURB
ZFP281,CARHSP1
ZFP281,HSP90AA1
ZFP281,TBRG1
ZFP281,FAM129B
ZFP281,BMP1
ZFP281,MYH9
ZFP281,DICER1
ZFP281,SLC39A8
ZFP281,TRAM1
ZFP281,MSX2
ZFP281,CTCF
ZFP281,RAB11A
ZFP281,ME1
ZFP281,MAFK
ZFP281,KDM1A
ZFP281,GFPT1
ZFP281,TCF15
ZFP281,OAT
ZFP281,SMAD3
ZFP281,TMED10
ZFP281,COBLL1
ZFP281,TMEM59
ZFP281,HNF1B
ZFP281,PLA2G15
ZFP281,USP28
ZFP281,FBXO22
ZFP281,PRKAA2
ZFP281,BSG
ZFP281,CALU
ZFP281,BRD9
ZFP281,RDM1
ZFP281,EMP2
ZFP281,EP400
ZFP281,GTF2B
ZFP281,NSL1
ZFP281,FBXW8
ZFP281,LYN
ZFP281,CERS4
ZFP281,NELFA
ZFP281,HIRA
ZFP281,P4HA2
ZFP281,TTC39B
ZFP281,TIMP2
ZFP281,ZFP42
ZFP281,RER1
ZFP281,GORASP2
ZFP281,GNB2
ZFP281,NCOR2
ZFP281,PHF19
ZFP281,GNA12
ZFP281,NUP210
ZFP281,EPAS1
ZFP281,THAP11
ZFP281,EFEMP2
ZFP281,DPF2
ZFP281,RETREG1
ZFP281,BAZ1A
ZFP281,ASPH
ZFP281,MFSD1
ZFP281,HAP1
ZFP281,TRP53
ZFP281,E4F1
ZFP281,RCN3
ZFP281,NFYA
ZFP281,STARD10
ZFP281,ZFP428
ZFP281,OTX2
ZFP281,KLF5
ZFP281,TBP
ZFP281,HIP1
ZFP281,FZD5
ZFP281,CDK7
ZFP281,PFKP
ZFP281,FGFR1
ZFP281,KDELC2
ZFP281,COBL
ZFP281,RUVBL2
ZFP281,PHLDB2
ZFP281,ZFP819
ZFP281,FLRT3
ZFP281,SSR4
ZFP281,PRDX4
ZFP281,SSR1
ZFP281,MTA2
ZFP281,HSPG2
ZFP281,ARHGAP1
ZFP281,CTR9
ZFP281,FKBP5
ZFP281,PLEKHF2
ZFP281,KHDC3
ZFP281,COPG1
ZFP281,TGOLN1
ZFP281,PTP4A1
ZFP281,MSH2
ZFP281,PARD6B
ZFP281,TAF3
ZFP281,NCAPG
ZFP281,DAP
ZFP281,MPHOSPH8
ZFP281,LDLRAP1
ZFP281,SARAF
ZFP281,ADAM23
ZFP281,HEXIM1
ZFP281,DAB2
ZFP281,RRAS2
ZFP281,LRRC59
ZFP281,LEO1
ZFP281,COPA
ZFP281,TMED2
ZFP281,DKC1
ZFP281,COL4A2
ZFP281,COL4A1
ZFP281,ACBD3
ZFP281,POLE4
ZFP281,IHH
ZFP281,CBX2
ZFP281,GLDC
ZFP281,CDC5L
ZFP281,CALM1
ZFP281,CPD
ZFP281,SPNS2
ZFP281,NR0B1
ZFP281,RAF1
ZFP281,SEC24D
ZFP281,ATF7IP
ZFP281,NAA10
ZFP281,NASP
ZFP281,SURF4
ZFP281,RXRA
ZFP281,ANO10
ZFP281,WDR11
ZFP281,TCN2
ZFP281,RUVBL1
ZFP281,CREB3L2
ZFP281,CBFA2T2
ZFP281,GNS
ZFP281,TMED9
ZFP281,GNAI3
ZFP281,EVA1A
ZFP281,MMGT1
ZFP281,XPNPEP1
ZFP281,OSBP
ZFP281,SOX17
ZFP281,COMMD3
ZFP281,DPY30
ZFP281,MOB3B
ZFP281,PPIB
ZFP281,CDH6
ZFP281,APP
ZFP281,SEC11A
ZFP281,GPC6
ZFP281,SLC9A6
ZFP281,MYDGF
ZFP281,VAMP3
ZFP281,GCNT1
ZFP281,SUPT16
ZFP281,TXNDC5
ZFP281,MEN1
ZFP281,SEC24A
ZFP281,CXXC1
ZFP281,CNOT3
ZFP281,ARPC5
ZFP281,ASS1
ZFP281,CDC73
ZFP281,CHCHD10
ZFP281,RRN3
ZFP281,TMOD3
ZFP281,RAP1GDS1
ZFP281,FGFR4
ZFP281,GMNN
ZFP281,RANBP17
ZFP281,TDH
ZFP281,PRSS35
ZFP281,OSTC
ZFP281,COL27A1
ZFP281,CLN6
ZFP281,ATP6V0E
ZFP281,SELENOS
ZFP281,PNP
ZFP281,FAM25C
ZFP281,RPP25
ZFP281,APPBP2
ZFP281,TMEM144
ZFP281,MYC
ZFP281,DNMT3B
ZFP281,PHRF1
ZFP281,IFITM1
ZFP281,CTSD
ZFP281,ADGRA2
ZFP281,NODAL
ZFP281,WDR5
ZFP281,SPARC
ZFP281,MSL3
ZFP281,TCOF1
ZFP281,MYBL2
ZFP281,MRAS
ZFP281,TNKS
ZFP281,ITGA6
ZFP281,DGCR8
ZFP281,XBP1
ZFP281,SS18
ZFP281,LY75
ZFP281,PDCD6IP
ZFP281,ILDR1
ZFP281,DERL1
ZFP281,B2M
ZFP281,METTL3
ZFP281,FXYD3
ZFP281,SLC7A6
ZFP281,TMEM9B
ZFP281,HS3ST1
ZFP281,FUT8
ZFP281,UTP14A
ZFP281,SPP1
ZFP281,SNX7
ZFP281,FGF4
ZFP281,DROSHA
ZFP281,ST5
ZFP281,EDEM1
ZFP281,OBSL1
ZFP281,USP7
ZFP281,MORC3
ZFP281,STT3A
ZFP281,PATJ
ZFP281,NOS3
ZFP281,SPOCK1
ZFP281,PRDM14
ZFP281,MARC2
ZFP281,TALDO1
ZFP281,SSR3
ZFP281,SIRT6
ZFP281,KRT8
ZFP281,NFYB
ZFP281,IER2
ZFP281,TMEM214
ZFP281,RPN2
ZFP281,SNX2
ZFP281,DRAM1
ZFP281,COLGALT1
ZFP281,TMBIM6
ZFP281,TAF1
ZFP281,HSF2BP
ZFP281,CPOX
ZFP281,DNAJC3
ZFP281,TMEM150A
ZFP281,TFCP2L1
ZFP281,CHMP4B
ZFP281,KDELR2
ZFP281,HIRIP3
ZFP281,MAN1A
ZFP281,FKBP9
ZFP281,GPX3
ZFP281,TAF2
ZFP281,HELB
ZFP281,ELL3
ZFP281,CRTC3
ZFP281,RBMXL2
ZFP281,PDE4DIP
ZFP281,SMARCAD1
ZFP281,MVB12B
ZFP281,ITPK1
ZFP281,MCRS1
ZFP281,ZFP459
ZFP281,HTATSF1
ZFP281,DNAJC10
ZFP281,KDELR1
ZFP281,PARVA
ZFP281,FAM114A1
ZFP281,ANXA4
ZFP281,SUPT6
ZFP281,HEATR1
ZFP281,BMP4
ZFP281,SMC1A
ZFP281,SFRP1
ZFP281,ALDH2
ZFP281,NFXL1
ZFP281,EPHA1
ZFP281,CAR2
ZFP281,SELENOM
ZFP281,POFUT2
ZFP281,VKORC1
ZFP281,KDM4C
ZFP281,ERP29
ZFP281,TM9SF3
ZFP281,TET1
ZFP281,ANK
ZFP281,OOEP
ZFP281,CHD7
ZFP281,N4BP3
ZFP281,CTSZ
ZFP281,CMKLR1
ZFP281,FGF3
ZFP281,RAB3IL1
ZFP281,ZFYVE21
ZFP281,GNG10
ZFP322A,NRF1
ZFP322A,ZFX
ZFP322A,KDELR1
ZFP322A,GLO1
ZFP322A,DDX21
ZFP322A,EIF2S2
ZFP322A,DDB1
ZFP384,NFXL1
ZFP384,TRAM1
ZFP384,CLTC
ZFP384,SAP30
ZFP384,GGA2
ZFP384,ZFP428
ZFP384,TXNDC12
ZFP384,HSPA4
ZFP384,TCOF1
ZFP384,HNRNPL
ZFP384,MYLPF
ZFP384,NIPBL
ZFP384,CNOT3
ZFP384,GLO1
ZFP384,HSP90AB1
ZFP384,TCF12
ZFP384,OGT
ZFP384,PDK1
ZFP384,SMARCA2
ZFP384,PKNOX1
ZFP384,NCOR2
ZFP384,SETD7
ZFP384,PDIA6
ZFP384,DCLK2
ZFP384,ELL
ZFP384,SRSF1
ZFP384,RDM1
ZFP384,MBNL2
ZFP384,NCOR1
ZFP384,CREBBP
ZFP384,UBTF
ZFP384,SUZ12
ZFP384,GNB2
ZFP384,SOD1
ZFP384,RCC2
ZFP384,PLOD3
ZFP384,CREB3
ZFP384,NASP
ZFP384,ETV5
ZFP384,TGIF1
ZFP384,SEC23A
ZFP384,PTP4A1
ZFP384,EHMT2
ZFP384,RAD23B
ZFP384,RNF2
ZFP384,PDIA3
ZFP384,NCAPH2
ZFP384,LMF2
ZFP384,SIRT6
ZFP384,ATF7IP
ZFP384,SUMO1
ZFP384,CXXC1
ZFP384,CBX5
ZFP384,CARHSP1
ZFP384,NONO
ZFP384,SPP1
ZFP384,SELENOS
ZFP384,MYC
ZFP384,CLCN5
ZFP384,CDC42SE2
ZFP384,MSL1
ZFP384,DNAJC3
ZFP384,CTBP2
ZFP384,DROSHA
ZFP384,SLC16A1
ZFP384,TMOD3
ZFP384,RBPMS2
ZFP384,TAF1
ZFP384,RTN3
ZFP384,DPY30
ZFP384,LEO1
ZFP384,PHC1
ZFP384,FRMD4A
ZFP384,RFFL
ZFP384,PITPNC1
ZFP384,MED23
ZFP384,ILK
ZFP384,SMC3
ZFP384,STAG2
ZFP384,TFRC
ZFP384,UTP14A
ZFP384,JARID2
ZFP384,LRPAP1
ZFP384,FHDC1
ZFP384,ITGA6
ZFP384,BTAF1
ZFP384,MCM2
ZFP384,AGPAT4
ZFP384,HNF1B
ZFP384,ITGB1
ZFP384,LRRC58
ZFP384,RIF1
ZFP384,ZBTB44
ZFP384,ZFX
ZFP384,HIRIP3
ZFP384,TRP53
ZFP384,SORD
ZFP384,MORC3
ZFP384,ACP6
ZFP384,L3MBTL3
ZFP384,MTF2
ZFP384,RYBP
ZFP384,TLE4
ZFP384,HELB
ZFP384,TMED2
ZFP384,KDM1A
ZFP384,RAB11A
ZFP384,ZFP57
ZFP384,BAZ1B
ZFP384,COPG1
ZFP384,DR1
ZFP384,DMAP1
ZFP384,FBXW8
ZFP384,SOAT1
ZFP384,EXT2
ZFP384,RAF1
ZFP384,ZFP143
ZFP384,SUPT5
ZFP384,TAF3
ZFP384,KANSL3
ZFP384,KMT2D
ZFP384,KDM5A
ZFP384,STAT3
ZFP384,SETX
ZFP384,NRF1
ZFP384,FRS2
ZFP384,KDM4C
ZFP384,SH3GLB1
ZFP384,KMT2C
ZFP384,DDOST
ZFP384,TCF3
ZFP384,ETV1
ZFP384,COPB1
ZFP384,TFE3
ZFP384,COBLL1
ZFP384,JAM2
ZFP384,CTSL
ZFP384,ADNP
ZFP384,SUMO2
ZFP384,POU5F1
ZFP384,CALM1
ZFP384,TSPAN9
ZFP384,SETD1A
ZFP384,ZMYND8
ZFP384,NAA10
ZFP384,PDGFRA
ZFP384,ARF5
ZFP384,NID1
ZFP384,TCEA3
ZFP384,NPM1
ZFP384,KAT8
ZFP384,FN1
ZFP384,TMED9
ZFP384,HSPB1
ZFP384,KDELR1
ZFP384,ZFP217
ZFP384,FNDC3B
ZFP384,TBRG1
ZFP384,NR5A2
ZFP384,STX3
ZFP384,GFPT2
ZFP384,BCLAF3
ZFP384,NODAL
ZFP384,E2F1
ZFP384,SARAF
ZFP384,GSR
ZFP384,FGFR4
ZFP384,UPP1
ZFP384,PIPOX
ZFP384,ZFP819
ZFP384,F3
ZFP384,TYRO3
ZFP384,ARID1A
ZFP384,TMEM144
ZFP384,PAFAH1B3
ZFP384,GLI1
ZFP384,BASP1
ZFP384,SERPINH1
ZFP384,KMT2B
ZFP384,GPC6
ZFP384,TBX3
ZFP384,SH3PXD2B
ZFP384,GHR
ZFP384,MYCN
ZFP384,ZFP532
ZFP384,SFRP1
ZFP384,GLI2
ZFP384,ZIC2
ZFP384,SALL1
ZFP384,FOXA2
ZFP384,OTX2
ZFP384,1700061G19RIK
ZFP384,GATA6
ZFP384,ZFP42
ZFP384,NOTCH4
ZFP42,NELFA
ZFP42,SELENOS
ZFP42,CBX5
ZFP42,POLE4
ZFP42,GFPT1
ZFP42,RRAS2
ZFP42,SUMO2
ZFP42,HIRA
ZFP42,ZFX
ZFP42,INO80
ZFP42,POU5F1
ZFP42,RAF1
ZFP42,ZFP143
ZFP42,YY1
ZFP42,HAP1
ZFP42,FRMD4A
ZFP42,KMT2D
ZFP42,RRN3
ZFP42,ZC3H11A
ZFP42,STAG1
ZFP42,GORASP2
ZFP42,NRF1
ZFP42,BRD2
ZFP42,MTF2
ZFP42,CDC42SE2
ZFP42,GTF3C1
ZFP42,TET2
ZFP42,XRCC5
ZFP42,TCF12
ZFP42,TAF3
ZFP42,ARID1A
ZFP42,MSH2
ZFP42,SARAF
ZFP42,E4F1
ZFP42,MPHOSPH8
ZFP42,NIPBL
ZFP42,STAG2
ZFP42,CLTC
ZFP42,HSP90AA1
ZFP42,NACC1
ZFP42,CALM1
ZFP42,ELOB
ZFP42,KDM1A
ZFP42,ADNP
ZFP42,SRSF1
ZFP42,YEATS4
ZFP42,ARPC2
ZFP42,SNX2
ZFP42,KCTD10
ZFP42,RAD23B
ZFP42,ZFP532
ZFP42,KAT8
ZFP42,SS18
ZFP42,KDM6A
ZFP42,HDLBP
ZFP42,LEO1
ZFP42,PHF5A
ZFP42,RAD21
ZFP42,ELL2
ZFP42,NFYB
ZFP42,HTATSF1
ZFP42,GLO1
ZFP42,CPD
ZFP42,ATP6V0A1
ZFP42,MAN1A2
ZFP42,HEATR1
ZFP42,CLCN5
ZFP42,MKRN1
ZFP42,AARS
ZFP42,TFRC
ZFP42,DDOST
ZFP42,NPM1
ZFP42,TAX1BP3
ZFP42,DKC1
ZFP42,OGT
ZFP42,SLC25A4
ZFP42,PNP
ZFP42,NFYC
ZFP42,UBA2
ZFP42,POFUT2
ZFP42,HCFC1
ZFP42,IMPDH2
ZFP42,PAF1
ZFP42,MORC3
ZFP42,RBBP7
ZFP42,TTC39B
ZFP42,WDR82
ZFP42,ZFP990
ZFP42,SMARCA5
ZFP42,ABHD5
ZFP42,SNURF
ZFP42,SNRPN
ZFP42,NCOR1
ZFP42,ZFP979
ZFP42,NSL1
ZFP42,TMED9
ZFP42,UBQLN2
ZFP42,SUPT6
ZFP42,TMEM214
ZFP42,SRSF2
ZFP42,NCAPH2
ZFP42,LMF2
ZFP42,FNDC3B
ZFP42,SUPT5
ZFP42,PTP4A1
ZFP42,DR1
ZFP42,HSP90AB1
ZFP42,SAP30
ZFP42,USP7
ZFP42,JARID2
ZFP42,APPBP2
ZFP42,ZMYND8
ZFP42,RBMXL2
ZFP42,COPG1
ZFP42,PRDX4
ZFP42,MYDGF
ZFP42,RBBP5
ZFP42,ADGRA2
ZFP42,HDAC2
ZFP42,TMEM30A
ZFP42,SH3GLB1
ZFP42,P3H1
ZFP42,RPN2
ZFP42,USP16
ZFP42,GTF2B
ZFP42,COLGALT1
ZFP42,OAT
ZFP42,ASPH
ZFP42,KDM2A
ZFP42,ARHGAP29
ZFP42,CLN6
ZFP42,ZBTB44
ZFP42,NR0B1
ZFP42,GDF3
ZFP42,JUN
ZFP42,FBXW8
ZFP42,BTAF1
ZFP42,TBRG1
ZFP42,SSR4
ZFP42,RTN3
ZFP42,MBD3
ZFP42,LRRC58
ZFP42,PDIA3
ZFP42,TBP
ZFP42,SMARCAD1
ZFP42,APEX1
ZFP42,XBP1
ZFP42,NONO
ZFP42,MYL6
ZFP42,EIF2S2
ZFP42,CHD1
ZFP42,ITGAV
ZFP42,DTX3L
ZFP42,SRI
ZFP42,NASP
ZFP42,SMARCA4
ZFP42,PRDX1
ZFP42,MCRS1
ZFP42,SEC23A
ZFP42,P4HB
ZFP42,EDEM1
ZFP42,SLC39A7
ZFP42,QSOX1
ZFP42,GALK1
ZFP42,RFFL
ZFP42,GFPT2
ZFP42,DMAP1
ZFP42,ATF7IP
ZFP42,SMC1A
ZFP42,OSBP
ZFP42,EP300
ZFP42,MED12
ZFP42,MED23
ZFP42,CXXC1
ZFP42,XPNPEP1
ZFP42,SMC3
ZFP42,HSPB1
ZFP42,PLEKHF2
ZFP42,KDM5A
ZFP42,COMMD3
ZFP42,SSR1
ZFP42,PDIA6
ZFP42,ARPC5
ZFP42,TMEM144
ZFP42,MMGT1
ZFP42,KANSL3
ZFP42,AEBP2
ZFP42,SAP18
ZFP42,NCAPD3
ZFP42,BRD9
ZFP42,ERAS
ZFP42,DPY30
ZFP42,LAMA1
ZFP42,KDM5B
ZFP42,ADAM10
ZFP42,MFSD1
ZFP42,SETD1A
ZFP42,KDELR2
ZFP42,ITGB1
ZFP42,HSF2BP
ZFP42,CALR
ZFP42,CBX7
ZFP42,TFCP2L1
ZFP42,LRPAP1
ZFP42,CDC16
ZFP42,TMED10
ZFP42,AMFR
ZFP42,SMARCC1
ZFP42,DICER1
ZFP42,GNB2
ZFP42,RBPJ
ZFP42,RASGRP2
ZFP42,CTCF
ZFP42,MEN1
ZFP42,KDM4C
ZFP42,MSL2
ZFP42,CRTC3
ZFP42,BAZ1B
ZFP42,PTPN21
ZFP42,GSR
ZFP42,BAG2
ZFP42,CBX3
ZFP42,TMEM9B
ZFP42,PRKAA2
ZFP42,PDCD6IP
ZFP42,NFYA
ZFP42,CTSD
ZFP42,EZH2
ZFP42,PCOLCE2
ZFP42,H13
ZFP42,PSEN1
ZFP42,DNAJC10
ZFP42,TRAM1
ZFP42,NODAL
ZFP42,SURF4
ZFP42,SLC9A6
ZFP42,PECAM1
ZFP42,KHDC3
ZFP42,DPF2
ZFP42,2410141K09RIK
ZFP42,ILDR1
ZFP42,MOB3B
ZFP42,ITGA6
ZFP42,FABP3
ZFP42,DERL1
ZFP42,DDB1
ZFP42,DARS
ZFP42,COBLL1
ZFP42,P4HA1
ZFP42,SPP1
ZFP42,HIRIP3
ZFP42,COPA
ZFP42,ATRX
ZFP42,PLOD2
ZFP42,CDC73
ZFP42,CAR2
ZFP42,EXT2
ZFP42,SEC11A
ZFP42,RRBP1
ZFP42,IRF2BPL
ZFP42,GGTA1
ZFP42,PHRF1
ZFP42,TNKS
ZFP42,MBNL2
ZFP42,USP28
ZFP42,SMARCA2
ZFP42,TGIF1
ZFP42,ERP29
ZFP42,MSH6
ZFP42,PITPNC1
ZFP42,FUT8
ZFP42,TIMP2
ZFP42,DCLK2
ZFP42,ZFP57
ZFP42,WDR5
ZFP42,MAPKAPK2
ZFP42,TMEM165
ZFP42,OTX2
ZFP42,ME1
ZFP42,LRRC59
ZFP42,HNRNPL
ZFP42,DUSP6
ZFP42,PWP1
ZFP42,LRRC34
ZFP42,RPN1
ZFP42,TMOD3
ZFP42,DROSHA
ZFP42,FKBP5
ZFP42,METTL3
ZFP42,CHST15
ZFP42,UTF1
ZFP42,PLA2G15
ZFP42,SERBP1
ZFP42,FLRT3
ZFP42,BMPER
ZFP42,MSL3
ZFP42,KMT2C
ZFP42,ILK
ZFP42,TMED3
ZFP42,SUMO1
ZFP42,CHMP4B
ZFP42,SETD7
ZFP42,PIPOX
ZFP42,GGA2
ZFP42,COPB1
ZFP42,ZYX
ZFP42,ZIC3
ZFP42,SLC16A1
ZFP42,MED26
ZFP42,MAP1A
ZFP42,FKBP9
ZFP42,F3
ZFP42,CPOX
ZFP42,ARF1
ZFP42,RNF2
ZFP42,PLOD3
ZFP42,FBXO22
ZFP42,B4GALNT4
ZFP42,TCF15
ZFP42,RNF138
ZFP42,ARF4
ZFP42,TCOF1
ZFP42,ACP6
ZFP42,LMNB1
ZFP42,LAMB1
ZFP42,B2M
ZFP42,KDM2B
ZFP42,CTSL
ZFP42,CCDC88C
ZFP42,RAP1GDS1
ZFP42,KAT5
ZFP42,GNG10
ZFP42,FBRSL1
ZFP42,TAF2
ZFP42,SDCBP
ZFP42,OSTC
ZFP42,NCAPG
ZFP42,MSX2
ZFP42,GLDC
ZFP42,FGF10
ZFP42,BAZ1A
ZFP42,TDH
ZFP42,SLC39A8
ZFP42,NIPSNAP1
ZFP42,LAMC1
ZFP42,GHR
ZFP42,FHDC1
ZFP42,EED
ZFP42,DUSP9
ZFP42,SPNS2
ZFP42,SUZ12
ZFP42,PXDN
ZFP42,GDPD5
ZFP42,WDR11
ZFP42,HMGA1B
ZFP42,HMGA1
ZFP42,RIF1
ZFP42,LAMP1
ZFP42,BRD4
ZFP42,TLE4
ZFP42,SMAD1
ZFP42,GCNT1
ZFP42,ENOX1
ZFP42,CST3
ZFP42,SSR3
ZFP42,PDIA5
ZFP42,MYMX
ZFP42,JAM2
ZFP42,BMPR2
ZFP42,REEP5
ZFP42,CHD4
ZFP42,ACBD3
ZFP42,UTP14A
ZFP42,TFE3
ZFP42,SNX7
ZFP42,PTOV1
ZFP42,MAPK8
ZFP42,KLF5
ZFP42,ELL
ZFP42,ZIC2
ZFP42,MYC
ZFP42,MED1
ZFP42,IKBIP
ZFP42,APAF1
ZFP42,DDX21
ZFP42,MYBL2
ZFP42,KDELC2
ZFP42,CDC5L
ZFP42,TXNDC5
ZFP42,SEC24A
ZFP42,RDM1
ZFP42,PHLDB2
ZFP42,HELB
ZFP42,ETV5
ZFP42,RYBP
ZFP42,RER1
ZFP42,HIP1
ZFP42,CDK7
ZFP42,LRP2
ZFP42,DGCR8
ZFP42,MAX
ZFP42,IER2
ZFP42,SOX2
ZFP42,SMAD3
ZFP42,SETDB1
ZFP42,SELENOW
ZFP42,P3H2
ZFP42,MBD2
ZFP42,HS3ST1
ZFP42,CDK8
ZFP42,ARHGEF5
ZFP42,KLF2
ZFP42,MARC2
ZFP42,SUPT16
ZFP42,ZFP459
ZFP42,NUP210
ZFP42,CBX2
ZFP42,TAF1
ZFP42,GNPTAB
ZFP42,DCTPP1
ZFP42,CTBP2
ZFP42,SOD1
ZFP42,KLF4
ZFP42,B4GALT1
ZFP42,BMI1
ZFP42,ATP6V0E
ZFP42,FST
ZFP42,DNAJC3
ZFP42,CERS4
ZFP42,ZFP710
ZFP42,IFITM2
ZFP42,GOT1
ZFP42,GMNN
ZFP42,FUT9
ZFP42,STT3A
ZFP42,RETREG1
ZFP42,PDK1
ZFP42,PATJ
ZFP42,NMNAT2
ZFP42,GNAI3
ZFP42,BEND5
ZFP42,VAMP8
ZFP42,TCL1
ZFP42,PDE4DIP
ZFP42,TUBB2B
ZFP42,TPM4
ZFP42,GSTA4
ZFP42,EPHA1
ZFP42,DAB2
ZFP42,ADAM19
ZFP42,PHF19
ZFP42,NANOG
ZFP42,IGFBP2
ZFP42,FN1
ZFP42,ZFP217
ZFP42,PPIB
ZFP42,LGALS3
ZFP42,GALNT7
ZFP42,FOXH1
ZFP42,DAP
ZFP42,CALU
ZFP42,PARP1
ZFP42,LAMB2
ZFP42,CTSZ
ZFP42,NAA10
ZFP42,GNS
ZFP42,COTL1
ZFP42,AP2A2
ZFP42,ANK
ZFP42,SIN3A
ZFP42,ZFP819
ZFP42,CDH6
ZFP42,ZCCHC24
ZFP42,FZD5
ZFP42,EP400
ZFP42,SOAT1
ZFP42,ADAM23
ZFP42,TMED2
ZFP42,RBPMS2
ZFP42,LPAR2
ZFP42,TRIM28
ZFP42,PKNOX1
ZFP42,SMAD2
ZFP42,RAB11A
ZFP42,TM9SF3
ZFP42,SET
ZFP42,PHC1
ZFP42,FGFR4
ZFP42,ARHGAP1
ZFP42,PARVA
ZFP42,MAN1A
ZFP42,DUSP27
ZFP42,ALPL
ZFP57,SNURF
ZFP57,SNRPN
ZFP57,H13
ZFP57,NCAPD3
ZFP57,PDE4DIP
ZFP57,RER1
ZFP57,FRMD4A
ZFP57,GXYLT1
ZFP57,HDAC3
ZFP57,PXDN
ZFP57,RPN1
ZFP57,PWP1
ZFP57,GNS
ZFP57,SARAF
ZFP57,KHDC3
ZFP57,CPD
ZFP57,LAMC1
ZFP57,DERL1
ZFP57,GGA2
ZFP57,P3H1
ZFP57,FUT8
ZFP57,CST3
ZFP57,SPOCK1
ZFP57,TIMP2
ZFP57,RBPMS2
ZFP57,MARC2
ZFP57,FGF4
ZFP57,REEP5
ZFP57,B4GALNT4
ZFP57,PHF5A
ZFP57,MKRN1
ZFP57,USP28
ZFP57,IGFBP2
ZFP57,RAB3IL1
ZFP57,ASPH
ZFP57,B4GALT1
ZFP57,HEATR1
ZFP57,THAP11
ZFP57,SEC24A
ZFP57,NELFA
ZFP57,SS18
ZFP57,PDCD6IP
ZFP57,CTDSPL
ZFP57,ZFP819
ZFP57,ADAM19
ZFP57,CPOX
ZFP57,SLC16A1
ZFP57,SALL4
ZFP57,CTSZ
ZFP57,APP
ZFP57,SH3PXD2B
ZFP57,LRP2
ZFP57,SRI
ZFP57,RBMXL2
ZFP57,GFPT1
ZFP57,APEX1
ZFP57,NFYA
ZFP57,SETDB1
ZFP57,STT3A
ZFP57,GNA12
ZFP57,STAT3
ZFP57,KCTD10
ZFP57,COPB1
ZFP57,CALM1
ZFP57,ANK
ZFP57,VKORC1
ZFP57,TAF3
ZFP57,DDOST
ZFP57,PHC1
ZFP57,KLF5
ZFP57,GSN
ZFP57,TMEM165
ZFP57,SEMA4C
ZFP57,PCBD1
ZFP57,GLDC
ZFP57,EP400
ZFP57,SERBP1
ZFP57,ARHGEF28
ZFP57,MOV10
ZFP57,TCF15
ZFP57,CBX8
ZFP57,MAX
ZFP57,TFRC
ZFP57,CDK8
ZFP57,PARD6B
ZFP57,EDEM1
ZFP57,FAM129B
ZFP57,ZFHX3
ZFP57,UTF1
ZFP57,GLO1
ZFP57,ETV4
ZFP57,MFSD1
ZFP57,ALPL
ZFP57,SLC39A8
ZFP57,SHTN1
ZFP57,GNG10
ZFP57,SMC3
ZFP57,PHRF1
ZFP57,KMT2C
ZFP57,ARF4
ZFP57,ADNP
ZFP57,SOD1
ZFP57,SLC15A1
ZFP57,HIRA
ZFP57,SELENOS
ZFP57,MED26
ZFP57,GORASP2
ZFP57,RRN3
ZFP57,HSPA4
ZFP57,CLTC
ZFP57,SPNS2
ZFP57,HSPG2
ZFP57,PDIA3
ZFP57,CRYAB
ZFP57,TMEM30A
ZFP57,ZBTB44
ZFP57,GCNT1
ZFP57,L1TD1
ZFP57,GTF2B
ZFP57,ARHGAP29
ZFP57,SIN3A
ZFP57,SNX2
ZFP57,GLIPR2
ZFP57,RAP1GDS1
ZFP57,P3H2
ZFP57,FKBP9
ZFP57,COLGALT1
ZFP57,ACP6
ZFP57,ESRRB
ZFP57,TPD52
ZFP57,P4HA2
ZFP57,LAMA1
ZFP57,HSP90AA1
ZFP57,ACBD3
ZFP57,QSOX1
ZFP57,ITGA6
ZFP57,FAM114A1
ZFP57,TCF12
ZFP57,LAMP1
ZFP57,E2F1
ZFP57,BAG2
ZFP57,TTC39B
ZFP57,OPLAH
ZFP57,ERP29
ZFP57,CEMIP
ZFP57,RPN2
ZFP57,ITPK1
ZFP57,CHMP4B
ZFP57,SOX2
ZFP57,FBRSL1
ZFP57,TRIM28
ZFP57,STAG1
ZFP57,SLC35F5
ZFP57,TGFBR3
ZFP57,SFRP1
ZFP57,RUVBL1
ZFP57,ILDR1
ZFP57,IKBIP
ZFP57,APAF1
ZFP57,PDK1
ZFP57,FBXO22
ZFP57,2200002D01RIK
ZFP57,ALDH2
ZFP57,ABHD5
ZFP57,SELENOM
ZFP57,RAF1
ZFP57,GNPTAB
ZFP57,RNF138
ZFP57,RCOR1
ZFP57,TXNDC5
ZFP57,HS3ST1
ZFP57,DR1
ZFP57,CDC42SE2
ZFP57,SMARCA5
ZFP57,AMFR
ZFP57,TMEM214
ZFP57,LYN
ZFP57,COTL1
ZFP57,PDIA6
ZFP57,SH3GLB1
ZFP57,SAP30
ZFP57,HDLBP
ZFP57,KDELR2
ZFP57,VAMP3
ZFP57,CBX1
ZFP57,ADGRA2
ZFP57,KAT6B
ZFP57,AEBP2
ZFP57,HSPB1
ZFP57,CBX2
ZFP57,UPP1
ZFP57,NUCB1
ZFP57,NASP
ZFP57,RARA
ZFP57,WDR11
ZFP57,CRTC3
ZFP57,YY1
ZFP57,RBPJ
ZFP57,PKNOX1
ZFP57,FBXW8
ZFP57,SUMO2
ZFP57,POFUT2
ZFP57,CCDC88C
ZFP57,DROSHA
ZFP57,RAB2A
ZFP57,GNAS
ZFP57,SIK1
ZFP57,MVB12B
ZFP57,TMOD3
ZFP57,DUSP6
ZFP57,COL27A1
ZFP57,MORC3
ZFP57,DNAJC10
ZFP57,TEX264
ZFP57,HAP1
ZFP57,DAXX
ZFP57,GMNN
ZFP57,BRD4
ZFP57,SAP18
ZFP57,MAFK
ZFP57,TAX1BP3
ZFP57,CREB3L2
ZFP57,TAF2
ZFP57,EMP2
ZFP57,RRBP1
ZFP57,NOS3
ZFP57,CCND1
ZFP57,UBA2
ZFP57,PHLDB2
ZFP57,KDM2A
ZFP57,CDK9
ZFP57,XPNPEP1
ZFP57,NACC1
ZFP57,GPC6
ZFP57,DPF2
ZFP57,CHST15
ZFP57,MSX2
ZFP57,BAZ1B
ZFP57,SUPT5
ZFP57,SMYD2
ZFP57,MAN1A
ZFP57,CNOT3
ZFP57,LRRC58
ZFP57,ITGAV
ZFP57,GNAI3
ZFP57,FGF3
ZFP57,ANXA4
ZFP57,KDELC2
ZFP57,ZFP532
ZFP57,LRRC59
ZFP57,CKAP4
ZFP57,CAR2
ZFP57,TCEA3
ZFP57,SEC23A
ZFP57,PAF1
ZFP57,OAT
ZFP57,MAPK8
ZFP57,EPHA1
ZFP57,CTSL
ZFP57,KDM4C
ZFP57,ARPC2
ZFP57,SETX
ZFP57,MSL2
ZFP57,MSH2
ZFP57,TPM4
ZFP57,DMAP1
ZFP57,BEND5
ZFP57,ZIC2
ZFP57,PDIA5
ZFP57,ANP32A
ZFP57,MYBL2
ZFP57,MTA2
ZFP57,CHD7
ZFP57,GTF3C1
ZFP57,ERF
ZFP57,NSL1
ZFP57,COBL
ZFP57,CDC16
ZFP57,TDG
ZFP57,SMARCC1
ZFP57,EZH2
ZFP57,IHH
ZFP57,TGIF1
ZFP57,RIF1
ZFP57,MYH9
ZFP57,BMPER
ZFP57,ZMYND8
ZFP57,TDH
ZFP57,PATJ
ZFP57,MTF2
ZFP57,LMNB1
ZFP57,FGF10
ZFP57,DNMT3B
ZFP57,ARL8A
ZFP57,SMARCAD1
ZFP57,TBP
ZFP57,BMP1
ZFP57,SLC7A6
ZFP57,NUP210
ZFP57,NFXL1
ZFP57,ADAM10
ZFP57,ACTL6A
ZFP57,PLEKHF2
ZFP57,NOTUM
ZFP57,PAFAH1B3
ZFP57,CHD4
ZFP57,RRAS2
ZFP57,RAD21
ZFP57,ITGB1
ZFP57,STARD10
ZFP57,SDCBP
ZFP57,RPP25
ZFP57,PLA2G15
ZFP57,BRD9
ZFP57,RAB11A
ZFP57,NPM1
ZFP57,XBP1
ZFP57,RETREG1
ZFP57,PTH1R
ZFP57,PITPNC1
ZFP57,TMEM9B
ZFP57,MPHOSPH8
ZFP57,KDM2B
ZFP57,FHDC1
ZFP57,DUSP9
ZFP57,COL4A2
ZFP57,COL4A1
ZFP57,PSEN1
ZFP57,NCAPG
ZFP57,GGTA1
ZFP57,DDB1
ZFP57,UBQLN2
ZFP57,SELENOW
ZFP57,LTBP4
ZFP57,TMED2
ZFP57,SMAD1
ZFP57,P3H4
ZFP57,HDAC2
ZFP57,SURF4
ZFP57,MYLPF
ZFP57,KDELR3
ZFP57,EPOP
ZFP57,MPRIP
ZFP57,LGALS3
ZFP57,ZFP384
ZFP57,SEC24D
ZFP57,CD63
ZFP57,P4HB
ZFP57,NODAL
ZFP57,NIPSNAP1
ZFP57,L3MBTL3
ZFP57,DNAJC3
ZFP57,KDM1A
ZFP57,FRS2
ZFP57,USP7
ZFP57,TMEM59
ZFP57,ENOX1
ZFP57,SETD7
ZFP57,NFYC
ZFP57,ZFP217
ZFP57,TMBIM6
ZFP57,RFFL
ZFP57,REST
ZFP57,PRDX1
ZFP57,N4BP3
ZFP57,ILK
ZFP57,ELOB
ZFP57,AP2A2
ZFP57,RAD23B
ZFP57,PRKAA2
ZFP57,CARHSP1
ZFP57,ZFP143
ZFP57,MSL1
ZFP57,MEN1
ZFP57,KLF4
ZFP57,GDPD5
ZFP57,COMMD3
ZFP57,AMPD2
ZFP57,AKT1
ZFP57,SSR1
ZFP57,KRT8
ZFP57,GLI2
ZFP57,ZCCHC24
ZFP57,IER2
ZFP57,USP16
ZFP57,TRAM1
ZFP57,TMED10
ZFP57,PHF19
ZFP57,MYMX
ZFP57,SRSF2
ZFP57,PTP4A1
ZFP57,CTCF
ZFP57,ARF1
ZFP57,CBFA2T2
ZFP57,PTPN14
ZFP57,LDLRAP1
ZFP57,KLF2
ZFP57,EP300
ZFP57,PLOD1
ZFP57,NRF1
ZFP57,GPX3
ZFP57,COL18A1
ZFP57,ARPC5
ZFP57,VSIR
ZFP57,FOXH1
ZFP57,FGFR1
ZFP57,AFF3
ZFP57,MED23
ZFP57,ELL
ZFP57,DOCK5
ZFP57,ARHGEF5
ZFP57,TIMP3
ZFP57,PARVA
ZFP57,OBSL1
ZFP57,EVA1A
ZFP57,ELL2
ZFP57,ANO10
ZFP57,CALR
ZFP57,NID1
ZFP57,IMPDH2
ZFP57,ETV5
ZFP57,TMED3
ZFP57,SET
ZFP57,MAPKAPK2
ZFP57,CDC5L
ZFP57,SLC25A4
ZFP57,RYBP
ZFP57,TM9SF3
ZFP57,TET3
ZFP57,PLOD2
ZFP57,CHCHD10
ZFP57,TNKS
ZFP57,TET1
ZFP57,SRSF1
ZFP57,SOAT1
ZFP57,PARP1
ZFP57,NMNAT2
ZFP57,MAP1A
ZFP57,KDM5A
ZFP57,SNX7
ZFP57,PURB
ZFP57,FKBP5
ZFP57,EED
ZFP57,DARS
ZFP57,CHD1
ZFP57,ZIC3
ZFP57,SUMO1
ZFP57,PDGFRA
ZFP57,CTBP2
ZFP57,BAZ2A
ZFP57,ALG13
ZFP57,TYRO3
ZFP57,KAT5
ZFP57,BNC2
ZFP57,DRAM1
ZFP57,DCLK2
ZFP57,CMKLR1
ZFP57,ARFGAP1
ZFP57,TLE4
ZFP57,NIPBL
ZFP57,RNF2
ZFP57,PCGF2
ZFP57,NR4A1
ZFP57,GALNT7
ZFP57,PCOLCE2
ZFP57,KAT8
ZFP57,TMED9
ZFP57,PFKP
ZFP57,KDM5B
ZFP57,LRPAP1
ZFP57,HSP90AB1
ZFP57,TFCP2L1
ZFP57,TENM4
ZFP57,SLC39A7
ZFP57,CBX7
ZFP57,ADAM23
ZFP57,APPBP2
ZFP57,SUPT16
ZFP57,RXRA
ZFP57,SSR3
ZFP57,PPIB
ZFP57,MAN1A2
ZFP57,KMT2B
ZFP57,F3
ZFP57,ZFP322A
ZFP57,TET2
ZFP57,PRSS35
ZFP57,POLE4
ZFP57,MSH6
ZFP57,FN1
ZFP57,FBLIM1
ZFP57,EIF2S2
ZFP57,ATF7IP
ZFP57,HDAC1
ZFP57,GSR
ZFP57,CREBBP
ZFP57,CALU
ZFP57,BASP1
ZFP57,TALDO1
ZFP57,PRKCE
ZFP57,GALK1
ZFP57,WDR5
ZFP57,SMAD3
ZFP57,CTR9
ZFP57,EFEMP2
ZFP57,DPY30
ZFP57,ZFX
ZFP57,SMAD2
ZFP57,RANBP17
ZFP57,FNDC3B
ZFP57,ZFP428
ZFP57,GFPT2
ZFP57,JUN
ZFP57,P4HA1
ZFP57,NR0B1
ZFP57,MOB3B
ZFP57,MCAM
ZFP57,LEO1
ZFP57,CDC73
ZFP57,ATRX
ZFP57,IFITM2
ZFP57,FABP3
ZFP57,ARID1A
ZFP57,DDX21
ZFP57,WDR82
ZFP57,COBLL1
ZFP57,ZYX
ZFP57,ZFP710
ZFP57,ME1
ZFP57,DAP
ZFP57,LAMB2
ZFP57,NCOR1
ZFP57,MCM2
ZFP57,ZFP281
ZFP57,TGOLN1
ZFP57,RTN3
ZFP57,MED1
ZFP57,MDN1
ZFP57,EPAS1
ZFP57,CDH6
ZFP57,FOXA2
ZFP57,TMEM150A
ZFP57,LRRC34
ZFP57,LAMB1
ZFP57,ZFYVE21
ZFP57,RARG
ZFP57,TSPAN9
ZFP57,NCOR2
ZFP57,JAM2
ZFP57,ARFIP1
ZFP57,UBTF
ZFP57,APOBEC3
ZFP57,YEATS4
ZFP57,STX3
ZFP57,SSR4
ZFP57,HELB
ZFP57,GHR
ZFP57,ELL3
ZFP57,BTAF1
ZFP57,BCLAF3
ZFP57,ARID3A
ZFP57,HNRNPL
ZFP57,FUT9
ZFP57,SHF
ZFP57,DTX1
ZFP57,INO80
ZFP57,ATP6V0E
ZFP57,PLOD3
ZFP57,KLHDC3
ZFP57,CBX3
ZFP57,ZBTB2
ZFP57,BMPR2
ZFP57,DICER1
ZFP57,TGIF2
ZIC2,POU5F1
ZIC2,ADGRA2
ZIC2,MPHOSPH8
ZIC2,RIF1
ZIC2,MBD3
ZIC2,RASGRP2
ZIC2,TPD52
ZIC2,LAMA1
ZIC2,IFITM1
ZIC2,TLE4
ZIC2,SET
ZIC2,BRD2
ZIC2,CHST15
ZIC2,SUZ12
ZIC2,CHD7
ZIC2,SOX2
ZIC2,PDGFRA
ZIC2,UPP1
ZIC2,SALL4
ZIC2,TCEA3
ZIC2,PAFAH1B3
ZIC2,HMGA1B
ZIC2,HMGA1
ZIC2,FNDC3B
ZIC2,HSPB1
ZIC2,SLC15A1
ZIC2,CD63
ZIC2,ARHGEF5
ZIC2,BAZ1B
ZIC2,SAP18
ZIC2,ADNP
ZIC2,ACP6
ZIC2,MOV10
ZIC2,CHD1
ZIC2,CST3
ZIC2,HDLBP
ZIC2,HSP90AB1
ZIC2,P3H1
ZIC2,TFE3
ZIC2,RBBP7
ZIC2,LPAR2
ZIC2,NANOG
ZIC2,OPLAH
ZIC2,APP
ZIC2,OBSL1
ZIC2,GALK1
ZIC2,HIP1
ZIC2,PHF19
ZIC2,DMAP1
ZIC2,IMPDH2
ZIC2,RRBP1
ZIC2,TDH
ZIC2,MED26
ZIC2,MSH6
ZIC2,LRRC34
ZIC2,NACC1
ZIC2,GABBR1
ZIC2,FN1
ZIC2,ZFP532
ZIC2,2410141K09RIK
ZIC2,PDIA3
ZIC2,HDAC1
ZIC2,PTPN14
ZIC2,B4GALT1
ZIC2,PHC1
ZIC2,RBPJ
ZIC2,ELL2
ZIC2,USP16
ZIC2,ZFP143
ZIC2,PDK1
ZIC2,MED12
ZIC2,REEP5
ZIC2,XBP1
ZIC2,CTBP2
ZIC2,BEND5
ZIC2,CLTC
ZIC2,PIPOX
ZIC2,MYL6
ZIC2,TMED3
ZIC2,FGF4
ZIC2,ZFP710
ZIC2,MKRN1
ZIC2,KDELR1
ZIC2,MOB3B
ZIC2,SMARCA4
ZIC2,ILDR1
ZIC2,FUT9
ZIC2,GGTA1
ZIC2,HIRA
ZIC2,DAXX
ZIC2,SRSF2
ZIC2,IRF2BPL
ZIC2,DNAJC10
ZIC2,MTF2
ZIC2,KDM4A
ZIC2,ZFHX3
ZIC2,L1TD1
ZIC2,AKT1
ZIC2,UBTF
ZIC2,HSPA4
ZIC2,CALU
ZIC2,SLC39A7
ZIC2,KLF4
ZIC2,ESRRB
ZIC2,KLF5
ZIC2,CBX3
ZIC2,KRT42
ZIC2,E2F1
ZIC2,PCOLCE2
ZIC2,CTSL
ZIC2,KMT2C
ZIC2,SERPINH1
ZIC2,LAMB1
ZIC2,SRSF1
ZIC2,CREB3
ZIC2,RARA
ZIC2,SIN3A
ZIC2,PWP1
ZIC2,MAPK8
ZIC2,EHMT2
ZIC2,UBA2
ZIC2,NELFA
ZIC2,TYRO3
ZIC2,RYBP
ZIC2,P4HB
ZIC2,TGIF2
ZIC2,SEC24D
ZIC2,ARPC5
ZIC2,RNF138
ZIC2,RETREG1
ZIC2,NR5A2
ZIC2,YY1
ZIC2,LAMB2
ZIC2,VSIR
ZIC2,SPNS2
ZIC2,GNAI3
ZIC2,PFKP
ZIC2,SOAT1
ZIC2,KMT2D
ZIC2,ITGAV
ZIC2,MAPKAPK2
ZIC2,ARFIP1
ZIC2,GFPT2
ZIC2,TET2
ZIC2,KDM2B
ZIC2,GOT1
ZIC2,ADAM19
ZIC2,SMAD3
ZIC2,SARAF
ZIC2,GSR
ZIC2,SETDB1
ZIC2,ZFP217
ZIC2,EFEMP2
ZIC2,FBLIM1
ZIC2,ACBD3
ZIC2,LRP2
ZIC2,TFRC
ZIC2,ERF
ZIC2,BMPER
ZIC2,PATJ
ZIC3,POU5F1
ZIC3,RIF1
ZIC3,ADGRA2
ZIC3,LAMA1
ZIC3,KDM2B
ZIC3,SALL4
ZIC3,TPD52
ZIC3,KMT2C
ZIC3,FNDC3B
ZIC3,OPLAH
ZIC3,CBX3
ZIC3,TCL1
ZIC3,CST3
ZIC3,HSPB1
ZIC3,SOX2
ZIC3,NACC1
ZIC3,UBTF
ZIC3,SET
ZIC3,MSH6
ZIC3,MPHOSPH8
ZIC3,ZFP217
ZIC3,TCEA3
ZIC3,APP
ZIC3,DMAP1
ZIC3,MOV10
ZIC3,RBPJ
ZIC3,REST
ZIC3,PATJ
ZIC3,GABBR1
ZIC3,HIP1
ZIC3,P3H1
ZIC3,UPP1
ZIC3,COL27A1
ZIC3,SEC24D
ZIC3,RETREG1
ZIC3,2410141K09RIK
ZIC3,NANOG
ZIC3,MBD3
ZIC3,ADNP
ZIC3,KLF5
ZIC3,RASGRP2
ZIC3,HSP90AB1
ZIC3,TIMP2
ZIC3,CHD1
ZIC3,PIPOX
ZIC3,KAT6B
ZIC3,CHST15
ZIC3,FGF4
ZIC3,TDH
ZIC3,RBBP7
ZIC3,MCAM
ZIC3,IMPDH2
ZIC3,CD63
ZIC3,PDGFRA
ZIC3,HMGA1B
ZIC3,HMGA1
ZIC3,DAXX
ZIC3,HDAC1
ZIC3,SSR1
ZIC3,SUZ12
ZIC3,L1TD1
ZIC3,PDK1
ZIC3,BAZ1B
ZIC3,B4GALT1
ZIC3,ERF
ZIC3,SIN3A
ZIC3,LPAR2
ZIC3,BNC2
ZIC3,ZFP710
ZIC3,ZFP532
ZIC3,FBXO22
ZIC3,LRP2
ZIC3,SLC39A7
ZIC3,PFKP
ZIC3,CHCHD10
ZIC3,XBP1
ZIC3,TUBB2B
ZIC3,SPP1
ZIC3,PAFAH1B3
ZIC3,DOCK5
ZIC3,TLE4
ZIC3,HDLBP
ZIC3,LRRC34
ZIC3,UBA2
ZIC3,PDIA5
ZIC3,KANSL3
ZIC3,MTA2
ZIC3,KDM6B
ZIC3,SAP18
ZIC3,ACP6
ZIC3,PTPN14
ZIC3,MED26
ZIC3,ANP32A
ZIC3,TFRC
ZIC3,FN1
ZIC3,FBLIM1
ZIC3,ARPC5
ZIC3,LAMB1
ZIC3,MAPK8
ZIC3,COBL
ZIC3,SRSF1
ZIC3,MAX
ZIC3,SPNS2
ZIC3,HDAC2
ZIC3,PRDM14
ZIC3,GSN
ZIC3,FUT9
ZIC3,BRD2
ZIC3,TSPAN9
ZIC3,PLEKHF2
ZIC3,MAPKAPK2
ZIC3,DUSP9
ZIC3,ZFHX3
ZIC3,STAG1
ZIC3,DPY30
ZIC3,DNAJC10
ZIC3,MED23
ZIC3,RYBP
ZIC3,MBD2
ZIC3,FABP3
ZIC3,NCAPD3
ZIC3,FBRSL1
ZIC3,MYLPF
ZIC3,GALK1
ZIC3,NR5A2
ZIC3,TYRO3
ZIC3,USP16
ZIC3,CTSL
ZIC3,CLTC
ZIC3,CALM1
ZIC3,NSL1
ZIC3,ETV4
ZIC3,ACBD3
ZIC3,RARG
ZIC3,CDC73
ZIC3,PCOLCE2
ZIC3,LAMC1
ZIC3,DICER1
ZIC3,MTF2
ZIC3,CAR2
ZIC3,RTN3
ZIC3,VSIR
ZIC3,RCC2
ZMYND8,HDAC2
ZMYND8,ADNP
ZMYND8,USP16
ZMYND8,LRRC59
ZMYND8,RDM1
ZMYND8,SMARCA5
ZMYND8,FBXW8
ZMYND8,ZFP428
ZMYND8,MTF2
ZMYND8,MBD3
ZMYND8,CALM1
ZMYND8,DDOST
ZMYND8,PLOD2
ZMYND8,MFSD1
ZMYND8,FBXO22
ZMYND8,EED
ZMYND8,SS18
ZMYND8,TMED3
ZMYND8,MAN1A2
ZMYND8,TM9SF3
ZMYND8,CDC16
ZMYND8,PHRF1
ZMYND8,DGCR8
ZMYND8,NCOR1
ZMYND8,MDN1
ZMYND8,MED23
ZMYND8,GNB2
ZMYND8,BAG2
ZMYND8,RBMXL2
ZMYND8,SELENOW
ZMYND8,HSF2BP
ZMYND8,ARF4
ZMYND8,RPN2
ZMYND8,TRAM1
ZMYND8,DMAP1
ZMYND8,DDX21
ZMYND8,KANSL3
ZMYND8,PKNOX1
ZMYND8,SMC3
ZMYND8,CLTC
ZMYND8,SIRT6
ZMYND8,GTF3C1
ZMYND8,ARFGAP1
ZMYND8,EP400
ZMYND8,ARID3A
ZMYND8,COL4A2
ZMYND8,COL4A1
ZMYND8,CMKLR1
ZMYND8,NPM1
ZMYND8,WDR11
ZMYND8,KAT5
ZMYND8,PTPN21
CHD1,ASPH
CHD1,ATP6V0A1
CHD1,CBX5
CHD1,CBX7
CHD1,CREB3L2
CHD1,CTSL
CHD1,DDB1
CHD1,DPF2
CHD1,DUSP6
CHD1,EP300
CHD1,ETV1
CHD1,FGD1
CHD1,GCNT2
CHD1,GNA12
CHD1,GNB2
CHD1,GSTA4
CHD1,HAP1
CHD1,HEXIM1
CHD1,HIRIP3
CHD1,HSPA4
CHD1,IER2
CHD1,IFITM2
CHD1,LRPAP1
CHD1,LRRC34
CHD1,LTBP4
CHD1,MBD3
CHD1,MBNL2
CHD1,MED1
CHD1,MSH6
CHD1,MTF2
CHD1,MYBL2
CHD1,NASP
CHD1,NCAPH2
CHD1,OGT
CHD1,PCGF2
CHD1,PHC1
CHD1,PML
CHD1,PRDX1
CHD1,PSEN1
CHD1,PTPN21
CHD1,RAD21
CHD1,RIF1
CHD1,RRAS2
CHD1,SEC23A
CHD1,SERBP1
CHD1,SOX2
CHD1,SPP1
CHD1,SUMO2
CHD1,TBRG1
CHD1,TGIF1
CHD1,TLE4
CHD1,TMED10
CHD1,TMED9
CHD1,TNKS
CHD1,TRIM28
CHD1,TXNDC12
CHD1,USP16
CHD1,UTF1
CHD1,VAMP3
CHD1,XPNPEP1
CHD1,XRCC5
CHD1,ZFP143
CHD1,ZFP819
CHD7,BMP4
CHD7,DKC1
CHD7,STAG2
CHD7,TIMP3
CNOT3,ABHD5
CNOT3,APOBEC3
CNOT3,ARF4
CNOT3,ARPC5
CNOT3,B4GALT1
CNOT3,BMP1
CNOT3,BMPER
CNOT3,BMPR2
CNOT3,BNC2
CNOT3,CALM1
CNOT3,CBX8
CNOT3,CDC5L
CNOT3,COL18A1
CNOT3,COL27A1
CNOT3,COL4A1
CNOT3,COL4A2
CNOT3,DAXX
CNOT3,DGCR8
CNOT3,FGF3
CNOT3,FKBP5
CNOT3,FNDC3B
CNOT3,GGA2
CNOT3,GNAS
CNOT3,GORASP2
CNOT3,GOT1
CNOT3,GTF3C1
CNOT3,HMGA1
CNOT3,IHH
CNOT3,ITGAV
CNOT3,ITGB1
CNOT3,KLF4
CNOT3,KLF5
CNOT3,LDLRAP1
CNOT3,LRRC58
CNOT3,MSH6
CNOT3,MTF2
CNOT3,MYBL2
CNOT3,NCAPD3
CNOT3,NCOR1
CNOT3,NFYC
CNOT3,NIPBL
CNOT3,P4HB
CNOT3,PCGF2
CNOT3,PDCD6IP
CNOT3,PDIA3
CNOT3,PLOD1
CNOT3,PPIB
CNOT3,PRDX1
CNOT3,RAD23B
CNOT3,RAF1
CNOT3,RER1
CNOT3,RFFL
CNOT3,RNF2
CNOT3,RYBP
CNOT3,SALL1
CNOT3,SAP18
CNOT3,SAP30
CNOT3,SERBP1
CNOT3,SETDB1
CNOT3,SIN3A
CNOT3,SLC35F5
CNOT3,SMYD2
CNOT3,SS18
CNOT3,STAG1
CNOT3,STAT3
CNOT3,TCF12
CNOT3,TLE4
CNOT3,TMED10
CNOT3,TMEM30A
CNOT3,TPM4
CNOT3,TRP53
CNOT3,TYRO3
CNOT3,USP16
CNOT3,YY1
CNOT3,ZBTB44
CNOT3,ZC3H7A
CNOT3,ZFP428
CTCF,ZC3H7A
DMAP1,AARS
DMAP1,ACTL6A
DMAP1,AMPD2
DMAP1,APEX1
DMAP1,APOBEC3
DMAP1,ARHGAP1
DMAP1,BMPR2
DMAP1,CBX3
DMAP1,CBX5
DMAP1,CBX7
DMAP1,CCND1
DMAP1,CDK7
DMAP1,COPA
DMAP1,CTSL
DMAP1,DARS
DMAP1,DDB1
DMAP1,DDX21
DMAP1,E4F1
DMAP1,EED
DMAP1,EIF2S2
DMAP1,EZH2
DMAP1,FN1
DMAP1,GDF3
DMAP1,GGA2
DMAP1,GNAS
DMAP1,GOT1
DMAP1,GPA33
DMAP1,HDLBP
DMAP1,HIRIP3
DMAP1,HMGA1
DMAP1,HSP90AA1
DMAP1,HTATSF1
DMAP1,IGFBP2
DMAP1,LAMB2
DMAP1,MAFK
DMAP1,MBD3
DMAP1,NFYC
DMAP1,NPM1
DMAP1,OGT
DMAP1,OTX2
DMAP1,P4HB
DMAP1,PCGF2
DMAP1,PDIA5
DMAP1,PHC1
DMAP1,PHF5A
DMAP1,PLOD3
DMAP1,PRDX1
DMAP1,PWP1
DMAP1,RAF1
DMAP1,RANBP17
DMAP1,RBBP5
DMAP1,SALL4
DMAP1,SERBP1
DMAP1,SERPINH1
DMAP1,SIRT6
DMAP1,SLC16A1
DMAP1,SMARCA5
DMAP1,SMARCAD1
DMAP1,SNX2
DMAP1,SOD1
DMAP1,SS18
DMAP1,STT3A
DMAP1,SUMO1
DMAP1,SUZ12
DMAP1,TALDO1
DMAP1,TBP
DMAP1,TCOF1
DMAP1,TDH
DMAP1,TRP53
DMAP1,TUBB2B
DMAP1,UHRF1
DMAP1,USP16
DMAP1,VAMP3
DMAP1,WDR46
DMAP1,YY1
DMAP1,ZBTB44
DMAP1,ZFP143
DMAP1,ZFP322A
E2F1,ACBD3
E2F1,ACP6
E2F1,ACTL6A
E2F1,ADAM19
E2F1,AGPAT4
E2F1,ALDH2
E2F1,ANP32A
E2F1,ANXA4
E2F1,APAF1
E2F1,ARPC5
E2F1,ASPH
E2F1,ASS1
E2F1,ATF7IP
E2F1,ATP6V0E
E2F1,ATRX
E2F1,B2M
E2F1,BAZ2A
E2F1,BRD2
E2F1,BSG
E2F1,CALR
E2F1,CALU
E2F1,CARHSP1
E2F1,CBX1
E2F1,CCND1
E2F1,CDC5L
E2F1,CHD4
E2F1,CNOT3
E2F1,COL18A1
E2F1,COMMD3
E2F1,CST3
E2F1,CTSD
E2F1,CTSL
E2F1,CTSZ
E2F1,DARS
E2F1,DDOST
E2F1,DMAP1
E2F1,DNAJC10
E2F1,DPF2
E2F1,DPPA2
E2F1,DPPA4
E2F1,DR1
E2F1,DTX3L
E2F1,DUSP27
E2F1,DUSP9
E2F1,E4F1
E2F1,EIF2S2
E2F1,ELL
E2F1,ELL2
E2F1,ERAS
E2F1,ESRRB
E2F1,ETV4
E2F1,FBXO22
E2F1,FLRT3
E2F1,FN1
E2F1,FOXH1
E2F1,FUT9
E2F1,GALK1
E2F1,GCNT1
E2F1,GFPT2
E2F1,GGA2
E2F1,GGTA1
E2F1,GLDC
E2F1,GMNN
E2F1,GNB2
E2F1,GOT1
E2F1,GPA33
E2F1,GTF2B
E2F1,GTF3C1
E2F1,H13
E2F1,HAP1
E2F1,HCFC1
E2F1,HDAC1
E2F1,HDAC3
E2F1,HEATR1
E2F1,HSD17B14
E2F1,IER2
E2F1,IFI30
E2F1,IFITM1
E2F1,IFITM2
E2F1,KCTD10
E2F1,KDELR1
E2F1,L1TD1
E2F1,LAMA1
E2F1,LRP2
E2F1,LRPAP1
E2F1,LYN
E2F1,MAGED1
E2F1,MCAM
E2F1,MCM2
E2F1,MCRS1
E2F1,MOV10
E2F1,MTA2
E2F1,MYC
E2F1,MYH9
E2F1,MYL6
E2F1,NASP
E2F1,NCAPD3
E2F1,NCAPH2
E2F1,NODAL
E2F1,NONO
E2F1,NOTCH4
E2F1,NR0B1
E2F1,OAT
E2F1,OGT
E2F1,OPLAH
E2F1,P4HA1
E2F1,P4HB
E2F1,PAF1
E2F1,PAFAH1B3
E2F1,PARP1
E2F1,PCGF2
E2F1,PCGF6
E2F1,PCOLCE
E2F1,PCOLCE2
E2F1,PHF5A
E2F1,PIPOX
E2F1,PITPNC1
E2F1,PML
E2F1,POFUT2
E2F1,PRDX4
E2F1,PWP1
E2F1,RAD23B
E2F1,RBBP5
E2F1,RCN3
E2F1,REEP5
E2F1,RPN1
E2F1,RPN2
E2F1,RTN3
E2F1,RUVBL2
E2F1,SALL1
E2F1,SDCBP
E2F1,SEC11A
E2F1,SEC24A
E2F1,SEC24D
E2F1,SETX
E2F1,SLC7A3
E2F1,SNRPN
E2F1,SNX2
E2F1,SPP1
E2F1,SSR3
E2F1,ST5
E2F1,TBX3
E2F1,TCOF1
E2F1,TDH
E2F1,TEX264
E2F1,TGIF1
E2F1,TIMP2
E2F1,TMEM59
E2F1,TMOD3
E2F1,TRH
E2F1,TRP53
E2F1,TUBB2B
E2F1,UHRF1
E2F1,UTF1
E2F1,VKORC1
E2F1,XRCC5
E2F1,ZC3H11A
E2F1,ZC3H7A
E2F1,ZFP42
E2F1,ZFP459
E2F1,ZFP57
E2F1,ZIC3
E2F4,AARS
E2F4,ACBD3
E2F4,ACP6
E2F4,ADAM10
E2F4,ADAM23
E2F4,AFF3
E2F4,AMPD2
E2F4,APAF1
E2F4,APEX1
E2F4,APPBP2
E2F4,ARF4
E2F4,ARHGAP1
E2F4,ARID3A
E2F4,ASPH
E2F4,ASS1
E2F4,ATF7IP
E2F4,ATP6V0E
E2F4,ATRX
E2F4,B2M
E2F4,B4GALT1
E2F4,BAG2
E2F4,BAZ1B
E2F4,BMI1
E2F4,BMP4
E2F4,BMPR2
E2F4,BRD2
E2F4,CALM1
E2F4,CALR
E2F4,CALU
E2F4,CARHSP1
E2F4,CBX1
E2F4,CBX2
E2F4,CBX3
E2F4,CBX5
E2F4,CBX7
E2F4,CCND1
E2F4,CDC42SE2
E2F4,CDC5L
E2F4,CDC73
E2F4,CDK9
E2F4,CKAP4
E2F4,CLN6
E2F4,CNOT3
E2F4,COL18A1
E2F4,COMMD3
E2F4,COTL1
E2F4,CPD
E2F4,CPOX
E2F4,CREB3
E2F4,CREBBP
E2F4,CRYAB
E2F4,CTBP2
E2F4,CTR9
E2F4,CTSD
E2F4,CTSL
E2F4,CXXC1
E2F4,DAP
E2F4,DARS
E2F4,DDB1
E2F4,DDOST
E2F4,DGCR8
E2F4,DICER1
E2F4,DPF2
E2F4,DUSP6
E2F4,E2F1
E2F4,EED
E2F4,EFEMP2
E2F4,EIF2S2
E2F4,ELL
E2F4,EMP2
E2F4,ERAS
E2F4,ERP29
E2F4,ETV1
E2F4,ETV4
E2F4,ETV5
E2F4,EZH2
E2F4,FGD1
E2F4,FGF4
E2F4,FKBP5
E2F4,FN1
E2F4,FOXH1
E2F4,FST
E2F4,FUT8
E2F4,FUT9
E2F4,FXYD6
E2F4,FZD5
E2F4,GABARAP
E2F4,GALK1
E2F4,GATA4
E2F4,GCNT2
E2F4,GFPT2
E2F4,GGA2
E2F4,GGTA1
E2F4,GLI1
E2F4,GLIPR2
E2F4,GMNN
E2F4,GNA12
E2F4,GNAS
E2F4,GNB2
E2F4,GORASP2
E2F4,GOT1
E2F4,GPA33
E2F4,GPC6
E2F4,GSR
E2F4,GTF2B
E2F4,H13
E2F4,HAP1
E2F4,HCFC1
E2F4,HDLBP
E2F4,HEATR1
E2F4,HELB
E2F4,HEXIM1
E2F4,HIP1
E2F4,HIRA
E2F4,HIRIP3
E2F4,HMGA1
E2F4,HSP90AA1
E2F4,HTATSF1
E2F4,IER2
E2F4,IFI30
E2F4,IFITM1
E2F4,IFITM2
E2F4,IGFBP2
E2F4,ITGAV
E2F4,ITGB1
E2F4,JAM2
E2F4,JARID2
E2F4,JUN
E2F4,KDELC2
E2F4,KDELR3
E2F4,KLF2
E2F4,KLF5
E2F4,KRTCAP2
E2F4,LAMB2
E2F4,LRRC2
E2F4,LRRC34
E2F4,LRRC59
E2F4,LTBP4
E2F4,LY75
E2F4,MAGED1
E2F4,MBD3
E2F4,MBNL2
E2F4,MCAM
E2F4,MCM2
E2F4,MCRS1
E2F4,MED12
E2F4,MEN1
E2F4,MFSD1
E2F4,MORC3
E2F4,MSH2
E2F4,MSH6
E2F4,MTA2
E2F4,MTF2
E2F4,MYBL2
E2F4,MYC
E2F4,MYCN
E2F4,MYH9
E2F4,MYLPF
E2F4,NANOG
E2F4,NASP
E2F4,NCAPD3
E2F4,NCOR1
E2F4,NFYA
E2F4,NFYB
E2F4,NFYC
E2F4,NID1
E2F4,NMNAT2
E2F4,NONO
E2F4,NPHS1
E2F4,NPM1
E2F4,NUCB1
E2F4,NXF7
E2F4,OAT
E2F4,OGT
E2F4,OTX2
E2F4,P4HB
E2F4,PAFAH1B3
E2F4,PARD6B
E2F4,PARP1
E2F4,PARVA
E2F4,PCGF6
E2F4,PCOLCE2
E2F4,PDE4DIP
E2F4,PDIA5
E2F4,PDK1
E2F4,PFKP
E2F4,PHC1
E2F4,PHF5A
E2F4,PHLDB2
E2F4,PIPOX
E2F4,PLEKHF2
E2F4,PLOD3
E2F4,PML
E2F4,PNP
E2F4,POLE4
E2F4,PPIB
E2F4,PRDX1
E2F4,PRDX4
E2F4,PRKCE
E2F4,PSEN1
E2F4,PTOV1
E2F4,PTP4A1
E2F4,PTPN21
E2F4,RAF1
E2F4,RANBP17
E2F4,RASGRP2
E2F4,RBBP5
E2F4,RBPMS2
E2F4,RCC2
E2F4,RDM1
E2F4,RER1
E2F4,RIF1
E2F4,RNF2
E2F4,RPN2
E2F4,RPP25
E2F4,RRN3
E2F4,SALL4
E2F4,SAP18
E2F4,SAP30
E2F4,SERBP1
E2F4,SET
E2F4,SETD7
E2F4,SETDB1
E2F4,SETX
E2F4,SIN3A
E2F4,SIRT6
E2F4,SLC16A1
E2F4,SLC39A8
E2F4,SLC7A6
E2F4,SMAD1
E2F4,SMARCA5
E2F4,SMARCAD1
E2F4,SMARCC1
E2F4,SMC1A
E2F4,SMC3
E2F4,SOD1
E2F4,SOX2
E2F4,SS18
E2F4,SSRP1
E2F4,ST5
E2F4,STAG1
E2F4,STAT3
E2F4,STT3A
E2F4,SUMO1
E2F4,SUMO2
E2F4,SUZ12
E2F4,TAF3
E2F4,TALDO1
E2F4,TAX1BP3
E2F4,TBP
E2F4,TBX3
E2F4,TCEA3
E2F4,TCF12
E2F4,TCF15
E2F4,TCF3
E2F4,TCOF1
E2F4,TDG
E2F4,TDGF1
E2F4,TDH
E2F4,TFRC
E2F4,THAP11
E2F4,TIMP3
E2F4,TLE4
E2F4,TMED10
E2F4,TMED3
E2F4,TMEM59
E2F4,TMOD3
E2F4,TNKS
E2F4,TRAM1
E2F4,TRIM28
E2F4,TRP53
E2F4,TXNDC12
E2F4,UHRF1
E2F4,UTF1
E2F4,UTP14A
E2F4,VAMP3
E2F4,XPNPEP1
E2F4,XRCC5
E2F4,YEATS4
E2F4,YY1
E2F4,ZBTB44
E2F4,ZC3H7A
E2F4,ZFP143
E2F4,ZFP281
E2F4,ZFP384
E2F4,ZFP428
E2F4,ZFX
E2F4,ZFYVE21
E2F4,ZIC3
EED,BMP4
EED,BMPER
EED,CBX8
EED,COL27A1
EED,COL4A1
EED,COL4A2
EED,CTDSPL
EED,EPAS1
EED,FGF3
EED,GATA4
EED,GATA6
EED,GDPD5
EED,HS3ST1
EED,IHH
EED,JUN
EED,MSX2
EED,MYC
EED,NMNAT2
EED,PDGFRA
EED,SMARCA2
ESRRB,ABHD5
ESRRB,ACBD3
ESRRB,ACTL6A
ESRRB,ADAM23
ESRRB,ADNP
ESRRB,AES
ESRRB,AGPAT4
ESRRB,AIRN
ESRRB,AKT1
ESRRB,ALG13
ESRRB,ALPL
ESRRB,ANP32A
ESRRB,ANXA4
ESRRB,AP2A2
ESRRB,APEX1
ESRRB,ARFGAP1
ESRRB,ARHGAP1
ESRRB,ARID1A
ESRRB,ARID3A
ESRRB,ARL8A
ESRRB,ARPC2
ESRRB,ASPH
ESRRB,ASS1
ESRRB,B4GALNT4
ESRRB,B4GALT1
ESRRB,BAG2
ESRRB,BASP1
ESRRB,BAZ2A
ESRRB,BMP4
ESRRB,BRD9
ESRRB,BSG
ESRRB,BTAF1
ESRRB,CALM1
ESRRB,CARHSP1
ESRRB,CBX2
ESRRB,CBX3
ESRRB,CBX8
ESRRB,CCDC88C
ESRRB,CD63
ESRRB,CDK9
ESRRB,CHD1
ESRRB,CHD4
ESRRB,CHMP4B
ESRRB,CKAP4
ESRRB,COL18A1
ESRRB,COL4A2
ESRRB,COMMD3
ESRRB,CPOX
ESRRB,CREB3
ESRRB,CREB3L2
ESRRB,CRTC3
ESRRB,CTCF
ESRRB,CTDSPL
ESRRB,CTR9
ESRRB,CTSD
ESRRB,CTSZ
ESRRB,DARS
ESRRB,DAXX
ESRRB,DDB1
ESRRB,DDX21
ESRRB,DNMT3B
ESRRB,DRAM1
ESRRB,DTX1
ESRRB,DUSP6
ESRRB,EFEMP2
ESRRB,EHMT2
ESRRB,ELL
ESRRB,ELL3
ESRRB,EP300
ESRRB,ERP29
ESRRB,ETV5
ESRRB,EXT2
ESRRB,FBRSL1
ESRRB,FBXO22
ESRRB,FGD1
ESRRB,FGF3
ESRRB,FGF4
ESRRB,FGFR1
ESRRB,FHDC1
ESRRB,FNDC3B
ESRRB,FOXA2
ESRRB,FOXH1
ESRRB,FST
ESRRB,FUT8
ESRRB,FUT9
ESRRB,FXYD3
ESRRB,FXYD6
ESRRB,FZD5
ESRRB,GALK1
ESRRB,GDF3
ESRRB,GLIPR2
ESRRB,GLO1
ESRRB,GNB2
ESRRB,GNPTAB
ESRRB,GORASP2
ESRRB,GPA33
ESRRB,GSR
ESRRB,H13
ESRRB,HDAC3
ESRRB,HEXIM1
ESRRB,HIRIP3
ESRRB,HKDC1
ESRRB,HMGA1
ESRRB,HNRNPL
ESRRB,HSP90AA1
ESRRB,HSP90AB1
ESRRB,HSPG2
ESRRB,IFI30
ESRRB,IFITM2
ESRRB,ILK
ESRRB,IMPDH2
ESRRB,ITGAV
ESRRB,ITGB1
ESRRB,JAM2
ESRRB,JARID2
ESRRB,KDELR3
ESRRB,KDM2A
ESRRB,KDM5A
ESRRB,KDM5B
ESRRB,KLF2
ESRRB,KLF5
ESRRB,KLHDC3
ESRRB,KRT42
ESRRB,KRTCAP2
ESRRB,L1TD1
ESRRB,LAMB2
ESRRB,LAMC1
ESRRB,LDLRAP1
ESRRB,LGALS3
ESRRB,LMNB1
ESRRB,LPAR2
ESRRB,LRRC59
ESRRB,LTBP4
ESRRB,MAPKAPK2
ESRRB,MBNL2
ESRRB,MCAM
ESRRB,MCRS1
ESRRB,MED1
ESRRB,MEN1
ESRRB,MORC3
ESRRB,MOV10
ESRRB,MPHOSPH8
ESRRB,MPRIP
ESRRB,MRAS
ESRRB,MSL1
ESRRB,MSL2
ESRRB,MSX2
ESRRB,MTA2
ESRRB,MYBL2
ESRRB,MYC
ESRRB,MYCN
ESRRB,NAA10
ESRRB,NODAL
ESRRB,NONO
ESRRB,NOS3
ESRRB,NPHS1
ESRRB,NPM1
ESRRB,NUCB1
ESRRB,OBSL1
ESRRB,OOEP
ESRRB,OSBP
ESRRB,OSTC
ESRRB,PARP1
ESRRB,PDCD6IP
ESRRB,PDGFRA
ESRRB,PECAM1
ESRRB,PFKP
ESRRB,PHLDB2
ESRRB,PITPNC1
ESRRB,PKNOX1
ESRRB,PLA2G1B
ESRRB,PNP
ESRRB,POFUT2
ESRRB,PPIB
ESRRB,PSEN1
ESRRB,PTP4A1
ESRRB,PTPN14
ESRRB,PURB
ESRRB,RAB3IL1
ESRRB,RAD23B
ESRRB,RBBP5
ESRRB,RBMXL2
ESRRB,RCC2
ESRRB,RCOR1
ESRRB,RER1
ESRRB,REST
ESRRB,RNF138
ESRRB,RTN3
ESRRB,RUVBL2
ESRRB,RYBP
ESRRB,SALL1
ESRRB,SEC24D
ESRRB,SEMA4C
ESRRB,SETX
ESRRB,SH3GLB1
ESRRB,SIN3A
ESRRB,SIRT6
ESRRB,SLC7A6
ESRRB,SMARCA4
ESRRB,SMC3
ESRRB,SNRPN
ESRRB,SOAT1
ESRRB,SOD1
ESRRB,SOX2
ESRRB,SSR3
ESRRB,SSRP1
ESRRB,STARD10
ESRRB,STAT3
ESRRB,SUZ12
ESRRB,TBP
ESRRB,TBX3
ESRRB,TEX264
ESRRB,TGFBR3
ESRRB,TGIF2
ESRRB,THAP11
ESRRB,TIMP2
ESRRB,TMEM214
ESRRB,TPM4
ESRRB,TRH
ESRRB,TRP53
ESRRB,TUBB2B
ESRRB,UBTF
ESRRB,UHRF1
ESRRB,USP28
ESRRB,UTF1
ESRRB,WDR5
ESRRB,YEATS4
ESRRB,ZBTB44
ESRRB,ZC3H7A
ESRRB,ZFP217
ESRRB,ZIC2
ESRRB,ZYX
EZH2,BMP4
EZH2,CCND1
EZH2,MYC
GLI1,BNC2
GLI1,PRKCE
JARID2,AIRN
JARID2,ETV4
JARID2,NUCB1
JARID2,PLAT
JARID2,RARA
JARID2,YAF2
KLF2,BMP4
KLF2,JARID2
KLF2,KLF4
KLF2,MKRN1
KLF2,NANOG
KLF2,OTX2
KLF2,PDGFRA
KLF2,PHC1
KLF2,PLA2G1B
KLF2,RAD23B
KLF2,RPN1
KLF2,RYBP
KLF2,SALL1
KLF2,SMARCAD1
KLF2,SOX2
KLF2,TCF15
KLF2,ZIC3
KLF4,1700061G19RIK
KLF4,AARS
KLF4,ACP6
KLF4,ADAM19
KLF4,AES
KLF4,ANP32A
KLF4,ARID1A
KLF4,ATF7IP
KLF4,B4GALNT4
KLF4,BMP4
KLF4,BMPER
KLF4,CBX7
KLF4,CCND1
KLF4,COL4A1
KLF4,COL4A2
KLF4,CTBP2
KLF4,DDX21
KLF4,DPPA4
KLF4,DUSP27
KLF4,DUSP6
KLF4,E2F4
KLF4,EFEMP2
KLF4,EIF2S2
KLF4,EMP2
KLF4,FGF3
KLF4,FN1
KLF4,GATA4
KLF4,GATA6
KLF4,GDF3
KLF4,GGA2
KLF4,GLI1
KLF4,GPA33
KLF4,HCFC1
KLF4,HTATSF1
KLF4,IFITM2
KLF4,IGFBP2
KLF4,JUN
KLF4,KDELR3
KLF4,KLF2
KLF4,KRT17
KLF4,KRT42
KLF4,LRRC2
KLF4,LY75
KLF4,MCM2
KLF4,MOV10
KLF4,MSH2
KLF4,MSX2
KLF4,MYC
KLF4,MYCN
KLF4,NCOR2
KLF4,NPHS1
KLF4,OTX2
KLF4,PDE4DIP
KLF4,PDGFRA
KLF4,PLA2G1B
KLF4,PML
KLF4,PRDM14
KLF4,PTOV1
KLF4,PTPN21
KLF4,RRN3
KLF4,SHF
KLF4,SLC15A1
KLF4,SLC35F5
KLF4,SMAD3
KLF4,SMARCAD1
KLF4,SNRPN
KLF4,SNURF
KLF4,SOX17
KLF4,SOX2
KLF4,STX3
KLF4,TCF15
KLF4,TGIF1
KLF4,TMED10
KLF4,TRH
KLF4,USP16
KLF4,UTF1
KLF4,ZC3H7A
KLF4,ZFP428
KLF4,ZFP532
KLF4,ZFP57
KLF4,ZIC2
KLF4,ZIC3
KLF5,BMP4
KLF5,JARID2
KLF5,KLF2
KLF5,KLF4
KLF5,OTX2
KLF5,PDGFRA
KLF5,PLA2G1B
KLF5,RPN1
KLF5,ZIC3
MAX,AARS
MAX,ACP6
MAX,ACTL6A
MAX,ADAM10
MAX,ADAM19
MAX,ADAM23
MAX,ALDH2
MAX,ANP32A
MAX,APAF1
MAX,ARHGAP1
MAX,ARID3A
MAX,ASPH
MAX,ASS1
MAX,ATF7IP
MAX,ATP6V0E
MAX,B4GALNT4
MAX,BAG2
MAX,BAZ1B
MAX,BMPR2
MAX,CALM1
MAX,CALR
MAX,CALU
MAX,CARHSP1
MAX,CBX1
MAX,CBX2
MAX,CBX3
MAX,CBX5
MAX,CBX8
MAX,CCND1
MAX,CNOT3
MAX,COBLL1
MAX,COL27A1
MAX,COL4A1
MAX,COL4A2
MAX,COTL1
MAX,CREB3L2
MAX,CRYAB
MAX,CST3
MAX,CTDSPL
MAX,CTR9
MAX,CTSD
MAX,CTSL
MAX,CXXC1
MAX,DAB2
MAX,DAP
MAX,DARS
MAX,DGCR8
MAX,DPF2
MAX,DUSP6
MAX,E2F1
MAX,E2F4
MAX,EED
MAX,EFEMP2
MAX,EHMT2
MAX,EIF2S2
MAX,ELL
MAX,EMP2
MAX,EPAS1
MAX,ETV4
MAX,ETV5
MAX,EXT2
MAX,FLRT3
MAX,FN1
MAX,FOXA2
MAX,FOXH1
MAX,FZD5
MAX,GALK1
MAX,GCNT1
MAX,GCNT2
MAX,GDF3
MAX,GDPD5
MAX,GFPT2
MAX,GGA2
MAX,GLDC
MAX,GNB2
MAX,GNS
MAX,GOT1
MAX,GPA33
MAX,GSTA4
MAX,HDAC3
MAX,HDLBP
MAX,HELB
MAX,HIP1
MAX,HIRA
MAX,HIRIP3
MAX,HMGA1
MAX,HSP90AA1
MAX,HSPA4
MAX,HSPB1
MAX,HTATSF1
MAX,IER2
MAX,IFI30
MAX,IFITM1
MAX,IFITM2
MAX,IGFBP2
MAX,IHH
MAX,ITGA6
MAX,ITPK1
MAX,JAM2
MAX,JUN
MAX,KDELC2
MAX,KLF2
MAX,KRT17
MAX,KRT8
MAX,LAMC1
MAX,LRRC2
MAX,LRRC58
MAX,LRRC59
MAX,LY75
MAX,MAN1A
MAX,MBNL2
MAX,METTL3
MAX,MSH2
MAX,MTA2
MAX,MYBL2
MAX,MYCN
MAX,NANOG
MAX,NASP
MAX,NCAPH2
MAX,NCOR1
MAX,NFYA
MAX,NID1
MAX,NIPSNAP1
MAX,NMNAT2
MAX,NODAL
MAX,NPHS1
MAX,NR4A1
MAX,OPLAH
MAX,OTX2
MAX,PAFAH1B3
MAX,PCGF2
MAX,PCGF6
MAX,PDE4DIP
MAX,PDK1
MAX,PHF5A
MAX,PITPNC1
MAX,PLOD3
MAX,PNP
MAX,PRDX1
MAX,PRDX4
MAX,PRKCE
MAX,PSEN1
MAX,PTP4A1
MAX,PTPN14
MAX,PTPN21
MAX,PWP1
MAX,RAF1
MAX,RANBP17
MAX,RARG
MAX,RASGRP2
MAX,RCC2
MAX,RIF1
MAX,RUVBL2
MAX,RYBP
MAX,SALL4
MAX,SAP18
MAX,SAP30
MAX,SEC23A
MAX,SERBP1
MAX,SET
MAX,SETD7
MAX,SETDB1
MAX,SHF
MAX,SIN3A
MAX,SLC15A1
MAX,SLC16A1
MAX,SLC35F5
MAX,SLC7A3
MAX,SMARCAD1
MAX,SMC1A
MAX,SOD1
MAX,SSR4
MAX,ST5
MAX,STT3A
MAX,SUMO2
MAX,TALDO1
MAX,TBX3
MAX,TCF15
MAX,TCF3
MAX,TDG
MAX,TDGF1
MAX,TGIF2
MAX,TLE4
MAX,TMEM144
MAX,TMEM59
MAX,TUBB2B
MAX,UBTF
MAX,UHRF1
MAX,UPP1
MAX,UTF1
MAX,UTP14A
MAX,WDR46
MAX,XBP1
MAX,XPNPEP1
MAX,YEATS4
MAX,ZC3H11A
MAX,ZFP281
MAX,ZFP384
MAX,ZFP459
MAX,ZFP532
MAX,ZIC2
MYC,AARS
MYC,ACP6
MYC,ACTL6A
MYC,ADAM23
MYC,AEBP2
MYC,AGPAT4
MYC,ALG13
MYC,AMFR
MYC,AMPD2
MYC,ANP32A
MYC,APEX1
MYC,APOBEC3
MYC,APPBP2
MYC,ARF1
MYC,ARF4
MYC,ARHGAP1
MYC,ARID1A
MYC,ASS1
MYC,ATF7IP
MYC,ATP6V0E
MYC,ATRX
MYC,B4GALNT4
MYC,B4GALT1
MYC,BAG2
MYC,BASP1
MYC,BAZ1B
MYC,BMP4
MYC,BMPR2
MYC,BRD2
MYC,CALR
MYC,CALU
MYC,CBX1
MYC,CBX3
MYC,CBX5
MYC,CBX7
MYC,CCDC88C
MYC,CCND1
MYC,CD63
MYC,CDC5L
MYC,CDK7
MYC,CDK8
MYC,CDK9
MYC,CLTC
MYC,CNOT3
MYC,COBL
MYC,COL27A1
MYC,CREB3L2
MYC,CST3
MYC,CTBP2
MYC,CTCF
MYC,CTSD
MYC,CTSL
MYC,CTSZ
MYC,CXXC1
MYC,DARS
MYC,DAXX
MYC,DDB1
MYC,DDOST
MYC,DDX21
MYC,DGCR8
MYC,DICER1
MYC,DKC1
MYC,DR1
MYC,DUSP27
MYC,DUSP6
MYC,DUSP9
MYC,E2F1
MYC,E2F4
MYC,EED
MYC,EHMT2
MYC,EIF2S2
MYC,ELL
MYC,EP300
MYC,EP400
MYC,ERP29
MYC,ETV1
MYC,ETV4
MYC,ETV5
MYC,EZH2
MYC,F3
MYC,FABP3
MYC,FBXO22
MYC,FBXW8
MYC,FGD1
MYC,FGFR1
MYC,FLRT3
MYC,FN1
MYC,FOXH1
MYC,FUT9
MYC,FXYD6
MYC,FZD5
MYC,GABARAP
MYC,GALK1
MYC,GATA6
MYC,GCNT1
MYC,GCNT2
MYC,GDF3
MYC,GFPT1
MYC,GFPT2
MYC,GGA2
MYC,GLDC
MYC,GLI1
MYC,GMNN
MYC,GNAI3
MYC,GNAS
MYC,GNPTAB
MYC,GNS
MYC,GORASP2
MYC,GOT1
MYC,GSR
MYC,GSTA4
MYC,H13
MYC,HAP1
MYC,HCFC1
MYC,HDAC2
MYC,HDAC3
MYC,HDLBP
MYC,HEATR1
MYC,HELB
MYC,HEXIM1
MYC,HIRA
MYC,HIRIP3
MYC,HMGA1
MYC,HSD17B14
MYC,HSP90AA1
MYC,HSP90AB1
MYC,HSPA4
MYC,HSPB1
MYC,HTATSF1
MYC,IER2
MYC,IFI30
MYC,IFITM1
MYC,IFITM2
MYC,IGFBP2
MYC,ILK
MYC,IMPDH2
MYC,ITGA6
MYC,ITPK1
MYC,JARID2
MYC,JUN
MYC,KDELC2
MYC,KLF2
MYC,KLF4
MYC,KLF5
MYC,KRT42
MYC,KRTCAP2
MYC,L1TD1
MYC,LAMC1
MYC,LAMP1
MYC,LMNB1
MYC,LRRC2
MYC,LRRC34
MYC,LRRC59
MYC,LTBP4
MYC,MAFK
MYC,MAN1A2
MYC,MAX
MYC,MBD3
MYC,MCM2
MYC,MDN1
MYC,MEN1
MYC,METTL3
MYC,MKRN1
MYC,MORC3
MYC,MRAS
MYC,MSH2
MYC,MSH6
MYC,MTA2
MYC,MTF2
MYC,MYBL2
MYC,MYCN
MYC,MYLPF
MYCN,AARS
MYC,NACC1
MYCN,ADNP
MYCN,ALG13
MYCN,AMFR
MYCN,AMPD2
MYCN,AP2A2
MYCN,APEX1
MYCN,ARID1A
MYCN,ARPC2
MYC,NASP
MYCN,ASS1
MYCN,B4GALNT4
MYCN,B4GALT1
MYCN,BRD4
MYCN,BRD9
MYCN,BSG
MYCN,BTAF1
MYCN,CALM1
MYC,NCAPD3
MYC,NCAPH2
MYCN,CBFA2T2
MYCN,CBX5
MYCN,CDC73
MYCN,CDK7
MYCN,CDK8
MYCN,CDK9
MYCN,CKAP4
MYCN,CLTC
MYCN,CNOT3
MYC,NCOR1
MYCN,CTBP2
MYCN,CTCF
MYCN,DAP
MYCN,DAXX
MYCN,DDB1
MYCN,DICER1
MYCN,DR1
MYCN,E2F1
MYCN,EHMT2
MYCN,ELL
MYCN,EP300
MYCN,EXT2
MYCN,EZH2
MYCN,FABP3
MYCN,FBXO22
MYCN,FKBP5
MYCN,FN1
MYCN,FNDC3B
MYCN,FOXH1
MYCN,FUT8
MYC,NFXL1
MYC,NFYA
MYC,NFYB
MYC,NFYC
MYCN,GABARAP
MYCN,GFPT1
MYCN,GLI2
MYCN,GNPTAB
MYCN,HCFC1
MYCN,HDAC2
MYCN,HDAC3
MYCN,HDLBP
MYCN,HIP1
MYCN,HSP90AA1
MYCN,IGFBP2
MYCN,ILK
MYCN,IMPDH2
MYC,NIPSNAP1
MYCN,JAM2
MYCN,LAMC1
MYCN,LMNB1
MYCN,LRRC2
MYCN,LRRC58
MYCN,LRRC59
MYCN,MAX
MYCN,MBD2
MYCN,METTL3
MYCN,MKRN1
MYCN,MORC3
MYCN,MSH2
MYCN,MSH6
MYCN,MTF2
MYCN,NANOG
MYCN,NASP
MYCN,NCAPD3
MYCN,NCAPH2
MYCN,NCOR1
MYCN,NFXL1
MYCN,NIPSNAP1
MYCN,NPM1
MYCN,NRF1
MYCN,NSL1
MYCN,NUP210
MYCN,OGT
MYC,NONO
MYCN,P4HA2
MYCN,P4HB
MYCN,PARD6B
MYCN,PARP1
MYCN,PCGF6
MYCN,PHF5A
MYCN,PITPNC1
MYCN,PLEKHF2
MYC,NPM1
MYCN,PRDX4
MYCN,PSEN1
MYCN,PTP4A1
MYCN,PURB
MYCN,RAB3IL1
MYCN,RAD23B
MYCN,RAF1
MYCN,RAP1GDS1
MYCN,RARG
MYCN,RCC2
MYC,NRF1
MYCN,RIF1
MYCN,RUVBL2
MYCN,RYBP
MYCN,SAP18
MYCN,SAP30
MYCN,SEC11A
MYCN,SERBP1
MYCN,SET
MYCN,SETD1A
MYC,NSL1
MYCN,SLC16A1
MYCN,SMAD3
MYCN,SMARCA4
MYCN,SMARCAD1
MYCN,SMC1A
MYCN,SMC3
MYCN,SOD1
MYCN,SOX2
MYCN,SS18
MYCN,SSR1
MYCN,SSR4
MYCN,SSRP1
MYCN,STAG1
MYCN,STAT3
MYCN,STT3A
MYCN,SUMO2
MYCN,SUZ12
MYCN,TAX1BP3
MYCN,TBP
MYCN,TCF15
MYCN,TCL1
MYCN,TFRC
MYCN,TGIF2
MYCN,THAP11
MYCN,TM9SF3
MYCN,TMED2
MYCN,TRAM1
MYCN,USP16
MYCN,USP28
MYCN,XBP1
MYCN,XPNPEP1
MYCN,XRCC5
MYCN,YY1
MYCN,ZBTB44
MYCN,ZC3H11A
MYCN,ZFP143
MYCN,ZFP57
MYC,OGT
MYC,P4HA1
MYC,P4HB
MYC,PAFAH1B3
MYC,PARP1
MYC,PCGF2
MYC,PCGF6
MYC,PCOLCE
MYC,PCOLCE2
MYC,PDIA5
MYC,PDIA6
MYC,PDK1
MYC,PFKP
MYC,PHC1
MYC,PHF5A
MYC,PLEKHF2
MYC,PLOD3
MYC,POFUT2
MYC,POLE4
MYC,PPIB
MYC,PRDX1
MYC,PSEN1
MYC,PTP4A1
MYC,PTPN14
MYC,PURB
MYC,PWP1
MYC,RAB11A
MYC,RAD23B
MYC,RAF1
MYC,RANBP17
MYC,RARG
MYC,RASGRP2
MYC,RBBP5
MYC,RBBP7
MYC,RCC2
MYC,RDM1
MYC,RER1
MYC,REST
MYC,RNF138
MYC,RNF2
MYC,RPN1
MYC,RPN2
MYC,RPP25
MYC,RRN3
MYC,RTN3
MYC,RUVBL1
MYC,RUVBL2
MYC,RYBP
MYC,SALL1
MYC,SALL4
MYC,SAP18
MYC,SEC11A
MYC,SEC23A
MYC,SEC24A
MYC,SERBP1
MYC,SET
MYC,SETDB1
MYC,SIN3A
MYC,SLC16A1
MYC,SLC35F5
MYC,SLC39A1
MYC,SLC39A7
MYC,SLC7A3
MYC,SLC7A6
MYC,SMAD3
MYC,SMARCA4
MYC,SMARCA5
MYC,SMARCAD1
MYC,SMARCC1
MYC,SMC1A
MYC,SMYD2
MYC,SOAT1
MYC,SOD1
MYC,SOX17
MYC,SOX2
MYC,SS18
MYC,SSR1
MYC,SSR4
MYC,SSRP1
MYC,STAG1
MYC,STAT3
MYC,STT3A
MYC,SUMO1
MYC,SUMO2
MYC,SUZ12
MYC,TALDO1
MYC,TBP
MYC,TBRG1
MYC,TBX3
MYC,TCEA3
MYC,TCF15
MYC,TCL1
MYC,TCOF1
MYC,TDG
MYC,TDH
MYC,TEX264
MYC,TFRC
MYC,TGIF1
MYC,TGIF2
MYC,THAP11
MYC,TIMP2
MYC,TMED10
MYC,TMED2
MYC,TMED3
MYC,TMED9
MYC,TMEM165
MYC,TMOD3
MYC,TPD52
MYC,TPM4
MYC,TRAM1
MYC,TRH
MYC,TRIM28
MYC,TRP53
MYC,TUBB2B
MYC,TXNDC12
MYC,TXNDC5
MYC,UBQLN2
MYC,UBTF
MYC,UHRF1
MYC,UPP1
MYC,USP16
MYC,USP28
MYC,UTF1
MYC,UTP14A
MYC,VAMP3
MYC,VKORC1
MYC,WDR46
MYC,WDR5
MYC,XBP1
MYC,XPNPEP1
MYC,XRCC5
MYC,YY1
MYC,ZBTB44
MYC,ZC3H11A
MYC,ZC3H7A
MYC,ZFP143
MYC,ZFP281
MYC,ZFP384
MYC,ZFP42
MYC,ZFP428
MYC,ZFP459
MYC,ZFP532
MYC,ZFP710
MYC,ZFX
MYC,ZIC3
NACC1,ADAM23
NACC1,AEBP2
NACC1,ANP32A
NACC1,APOBEC3
NACC1,BASP1
NACC1,BMP4
NACC1,CALU
NACC1,CBX1
NACC1,CBX7
NACC1,COBL
NACC1,COL18A1
NACC1,CREB3
NACC1,CTBP2
NACC1,DUSP27
NACC1,DUSP6
NACC1,E2F4
NACC1,EPAS1
NACC1,ETV4
NACC1,FGF4
NACC1,FOXH1
NACC1,FUT9
NACC1,GCNT2
NACC1,GDF3
NACC1,GPA33
NACC1,GSTA4
NACC1,IFITM1
NACC1,IFITM2
NACC1,IGFBP2
NACC1,ITPK1
NACC1,JARID2
NACC1,KLF2
NACC1,KRT42
NACC1,LRPAP1
NACC1,LRRC2
NACC1,LY75
NACC1,MAX
NACC1,MRAS
NACC1,MSH6
NACC1,MTF2
NACC1,MYBL2
NACC1,MYCN
NACC1,NANOG
NACC1,NODAL
NACC1,NR0B1
NACC1,NR4A1
NACC1,OGT
NACC1,OTX2
NACC1,PDK1
NACC1,PHC1
NACC1,PHF19
NACC1,PIPOX
NACC1,PLEKHF2
NACC1,PML
NACC1,POU5F1
NACC1,RARG
NACC1,RBBP5
NACC1,RDM1
NACC1,REST
NACC1,RIF1
NACC1,SALL1
NACC1,SALL4
NACC1,SETDB1
NACC1,SFRP1
NACC1,SLC35F5
NACC1,SMYD2
NACC1,SNRPN
NACC1,SNURF
NACC1,SOX2
NACC1,SPP1
NACC1,TBX3
NACC1,TCEA3
NACC1,TDGF1
NACC1,TDH
NACC1,TEX264
NACC1,TMOD3
NACC1,TPD52
NACC1,TPM4
NACC1,TUBB2B
NACC1,UPP1
NACC1,ZBTB44
NACC1,ZFP42
NACC1,ZFP428
NACC1,ZFP459
NACC1,ZFP532
NACC1,ZFP57
NACC1,ZIC2
NACC1,ZIC3
NANOG,ADAMTS9
NANOG,GPA33
NANOG,IER2
NANOG,IFITM2
NANOG,MAGED1
NANOG,MSX2
NANOG,NCOR2
NANOG,NPHS1
NANOG,PCGF6
NANOG,PECAM1
NANOG,PLA2G1B
NANOG,SPOCK1
NANOG,UBTF
NR0B1,ADAM19
NR0B1,AES
NR0B1,ANP32A
NR0B1,ARF1
NR0B1,ASS1
NR0B1,BASP1
NR0B1,BAZ2A
NR0B1,BMP4
NR0B1,BRD2
NR0B1,CALR
NR0B1,CBX1
NR0B1,CBX7
NR0B1,CLTC
NR0B1,COBL
NR0B1,COBLL1
NR0B1,COL4A2
NR0B1,CREB3
NR0B1,CTBP2
NR0B1,DUSP27
NR0B1,DUSP6
NR0B1,E2F4
NR0B1,ELL3
NR0B1,ERAS
NR0B1,ETV5
NR0B1,FGF4
NR0B1,FLRT3
NR0B1,FN1
NR0B1,FOXH1
NR0B1,FRS2
NR0B1,GABBR1
NR0B1,GATA6
NR0B1,GDF3
NR0B1,GLI1
NR0B1,GNA12
NR0B1,GOT1
NR0B1,GPA33
NR0B1,HEXIM1
NR0B1,HMGA1
NR0B1,HSP90AB1
NR0B1,IFITM2
NR0B1,ITGAV
NR0B1,ITPK1
NR0B1,JARID2
NR0B1,KLF2
NR0B1,KRT17
NR0B1,KRT42
NR0B1,LAMA1
NR0B1,LRRC2
NR0B1,LY75
NR0B1,MAPKAPK2
NR0B1,MAX
NR0B1,MEN1
NR0B1,MOV10
NR0B1,MRAS
NR0B1,MSH6
NR0B1,MSX2
NR0B1,MYBL2
NR0B1,MYCN
NR0B1,MYH9
NR0B1,NCOR2
NR0B1,NODAL
NR0B1,OGT
NR0B1,PAFAH1B3
NR0B1,PARP1
NR0B1,PDIA5
NR0B1,PDK1
NR0B1,PFKP
NR0B1,PHF5A
NR0B1,PIPOX
NR0B1,POU5F1
NR0B1,RAB3IL1
NR0B1,RAF1
NR0B1,RARG
NR0B1,RASGRP2
NR0B1,RBBP5
NR0B1,RBBP7
NR0B1,RBPMS2
NR0B1,REST
NR0B1,RNF2
NR0B1,RPP25
NR0B1,RUVBL2
NR0B1,RYBP
NR0B1,SALL4
NR0B1,SERBP1
NR0B1,SET
NR0B1,SETDB1
NR0B1,SHF
NR0B1,SLC15A1
NR0B1,SLC25A4
NR0B1,SMC3
NR0B1,SOX2
NR0B1,SPARC
NR0B1,SUMO2
NR0B1,TBRG1
NR0B1,TBX3
NR0B1,TCEA3
NR0B1,TCF15
NR0B1,TCF3
NR0B1,TCL1
NR0B1,TCN2
NR0B1,TEX264
NR0B1,TGIF2
NR0B1,TMOD3
NR0B1,TPD52
NR0B1,TRH
NR0B1,TSPAN9
NR0B1,TUBB2B
NR0B1,TXNDC12
NR0B1,UTF1
NR0B1,ZFP428
NR0B1,ZFP57
NR0B1,ZIC2
PHC1,ADAM10
PHC1,ANP32A
PHC1,ARHGAP29
PHC1,BMI1
PHC1,BMP4
PHC1,BRD4
PHC1,CBX2
PHC1,CBX8
PHC1,CCND1
PHC1,COL27A1
PHC1,COL4A1
PHC1,COL4A2
PHC1,CTDSPL
PHC1,DTX3L
PHC1,EPAS1
PHC1,ERP29
PHC1,FGF3
PHC1,FOXA2
PHC1,FST
PHC1,GATA4
PHC1,GATA6
PHC1,HMGA1
PHC1,HS3ST1
PHC1,JUN
PHC1,KLF2
PHC1,MSH2
PHC1,MSX2
PHC1,MYC
PHC1,NFYA
PHC1,OTX2
PHC1,PDGFRA
PHC1,PHLDB2
PHC1,SMARCA2
PHC1,TBX3
PHC1,WDR46
PHC1,ZIC2
POU5F1,1700061G19RIK
POU5F1,AES
POU5F1,ANP32A
POU5F1,B4GALNT4
POU5F1,BAZ2A
POU5F1,BMPER
POU5F1,CBX7
POU5F1,CNOT3
POU5F1,COBL
POU5F1,CRYAB
POU5F1,DOCK5
POU5F1,DTX1
POU5F1,DTX3L
POU5F1,DUSP27
POU5F1,EPHA1
POU5F1,ESRRB
POU5F1,FGD1
POU5F1,FGF3
POU5F1,FGFR1
POU5F1,FST
POU5F1,GNAS
POU5F1,GOT1
POU5F1,GPA33
POU5F1,ITPK1
POU5F1,JAM2
POU5F1,MBNL2
POU5F1,MSX2
POU5F1,NCOR2
POU5F1,NMNAT2
POU5F1,NPHS1
POU5F1,PCGF2
POU5F1,PCGF6
POU5F1,PECAM1
POU5F1,PRDX4
POU5F1,PRKAA2
POU5F1,RXRA
POU5F1,SALL1
POU5F1,SEC24D
POU5F1,SMYD2
POU5F1,SOX17
POU5F1,SPARC
POU5F1,SRI
POU5F1,STX3
POU5F1,TRH
POU5F1,TYRO3
POU5F1,USP7
POU5F1,ZC3H7A
POU5F1,ZFYVE21
PRDM14,ABHD5
PRDM14,ADAM19
PRDM14,ADAMTS9
PRDM14,AEBP2
PRDM14,ALDH2
PRDM14,ALPL
PRDM14,ARID3A
PRDM14,ASS1
PRDM14,ATP6V0A1
PRDM14,B4GALT1
PRDM14,BMP4
PRDM14,BNC2
PRDM14,BRD2
PRDM14,CALM1
PRDM14,CAR2
PRDM14,CBFA2T2
PRDM14,CBX1
PRDM14,CBX3
PRDM14,CBX7
PRDM14,CCND1
PRDM14,CHD7
PRDM14,CKAP4
PRDM14,CMAH
PRDM14,COL18A1
PRDM14,COMMD3
PRDM14,CTBP2
PRDM14,CTDSPL
PRDM14,CTSD
PRDM14,DARS
PRDM14,DCLK2
PRDM14,DNMT3B
PRDM14,DUSP6
PRDM14,E4F1
PRDM14,EED
PRDM14,EHMT2
PRDM14,EPAS1
PRDM14,ETV4
PRDM14,ETV5
PRDM14,FABP3
PRDM14,FAM129B
PRDM14,FGD1
PRDM14,FGFR1
PRDM14,FGFR4
PRDM14,FLRT3
PRDM14,FN1
PRDM14,FOXA2
PRDM14,FXYD6
PRDM14,GFPT2
PRDM14,GGTA1
PRDM14,GLI2
PRDM14,GSR
PRDM14,H13
PRDM14,HDAC3
PRDM14,HEXIM1
PRDM14,HKDC1
PRDM14,HSPB1
PRDM14,HSPG2
PRDM14,IER2
PRDM14,IFITM1
PRDM14,IGFBP2
PRDM14,ILDR1
PRDM14,ITGA6
PRDM14,JARID2
PRDM14,JUN
PRDM14,KLF2
PRDM14,KLF4
PRDM14,KLF5
PRDM14,KRT42
PRDM14,LAMA1
PRDM14,LDLRAP1
PRDM14,LRPAP1
PRDM14,LRRC2
PRDM14,MAX
PRDM14,MED12
PRDM14,MKRN1
PRDM14,MSX2
PRDM14,MYC
PRDM14,MYCN
PRDM14,MYLPF
PRDM14,NCOR1
PRDM14,NFXL1
PRDM14,NMNAT2
PRDM14,NODAL
PRDM14,NONO
PRDM14,NPM1
PRDM14,NR4A1
PRDM14,NR5A2
PRDM14,OGT
PRDM14,OPLAH
PRDM14,PAFAH1B3
PRDM14,PCBD1
PRDM14,PDCD6IP
PRDM14,PDGFRA
PRDM14,PDK1
PRDM14,PECAM1
PRDM14,PITPNC1
PRDM14,PLEKHF2
PRDM14,PML
PRDM14,POFUT2
PRDM14,POU5F1
PRDM14,PTOV1
PRDM14,PTPN14
PRDM14,RARA
PRDM14,RARG
PRDM14,RASGRP2
PRDM14,RBPMS2
PRDM14,RCC2
PRDM14,RPN1
PRDM14,RPN2
PRDM14,RYBP
PRDM14,SALL1
PRDM14,SALL4
PRDM14,SETDB1
PRDM14,SHF
PRDM14,SIK1
PRDM14,SMARCAD1
PRDM14,SNURF
PRDM14,SOX2
PRDM14,SPARC
PRDM14,SPOCK1
PRDM14,SPP1
PRDM14,SRGN
PRDM14,STAG2
PRDM14,TBX3
PRDM14,TCEA3
PRDM14,TCF12
PRDM14,TCOF1
PRDM14,TET2
PRDM14,TGIF1
PRDM14,TIMP3
PRDM14,TLE4
PRDM14,TMED10
PRDM14,TPD52
PRDM14,TRH
PRDM14,TUBB2B
PRDM14,UPP1
PRDM14,USP28
PRDM14,UTF1
PRDM14,XBP1
PRDM14,XPNPEP1
PRDM14,ZFHX3
PRDM14,ZFP281
PRDM14,ZFP532
PRDM14,ZIC3
REST,ABHD5
REST,ADAM23
REST,ANXA4
REST,APAF1
REST,ARHGAP1
REST,ARID1A
REST,B4GALNT4
REST,CALM1
REST,CARHSP1
REST,CDH6
REST,CDK8
REST,CKAP4
REST,CMKLR1
REST,COBL
REST,DICER1
REST,DMAP1
REST,DPF2
REST,DPPA2
REST,ESRRB
REST,FOXA2
REST,FXYD6
REST,GFPT2
REST,GMNN
REST,GNS
REST,HAP1
REST,HIRA
REST,HKDC1
REST,HSPA4
REST,IHH
REST,JAM2
REST,KCTD10
REST,LGALS3
REST,MAPKAPK2
REST,MOV10
REST,MRAS
REST,MSH6
REST,MSX2
REST,MYCN
REST,NIPBL
REST,NMNAT2
REST,NPHS1
REST,NR4A1
REST,NR5A2
REST,NRF1
REST,NUP210
REST,PAFAH1B3
REST,PARP1
REST,PCBD1
REST,PDCD6IP
REST,PDE4DIP
REST,PDIA5
REST,PIPOX
REST,PKNOX1
REST,PLAT
REST,PLEKHF2
REST,PLOD3
REST,PRKCE
REST,RAF1
REST,RPP25
REST,RXRA
REST,RYBP
REST,SALL1
REST,SMAD2
REST,SMARCC1
REST,SNURF
REST,SNX2
REST,SPOCK1
REST,SS18
REST,TBX3
REST,TCL1
REST,TEX264
REST,TMED9
REST,TRIM28
REST,VAMP3
REST,YY1
REST,ZC3H11A
REST,ZFP281
REST,ZFP322A
RNF2,PLOD1
RNF2,YAF2
SALL1,APPBP2
SALL1,COBL
SALL1,SMC3
SALL1,TLE4
SALL4,ABHD5
SALL4,ACBD3
SALL4,ANP32A
SALL4,ARID3A
SALL4,BASP1
SALL4,BMP4
SALL4,BMPER
SALL4,BRD4
SALL4,CALU
SALL4,CBX7
SALL4,CDH6
SALL4,COBL
SALL4,COL4A1
SALL4,COMMD3
SALL4,CPD
SALL4,CST3
SALL4,DNMT3B
SALL4,DPPA4
SALL4,DUSP6
SALL4,E2F1
SALL4,ERAS
SALL4,ETV4
SALL4,ETV5
SALL4,EZH2
SALL4,FBLIM1
SALL4,FGF4
SALL4,FN1
SALL4,FRS2
SALL4,GCNT2
SALL4,GDF3
SALL4,GORASP2
SALL4,HTATSF1
SALL4,IGFBP2
SALL4,IHH
SALL4,ITGB1
SALL4,ITPK1
SALL4,JAM2
SALL4,JARID2
SALL4,KDELR2
SALL4,KLF2
SALL4,KLF5
SALL4,LAMA1
SALL4,LAMC1
SALL4,LRRC2
SALL4,MAPK8
SALL4,MAX
SALL4,MCAM
SALL4,MOV10
SALL4,MYBL2
SALL4,MYCN
SALL4,NODAL
SALL4,NR0B1
SALL4,OGT
SALL4,PARD6B
SALL4,PDK1
SALL4,POU5F1
SALL4,PTP4A1
SALL4,RAP1GDS1
SALL4,RBBP7
SALL4,RCOR1
SALL4,RTN3
SALL4,RYBP
SALL4,SALL1
SALL4,SERBP1
SALL4,SMARCA2
SALL4,SNURF
SALL4,SOX2
SALL4,SSR1
SALL4,STAG1
SALL4,TBRG1
SALL4,TCF15
SALL4,TCF3
SALL4,TCL1
SALL4,TDH
SALL4,TRH
SALL4,TRIM28
SALL4,TRP53
SALL4,TXNDC5
SALL4,UHRF1
SALL4,UTF1
SALL4,WDR5
SALL4,YAF2
SALL4,ZC3H7A
SALL4,ZFP143
SALL4,ZFP42
SALL4,ZFP532
SETDB1,1700061G19RIK
SETDB1,ADNP
SETDB1,AEBP2
SETDB1,AGPAT4
SETDB1,AIRN
SETDB1,ALDH2
SETDB1,AMFR
SETDB1,ANO10
SETDB1,APP
SETDB1,ARID3A
SETDB1,ARL8A
SETDB1,ARPC2
SETDB1,ARPC5
SETDB1,ASS1
SETDB1,ATF7IP
SETDB1,BAZ2A
SETDB1,BMI1
SETDB1,BMPER
SETDB1,BMPR2
SETDB1,CALM1
SETDB1,CBX5
SETDB1,CBX7
SETDB1,CD63
SETDB1,CDK8
SETDB1,CHD4
SETDB1,CLN6
SETDB1,CMKLR1
SETDB1,COBL
SETDB1,COBLL1
SETDB1,COL18A1
SETDB1,COL4A1
SETDB1,COMMD3
SETDB1,CST3
SETDB1,CTBP2
SETDB1,CTR9
SETDB1,CXXC1
SETDB1,DCLK2
SETDB1,DDX21
SETDB1,DNMT3B
SETDB1,DUSP27
SETDB1,EDEM1
SETDB1,EFEMP2
SETDB1,EHMT2
SETDB1,ELL2
SETDB1,EPAS1
SETDB1,ERP29
SETDB1,EXT2
SETDB1,FAM129B
SETDB1,FGF4
SETDB1,FNDC3B
SETDB1,FOXA2
SETDB1,FRMD4A
SETDB1,FRS2
SETDB1,FXYD3
SETDB1,FXYD6
SETDB1,GABBR1
SETDB1,GATA6
SETDB1,GCNT1
SETDB1,GDF3
SETDB1,GLDC
SETDB1,GLI2
SETDB1,GLIPR2
SETDB1,GNA12
SETDB1,GNAI3
SETDB1,GNAS
SETDB1,GNB2
SETDB1,GPA33
SETDB1,GPC6
SETDB1,GPX3
SETDB1,GSTA4
SETDB1,HMGA1
SETDB1,HSPB1
SETDB1,IER2
SETDB1,IFI30
SETDB1,IFITM1
SETDB1,IFITM2
SETDB1,ILK
SETDB1,ITGA6
SETDB1,ITGB1
SETDB1,JAM2
SETDB1,KCTD10
SETDB1,KDELR3
SETDB1,KLF4
SETDB1,KLF5
SETDB1,KRTCAP2
SETDB1,LAMB2
SETDB1,LDLRAP1
SETDB1,LRP2
SETDB1,LRRC2
SETDB1,LRRC34
SETDB1,LRRC59
SETDB1,LTBP4
SETDB1,MAN1A2
SETDB1,MAPKAPK2
SETDB1,MCAM
SETDB1,MCM2
SETDB1,MCRS1
SETDB1,METTL3
SETDB1,MKRN1
SETDB1,MORC3
SETDB1,MOV10
SETDB1,MRAS
SETDB1,MSH2
SETDB1,MSH6
SETDB1,MSX2
SETDB1,MYBL2
SETDB1,MYC
SETDB1,MYCN
SETDB1,NCAPG
SETDB1,NCOR2
SETDB1,NFXL1
SETDB1,NIPBL
SETDB1,NMNAT2
SETDB1,NOS3
SETDB1,NOTUM
SETDB1,NR0B1
SETDB1,NR5A2
SETDB1,NUP210
SETDB1,OPLAH
SETDB1,OSBP
SETDB1,OTX2
SETDB1,P4HA1
SETDB1,PARD6B
SETDB1,PCOLCE2
SETDB1,PDCD6IP
SETDB1,PDE4DIP
SETDB1,PDIA3
SETDB1,PFKP
SETDB1,PKNOX1
SETDB1,PLA2G1B
SETDB1,PLOD2
SETDB1,POLE4
SETDB1,PRDM14
SETDB1,PSEN1
SETDB1,PTOV1
SETDB1,PTPN14
SETDB1,RAB2A
SETDB1,RAB3IL1
SETDB1,RAP1GDS1
SETDB1,RARG
SETDB1,RBBP5
SETDB1,RBBP7
SETDB1,RBPJ
SETDB1,RCN3
SETDB1,RDM1
SETDB1,RPN1
SETDB1,RPP25
SETDB1,RRN3
SETDB1,SALL1
SETDB1,SAP18
SETDB1,SDCBP
SETDB1,SEC23A
SETDB1,SERPING1
SETDB1,SFRP1
SETDB1,SH3PXD2B
SETDB1,SIRT6
SETDB1,SLC15A1
SETDB1,SLC7A3
SETDB1,SLC7A6
SETDB1,SMARCA2
SETDB1,SMARCAD1
SETDB1,SMC3
SETDB1,SOX2
SETDB1,SPOCK1
SETDB1,SSR1
SETDB1,SUMO2
SETDB1,TCEA3
SETDB1,TCF15
SETDB1,TCL1
SETDB1,TDGF1
SETDB1,TEX264
SETDB1,TGIF1
SETDB1,TGOLN1
SETDB1,TLE4
SETDB1,TMBIM6
SETDB1,TMEM59
SETDB1,TMOD3
SETDB1,TPD52
SETDB1,TRAM1
SETDB1,TRH
SETDB1,TRIM28
SETDB1,TUBB2B
SETDB1,TYRO3
SETDB1,UBA2
SETDB1,UPP1
SETDB1,USP28
SETDB1,USP7
SETDB1,WDR46
SETDB1,XRCC5
SETDB1,YEATS4
SETDB1,YY1
SETDB1,ZBTB2
SETDB1,ZBTB44
SETDB1,ZC3H7A
SETDB1,ZFP532
SMAD1,ACP6
SMAD1,ADAM23
SMAD1,ADNP
SMAD1,AEBP2
SMAD1,ANP32A
SMAD1,CBFA2T2
SMAD1,CHD1
SMAD1,CKAP4
SMAD1,COBL
SMAD1,DUSP27
SMAD1,EP400
SMAD1,ESRRB
SMAD1,FBLIM1
SMAD1,FXYD6
SMAD1,GALK1
SMAD1,GLI2
SMAD1,GNAS
SMAD1,GPA33
SMAD1,GSN
SMAD1,HAP1
SMAD1,HSP90AA1
SMAD1,HSP90AB1
SMAD1,IFITM1
SMAD1,IFITM2
SMAD1,JAM2
SMAD1,JARID2
SMAD1,KLF2
SMAD1,KLHDC3
SMAD1,LRRC2
SMAD1,MBD3
SMAD1,MKRN1
SMAD1,MSH6
SMAD1,MYBL2
SMAD1,MYCN
SMAD1,NCOR1
SMAD1,NODAL
SMAD1,NONO
SMAD1,NR5A2
SMAD1,OTX2
SMAD1,PECAM1
SMAD1,PHC1
SMAD1,PML
SMAD1,POU5F1
SMAD1,PSEN1
SMAD1,RBBP5
SMAD1,RBPJ
SMAD1,RIF1
SMAD1,RRN3
SMAD1,RUVBL2
SMAD1,SALL4
SMAD1,SLC15A1
SMAD1,SLC25A4
SMAD1,SOX2
SMAD1,SPP1
SMAD1,TBX3
SMAD1,TCF3
SMAD1,TDGF1
SMAD1,TDH
SMAD1,TPD52
SMAD1,TRH
SMAD1,TRIM28
SMAD1,TRP53
SMAD1,UPP1
SMAD1,UTF1
SMAD1,ZC3H11A
SMAD1,ZFP459
SMAD1,ZFP532
SMAD1,ZFP57
SMAD1,ZIC3
SOX17,AARS
SOX17,ADAM10
SOX17,ADNP
SOX17,ARID3A
SOX17,ARPC5
SOX17,ATRX
SOX17,BAG2
SOX17,BASP1
SOX17,BMPER
SOX17,CBX3
SOX17,CDC5L
SOX17,CDC73
SOX17,COL4A1
SOX17,CREB3L2
SOX17,CTBP2
SOX17,CXXC1
SOX17,DICER1
SOX17,DPF2
SOX17,DUSP6
SOX17,ERAS
SOX17,ETV4
SOX17,FGFR1
SOX17,GALK1
SOX17,GALNT7
SOX17,GCNT1
SOX17,GNAS
SOX17,GSTA4
SOX17,HCFC1
SOX17,HDLBP
SOX17,HEXIM1
SOX17,HS3ST1
SOX17,HSP90AA1
SOX17,HSP90AB1
SOX17,IER2
SOX17,IFI30
SOX17,IFITM2
SOX17,ITGAV
SOX17,JAM2
SOX17,JARID2
SOX17,KLF4
SOX17,LAMC1
SOX17,METTL3
SOX17,MKRN1
SOX17,MOV10
SOX17,MSH2
SOX17,MSX2
SOX17,MYBL2
SOX17,MYCN
SOX17,MYH9
SOX17,NASP
SOX17,NFYC
SOX17,NONO
SOX17,NR4A1
SOX17,NRF1
SOX17,NUCB1
SOX17,OGT
SOX17,OTX2
SOX17,PAFAH1B3
SOX17,PARP1
SOX17,PHF19
SOX17,PHLDB2
SOX17,PIPOX
SOX17,PTOV1
SOX17,PTP4A1
SOX17,PTPN14
SOX17,PTPN21
SOX17,RAB11A
SOX17,REST
SOX17,RYBP
SOX17,SH3GLB1
SOX17,SMAD2
SOX17,SNX25
SOX17,SPP1
SOX17,SSR3
SOX17,SSR4
SOX17,SUMO2
SOX17,TCF3
SOX17,TCOF1
SOX17,TM9SF3
SOX17,TMED10
SOX17,TMEM144
SOX17,TNKS
SOX17,TSPAN9
SOX17,ZC3H11A
SOX17,ZFP143
SOX17,ZFP42
SOX17,ZFP532
SOX2,1700061G19RIK
SOX2,AARS
SOX2,ACBD3
SOX2,ADAM23
SOX2,ALDH2
SOX2,ALG13
SOX2,AMFR
SOX2,ANP32A
SOX2,APPBP2
SOX2,ATF7IP
SOX2,ATRX
SOX2,B4GALT1
SOX2,BASP1
SOX2,BAZ2A
SOX2,BMI1
SOX2,CALM1
SOX2,CBX7
SOX2,CBX8
SOX2,CDK8
SOX2,CDK9
SOX2,CKAP4
SOX2,CNOT3
SOX2,COBL
SOX2,COL4A1
SOX2,COL4A2
SOX2,COMMD3
SOX2,CREB3L2
SOX2,CTBP2
SOX2,CXXC1
SOX2,DAXX
SOX2,DNMT3B
SOX2,DOCK5
SOX2,DR1
SOX2,DUSP27
SOX2,EDEM1
SOX2,EED
SOX2,EHMT2
SOX2,ELL2
SOX2,EMP2
SOX2,EPAS1
SOX2,EPHA1
SOX2,ERAS
SOX2,FBXO22
SOX2,FGD1
SOX2,FGF4
SOX2,FGFR1
SOX2,FLRT3
SOX2,FNDC3B
SOX2,FOXA2
SOX2,FRS2
SOX2,FUT9
SOX2,FZD5
SOX2,GATA6
SOX2,GCNT1
SOX2,GDF3
SOX2,GFPT2
SOX2,GGA2
SOX2,GLDC
SOX2,GLI2
SOX2,GMNN
SOX2,GNAS
SOX2,GPA33
SOX2,GPC6
SOX2,GSN
SOX2,HDAC1
SOX2,HELB
SOX2,HIRA
SOX2,HS3ST1
SOX2,HSP90AA1
SOX2,IER2
SOX2,IFI30
SOX2,IFITM2
SOX2,ITPK1
SOX2,JAM2
SOX2,JARID2
SOX2,KLF2
SOX2,KLHDC3
SOX2,L1TD1
SOX2,LAMA1
SOX2,LEO1
SOX2,LRP2
SOX2,LRRC2
SOX2,MAGED1
SOX2,MAN1A
SOX2,MAN1A2
SOX2,MAX
SOX2,MORC3
SOX2,MOV10
SOX2,MRAS
SOX2,MSX2
SOX2,MYBL2
SOX2,MYC
SOX2,MYCN
SOX2,MYH9
SOX2,NCOR1
SOX2,NCOR2
SOX2,NFYB
SOX2,NPHS1
SOX2,PARP1
SOX2,PDIA6
SOX2,PHF19
SOX2,PKNOX1
SOX2,POFUT2
SOX2,RAD23B
SOX2,RCC2
SOX2,REST
SOX2,RFFL
SOX2,RNF138
SOX2,RPP25
SOX2,RTN3
SOX2,RXRA
SOX2,RYBP
SOX2,SALL1
SOX2,SAP30
SOX2,SEC24D
SOX2,SETX
SOX2,SHF
SOX2,SLC16A1
SOX2,SLC25A4
SOX2,SLC39A1
SOX2,SLC39A8
SOX2,SMAD2
SOX2,SMYD2
SOX2,SNRPN
SOX2,SNURF
SOX2,SOAT1
SOX2,SOX17
SOX2,SPARC
SOX2,SS18
SOX2,STAG1
SOX2,STX3
SOX2,SUMO1
SOX2,TCL1
SOX2,TDG
SOX2,TDH
SOX2,TEX264
SOX2,TGFBR3
SOX2,TMOD3
SOX2,TPM4
SOX2,TRH
SOX2,TYRO3
SOX2,USP28
SOX2,UTF1
SOX2,ZBTB44
SOX2,ZC3H11A
SOX2,ZFP217
SOX2,ZIC2
STAT3,1700061G19RIK
STAT3,AARS
STAT3,APOBEC3
STAT3,B4GALNT4
STAT3,BRD2
STAT3,CBX3
STAT3,CCND1
STAT3,CD63
STAT3,CDK7
STAT3,COBL
STAT3,COL27A1
STAT3,CTSZ
STAT3,CXXC1
STAT3,DDB1
STAT3,EFEMP2
STAT3,ERF
STAT3,EZH2
STAT3,FABP3
STAT3,FBXW8
STAT3,FGFR1
STAT3,FN1
STAT3,FOXA2
STAT3,GALNT7
STAT3,GATA6
STAT3,GFPT2
STAT3,GLDC
STAT3,GLO1
STAT3,GNAS
STAT3,GNB2
STAT3,GNS
STAT3,GSR
STAT3,HELB
STAT3,HIRIP3
STAT3,IER2
STAT3,IFITM2
STAT3,ITGB1
STAT3,JAM2
STAT3,KRT42
STAT3,LAMA1
STAT3,LDLRAP1
STAT3,LRRC2
STAT3,LRRC34
STAT3,MAN1A
STAT3,MAN1A2
STAT3,MBD3
STAT3,MCM2
STAT3,MCRS1
STAT3,MRAS
STAT3,MSH6
STAT3,MYBL2
STAT3,MYC
STAT3,MYCN
STAT3,NACC1
STAT3,NANOG
STAT3,NASP
STAT3,NFXL1
STAT3,OPLAH
STAT3,PCOLCE
STAT3,PDGFRA
STAT3,PHF19
STAT3,PIPOX
STAT3,PKNOX1
STAT3,POU5F1
STAT3,PRDX1
STAT3,PRKCE
STAT3,PTP4A1
STAT3,RAB3IL1
STAT3,RARG
STAT3,RBBP5
STAT3,REST
STAT3,RIF1
STAT3,RRN3
STAT3,RYBP
STAT3,SALL4
STAT3,SFRP1
STAT3,SLC15A1
STAT3,SLC25A4
STAT3,SMAD2
STAT3,SOX2
STAT3,STAG1
STAT3,TCEA3
STAT3,TDGF1
STAT3,TMED9
STAT3,TPD52
STAT3,TPM4
STAT3,TRH
STAT3,UPP1
STAT3,ZFP42
STAT3,ZFP459
STAT3,ZFP57
SUZ12,AIRN
SUZ12,ERP29
SUZ12,KDELR1
SUZ12,NPHS1
SUZ12,TCF3
SUZ12,YAF2
TBX3,AEBP2
TBX3,ANP32A
TBX3,ASPH
TBX3,B4GALT1
TBX3,BMI1
TBX3,BMP4
TBX3,CHD1
TBX3,CHMP4B
TBX3,COBL
TBX3,COL18A1
TBX3,CTBP2
TBX3,DNMT3B
TBX3,DR1
TBX3,EZH2
TBX3,FBLIM1
TBX3,FRMD4A
TBX3,GALNT7
TBX3,GGTA1
TBX3,GHR
TBX3,GLDC
TBX3,GLI2
TBX3,GNG10
TBX3,GPC6
TBX3,IFITM2
TBX3,JARID2
TBX3,KLF2
TBX3,KLF4
TBX3,KLF5
TBX3,LRP2
TBX3,MED12
TBX3,MTF2
TBX3,MYBL2
TBX3,MYC
TBX3,MYCN
TBX3,NR5A2
TBX3,PDIA6
TBX3,PNP
TBX3,PRDM14
TBX3,RAF1
TBX3,RFFL
TBX3,RPN2
TBX3,RXRA
TBX3,RYBP
TBX3,SALL1
TBX3,SALL4
TBX3,SERPING1
TBX3,SMYD2
TBX3,SPOCK1
TBX3,TDH
TBX3,THAP11
TBX3,TRH
TBX3,TYRO3
TBX3,ZFP42
TBX3,ZIC3
TCF3,1700061G19RIK
TCF3,ADAM23
TCF3,AKT1
TCF3,ALDH2
TCF3,ANP32A
TCF3,CLCN5
TCF3,COBL
TCF3,COMMD3
TCF3,DDX21
TCF3,DUSP27
TCF3,ELL2
TCF3,ERAS
TCF3,FGD1
TCF3,FGF10
TCF3,FGFR1
TCF3,FRS2
TCF3,GATA6
TCF3,GDF3
TCF3,GLI2
TCF3,GPA33
TCF3,GPC6
TCF3,GPX3
TCF3,HIRIP3
TCF3,IFITM2
TCF3,IGFBP2
TCF3,IHH
TCF3,ITGA6
TCF3,JAM2
TCF3,JUN
TCF3,KLF2
TCF3,KRT8
TCF3,LRRC2
TCF3,MAN1A
TCF3,MAX
TCF3,MCAM
TCF3,MCM2
TCF3,MCRS1
TCF3,MSH2
TCF3,MSX2
TCF3,MYBL2
TCF3,MYH9
TCF3,NPHS1
TCF3,PARP1
TCF3,PECAM1
TCF3,PFKP
TCF3,PITPNC1
TCF3,PLA2G1B
TCF3,PRDX4
TCF3,RBBP5
TCF3,SAP30
TCF3,SHF
TCF3,SIN3A
TCF3,SOAT1
TCF3,SPARC
TCF3,STX3
TCF3,TCL1
TCF3,TDGF1
TCF3,TGFBR3
TCF3,TMED2
TCF3,TMEM59
TCF3,TRH
TCF3,TRP53
TCF3,TYRO3
TCF3,UTF1
TCF3,YAF2
TRIM28,AARS
TRIM28,ADAM19
TRIM28,ANK
TRIM28,ARF1
TRIM28,ARF4
TRIM28,ARPC5
TRIM28,ASS1
TRIM28,ATF7IP
TRIM28,B4GALT1
TRIM28,BAG2
TRIM28,BMI1
TRIM28,BMPER
TRIM28,CAR2
TRIM28,CBX2
TRIM28,CBX3
TRIM28,CDC5L
TRIM28,CDC73
TRIM28,CNOT3
TRIM28,COL4A1
TRIM28,COL4A2
TRIM28,COMMD3
TRIM28,COPB1
TRIM28,CREB3
TRIM28,CTBP2
TRIM28,CTCF
TRIM28,DAP
TRIM28,DNMT3B
TRIM28,DUSP27
TRIM28,E2F4
TRIM28,EED
TRIM28,ELL3
TRIM28,EZH2
TRIM28,FBXO22
TRIM28,FGFR1
TRIM28,FGFR4
TRIM28,FNDC3B
TRIM28,FRS2
TRIM28,FZD5
TRIM28,GATA6
TRIM28,GDPD5
TRIM28,GGA2
TRIM28,GLIPR2
TRIM28,GMNN
TRIM28,GPA33
TRIM28,GSR
TRIM28,HDAC2
TRIM28,HIRA
TRIM28,HMGA1
TRIM28,HSP90AA1
TRIM28,HSPA4
TRIM28,IER2
TRIM28,IFITM1
TRIM28,IHH
TRIM28,ITGAV
TRIM28,JUN
TRIM28,KLF5
TRIM28,LAMA1
TRIM28,LDLRAP1
TRIM28,LRRC58
TRIM28,LRRC59
TRIM28,MAN1A2
TRIM28,MBD2
TRIM28,MEN1
TRIM28,MKRN1
TRIM28,MSH6
TRIM28,MSX2
TRIM28,MTA2
TRIM28,MYBL2
TRIM28,NANOG
TRIM28,NCAPD3
TRIM28,NFYC
TRIM28,PCGF2
TRIM28,PCGF6
TRIM28,PDCD6IP
TRIM28,PDE4DIP
TRIM28,PDIA5
TRIM28,PDIA6
TRIM28,PHF5A
TRIM28,PHLDB2
TRIM28,POFUT2
TRIM28,PRKAA2
TRIM28,PRKCE
TRIM28,PTP4A1
TRIM28,PURB
TRIM28,REEP5
TRIM28,RER1
TRIM28,RNF2
TRIM28,RPN2
TRIM28,SALL1
TRIM28,SAP18
TRIM28,SAP30
TRIM28,SEC24A
TRIM28,SETDB1
TRIM28,SETX
TRIM28,SFRP1
TRIM28,SLC25A4
TRIM28,SLC35F5
TRIM28,SLC7A6
TRIM28,SMAD3
TRIM28,SOD1
TRIM28,SOX17
TRIM28,SPOCK1
TRIM28,SS18
TRIM28,STAG1
TRIM28,TCF12
TRIM28,TCF15
TRIM28,TCF3
TRIM28,TGIF2
TRIM28,TLE4
TRIM28,TM9SF3
TRIM28,TMED10
TRIM28,TMEM9B
TRIM28,TMOD3
TRIM28,TPD52
TRIM28,USP16
TRIM28,UTF1
TRIM28,UTP14A
TRIM28,VAMP3
TRIM28,XBP1
TRIM28,XPNPEP1
TRIM28,YEATS4
TRIM28,YY1
TRIM28,ZBTB44
TRIM28,ZC3H7A
TRIM28,ZFP281
TRIM28,ZFP428
YY1,FGFR4
YY1,IER2
YY1,P4HA2
YY1,SNURF
YY1,TET1
YY1,TYRO3
ZFP281,GPA33
ZFP281,LRRC2
ZFP281,TCL1
ZFP42,ALDH2
ZFP42,ANP32A
ZFP42,APOBEC3
ZFP42,ASS1
ZFP42,BASP1
ZFP42,COL4A2
ZFP42,DAXX
ZFP42,E2F4
ZFP42,EMP2
ZFP42,EPAS1
ZFP42,ETV1
ZFP42,ETV4
ZFP42,FRS2
ZFP42,GCNT2
ZFP42,GNAS
ZFP42,GPA33
ZFP42,HEXIM1
ZFP42,HSPA4
ZFP42,KRT42
ZFP42,LRRC2
ZFP42,NUCB1
ZFP42,PCOLCE
ZFP42,PLOD1
ZFP42,REST
ZFP42,SOX17
ZFP42,TDGF1
ZFP42,UBTF
ZFX,ABHD5
ZFX,ACBD3
ZFX,ACP6
ZFX,ADAM19
ZFX,AES
ZFX,AKT1
ZFX,AMFR
ZFX,AP2A2
ZFX,APPBP2
ZFX,ARF1
ZFX,ARF4
ZFX,ARF5
ZFX,ARFGAP1
ZFX,ARID1A
ZFX,ARL8A
ZFX,ARPC2
ZFX,ASPH
ZFX,ATP6V0E
ZFX,ATRX
ZFX,B4GALNT4
ZFX,B4GALT1
ZFX,BAG2
ZFX,BAZ1B
ZFX,BRD2
ZFX,BTAF1
ZFX,CALM1
ZFX,CALR
ZFX,CBFA2T2
ZFX,CBX1
ZFX,CBX2
ZFX,CBX3
ZFX,CBX5
ZFX,CBX7
ZFX,CD63
ZFX,CDC42SE2
ZFX,CDK7
ZFX,CDK9
ZFX,CHMP4B
ZFX,CLN6
ZFX,CLTC
ZFX,CNOT3
ZFX,COBL
ZFX,COPB1
ZFX,CREBBP
ZFX,CRTC3
ZFX,CTCF
ZFX,CTSL
ZFX,CTSZ
ZFX,DARS
ZFX,DDB1
ZFX,DDOST
ZFX,DDX21
ZFX,DERL1
ZFX,DGCR8
ZFX,DICER1
ZFX,E2F4
ZFX,E4F1
ZFX,EFEMP2
ZFX,EIF2S2
ZFX,ELL
ZFX,EP400
ZFX,ESRRB
ZFX,ETV4
ZFX,ETV5
ZFX,EXT2
ZFX,FBXW8
ZFX,FKBP9
ZFX,FOXH1
ZFX,FRS2
ZFX,FZD5
ZFX,GABBR1
ZFX,GALK1
ZFX,GALNT7
ZFX,GFPT2
ZFX,GLDC
ZFX,GLO1
ZFX,GMNN
ZFX,GNA12
ZFX,GORASP2
ZFX,GSR
ZFX,HDAC2
ZFX,HDLBP
ZFX,HSP90AA1
ZFX,HSP90AB1
ZFX,HSPA4
ZFX,IER2
ZFX,ITGB1
ZFX,ITPK1
ZFX,KDELR1
ZFX,KLF2
ZFX,KLHDC3
ZFX,L1TD1
ZFX,LAMB2
ZFX,LAMP1
ZFX,LRPAP1
ZFX,MBD3
ZFX,MCRS1
ZFX,MDN1
ZFX,METTL3
ZFX,MRAS
ZFX,MSH6
ZFX,MTA2
ZFX,MYBL2
ZFX,NCAPD3
ZFX,NCAPH2
ZFX,NCOR2
ZFX,NFXL1
ZFX,NFYA
ZFX,NFYB
ZFX,NFYC
ZFX,NIPBL
ZFX,NIPSNAP1
ZFX,NONO
ZFX,NRF1
ZFX,NUP210
ZFX,PARP1
ZFX,PCBD1
ZFX,PDIA3
ZFX,PDIA6
ZFX,PDK1
ZFX,PLOD3
ZFX,PML
ZFX,POU5F1
ZFX,PPIB
ZFX,PRDX1
ZFX,PTOV1
ZFX,PTP4A1
ZFX,PWP1
ZFX,RAD21
ZFX,RAD23B
ZFX,RANBP17
ZFX,REEP5
ZFX,RIF1
ZFX,RNF138
ZFX,RPN1
ZFX,RPN2
ZFX,RPP25
ZFX,RRAS2
ZFX,RRN3
ZFX,RUVBL1
ZFX,RUVBL2
ZFX,RXRA
ZFX,SEC11A
ZFX,SEC24A
ZFX,SERBP1
ZFX,SERPINH1
ZFX,SET
ZFX,SETX
ZFX,SLC25A4
ZFX,SLC39A7
ZFX,SMAD1
ZFX,SMYD2
ZFX,SNX2
ZFX,SOD1
ZFX,SS18
ZFX,SSR1
ZFX,SSR3
ZFX,STAT3
ZFX,STX3
ZFX,SURF4
ZFX,TBX3
ZFX,TCF12
ZFX,TCF15
ZFX,TCL1
ZFX,TDGF1
ZFX,TEX264
ZFX,TFRC
ZFX,THAP11
ZFX,TMED10
ZFX,TMED2
ZFX,TMED3
ZFX,TMEM165
ZFX,TMOD3
ZFX,TNKS
ZFX,TPM4
ZFX,TRAM1
ZFX,TRIM28
ZFX,TXNDC5
ZFX,TYRO3
ZFX,USP28
ZFX,USP7
ZFX,VAMP3
ZFX,VAMP8
ZFX,WDR5
ZFX,YAF2
ZFX,ZBTB2
ZFX,ZBTB44
ZFX,ZC3H11A
ZFX,ZFP143
ZFX,ZFP532
ZIC3,AEBP2
ZIC3,BASP1
ZIC3,COMMD3
ZIC3,DUSP27
ZIC3,EHMT2
ZIC3,ETV5
ZIC3,FRS2
ZIC3,IFITM2
ZIC3,JARID2
ZIC3,KLF2
ZIC3,MYCN
ZIC3,NODAL
ZIC3,OGT
ZIC3,PHC1
ZIC3,REEP5
ZIC3,SLC7A3
ZIC3,SNURF
ZIC3,TDGF1
ZIC3,TGFBR3
ZIC3,TRH
ZIC3,TRP53
ZIC3,ZFP57
